order_id,promised_delivery_date,actual_delivery_date,delivery_partner,delivery_status
ORD000001,2025-06-15,2025-06-17,Delhivery,Delivered
ORD000003,2026-07-14,2026-07-21,Delhivery,Delivered
ORD000004,2025-05-15,2025-05-15,Ekart,Delivered
ORD000005,2026-04-17,2026-04-19,Shadowfax,Delivered
ORD000006,2026-07-14,2026-07-21,Ekart,Delivered
ORD000007,2026-06-04,2026-06-05,Xpressbees,Delivered
ORD000009,2026-05-13,2026-05-13,Ekart,Delivered
ORD000010,2025-06-20,2025-06-20,Xpressbees,Delivered
ORD000011,2026-08-25,2026-08-25,Ekart,Delivered
ORD000012,2025-12-27,2025-12-30,BlueDart,Delivered
ORD000013,2026-04-20,2026-04-21,Xpressbees,Delivered
ORD000014,2026-03-11,,Shadowfax,In Transit/Lost
ORD000015,2026-08-08,2026-08-08,Delhivery,Delivered
ORD000016,2025-09-25,2025-09-26,Xpressbees,Delivered
ORD000017,2026-05-23,2026-05-24,Ekart,Delivered
ORD000018,2025-09-23,2025-09-24,Ekart,Delivered
ORD000019,2025-10-03,2025-10-04,Shadowfax,Delivered
ORD000020,2026-06-29,2026-06-29,Xpressbees,Delivered
ORD000021,2025-11-11,2025-11-11,Xpressbees,Delivered
ORD000022,2026-07-17,2026-07-19,BlueDart,Delivered
ORD000023,2026-05-17,,Delhivery,In Transit/Lost
ORD000024,2025-10-18,,Delhivery,In Transit/Lost
ORD000027,2025-05-05,2025-05-05,Shadowfax,Delivered
ORD000028,2025-06-13,2025-06-13,Delhivery,Delivered
ORD000030,2025-12-19,2025-12-19,Delhivery,Delivered
ORD000031,2026-06-01,2026-06-08,Xpressbees,Delivered
ORD000033,2026-07-08,,BlueDart,In Transit/Lost
ORD000034,2026-01-13,,BlueDart,In Transit/Lost
ORD000035,2026-08-30,2026-08-30,Ekart,Delivered
ORD000036,2026-05-18,2026-05-21,BlueDart,Delivered
ORD000037,2025-05-11,,Delhivery,In Transit/Lost
ORD000038,2025-05-15,2025-05-15,Delhivery,Delivered
ORD000040,2026-08-11,2026-08-11,BlueDart,Delivered
ORD000041,2025-06-21,2025-06-22,BlueDart,Delivered
ORD000042,2025-08-22,2025-08-22,Xpressbees,Delivered
ORD000043,2025-10-07,2025-10-07,Ekart,Delivered
ORD000044,2025-05-11,2025-05-11,Delhivery,Delivered
ORD000045,2025-06-30,,Ekart,In Transit/Lost
ORD000046,2026-05-13,2026-05-13,Delhivery,Delivered
ORD000047,2025-08-11,2025-08-11,Ekart,Delivered
ORD000048,2025-12-04,2025-12-05,Ekart,Delivered
ORD000049,2025-08-09,,Delhivery,In Transit/Lost
ORD000051,2026-03-11,2026-03-11,Shadowfax,Delivered
ORD000052,2025-06-09,2025-06-09,Shadowfax,Delivered
ORD000053,2025-05-29,2025-05-29,BlueDart,Delivered
ORD000054,2026-01-27,2026-01-27,Xpressbees,Delivered
ORD000055,2025-04-14,2025-04-14,Delhivery,Delivered
ORD000056,2026-07-02,2026-07-09,Delhivery,Delivered
ORD000057,2025-10-26,2025-10-27,Ekart,Delivered
ORD000058,2026-06-28,,Delhivery,In Transit/Lost
ORD000059,2026-08-01,2026-08-02,Delhivery,Delivered
ORD000060,2025-06-03,2025-06-03,Delhivery,Delivered
ORD000061,2025-10-08,2025-10-11,Shadowfax,Delivered
ORD000062,2026-06-24,2026-07-01,Ekart,Delivered
ORD000063,2026-08-19,2026-08-19,BlueDart,Delivered
ORD000064,2025-10-11,2025-10-11,Delhivery,Delivered
ORD000065,2026-03-29,2026-03-31,Ekart,Delivered
ORD000066,2025-12-24,2025-12-24,Shadowfax,Delivered
ORD000067,2025-08-13,2025-08-13,Delhivery,Delivered
ORD000068,2026-07-09,,Ekart,In Transit/Lost
ORD000069,2026-03-29,2026-04-05,Shadowfax,Delivered
ORD000070,2026-02-22,,Delhivery,In Transit/Lost
ORD000071,2026-03-08,2026-03-10,BlueDart,Delivered
ORD000072,2026-04-28,2026-04-28,Delhivery,Delivered
ORD000073,2025-08-03,2025-08-03,Shadowfax,Delivered
ORD000074,2026-06-10,2026-06-10,Shadowfax,Delivered
ORD000075,2025-03-29,2025-03-29,Shadowfax,Delivered
ORD000076,2026-06-27,2026-06-27,Ekart,Delivered
ORD000077,2025-08-29,2025-09-01,Shadowfax,Delivered
ORD000078,2025-06-16,2025-06-16,Xpressbees,Delivered
ORD000079,2025-10-24,2025-10-25,Xpressbees,Delivered
ORD000080,2025-05-02,2025-05-02,Ekart,Delivered
ORD000081,2025-10-18,2025-10-18,Delhivery,Delivered
ORD000082,2025-11-27,2025-11-27,Ekart,Delivered
ORD000083,2025-05-14,2025-05-15,BlueDart,Delivered
ORD000084,2025-11-30,2025-12-03,Delhivery,Delivered
ORD000085,2026-03-04,2026-03-06,Shadowfax,Delivered
ORD000086,2026-07-23,2026-07-24,Shadowfax,Delivered
ORD000087,2025-12-01,,Shadowfax,In Transit/Lost
ORD000088,2025-05-10,2025-05-10,Shadowfax,Delivered
ORD000089,2026-04-23,2026-04-30,Ekart,Delivered
ORD000091,2026-08-04,,Xpressbees,In Transit/Lost
ORD000092,2026-05-13,,BlueDart,In Transit/Lost
ORD000093,2025-07-09,2025-07-11,Delhivery,Delivered
ORD000094,2025-09-19,2025-09-19,Xpressbees,Delivered
ORD000095,2025-09-10,2025-09-11,Xpressbees,Delivered
ORD000096,2026-09-13,2026-09-15,Delhivery,Delivered
ORD000097,2025-12-10,2025-12-12,Delhivery,Delivered
ORD000098,2026-04-08,2026-04-08,Shadowfax,Delivered
ORD000099,2025-12-06,2025-12-06,BlueDart,Delivered
ORD000100,2025-08-22,2025-08-23,Xpressbees,Delivered
ORD000101,2025-04-12,2025-04-19,BlueDart,Delivered
ORD000102,2025-06-18,2025-06-19,Delhivery,Delivered
ORD000103,2025-12-04,2025-12-04,BlueDart,Delivered
ORD000104,2026-03-03,2026-03-06,Ekart,Delivered
ORD000105,2025-09-12,2025-09-12,Delhivery,Delivered
ORD000106,2025-04-11,2025-04-11,Ekart,Delivered
ORD000109,2026-08-11,2026-08-11,Xpressbees,Delivered
ORD000110,2025-10-05,,Ekart,In Transit/Lost
ORD000111,2025-11-10,,BlueDart,In Transit/Lost
ORD000114,2026-07-04,,Xpressbees,In Transit/Lost
ORD000115,2026-08-22,2026-08-23,Delhivery,Delivered
ORD000116,2026-03-30,,Delhivery,In Transit/Lost
ORD000118,2026-03-03,2026-03-03,Shadowfax,Delivered
ORD000119,2025-05-07,2025-05-10,Ekart,Delivered
ORD000120,2025-04-29,2025-05-06,Shadowfax,Delivered
ORD000121,2025-10-30,2025-10-30,Ekart,Delivered
ORD000122,2025-09-02,2025-09-02,Xpressbees,Delivered
ORD000124,2026-07-06,2026-07-09,Ekart,Delivered
ORD000125,2026-01-01,2026-01-01,Delhivery,Delivered
ORD000126,2026-03-21,,Ekart,In Transit/Lost
ORD000127,2025-08-12,2025-08-12,Ekart,Delivered
ORD000128,2026-06-14,2026-06-15,Delhivery,Delivered
ORD000129,2025-05-14,2025-05-15,Shadowfax,Delivered
ORD000130,2026-07-23,,Delhivery,In Transit/Lost
ORD000131,2025-09-24,,Delhivery,In Transit/Lost
ORD000132,2026-05-05,2026-05-08,Shadowfax,Delivered
ORD000133,2025-06-19,2025-06-19,Shadowfax,Delivered
ORD000134,2025-09-27,2025-09-30,Ekart,Delivered
ORD000135,2025-11-07,2025-11-07,Delhivery,Delivered
ORD000136,2025-12-04,,Delhivery,In Transit/Lost
ORD000138,2025-06-17,2025-06-17,Ekart,Delivered
ORD000139,2026-04-05,2026-04-06,BlueDart,Delivered
ORD000140,2025-10-02,2025-10-04,Xpressbees,Delivered
ORD000141,2026-04-03,2026-04-03,Ekart,Delivered
ORD000142,2025-10-20,2025-10-23,BlueDart,Delivered
ORD000143,2025-03-30,2025-03-30,BlueDart,Delivered
ORD000144,2026-05-19,2026-05-20,Delhivery,Delivered
ORD000145,2026-02-08,2026-02-15,Delhivery,Delivered
ORD000146,2025-05-07,2025-05-07,Ekart,Delivered
ORD000147,2026-03-18,2026-03-19,Shadowfax,Delivered
ORD000149,2025-09-15,2025-09-16,Delhivery,Delivered
ORD000150,2026-09-08,2026-09-15,Delhivery,Delivered
ORD000151,2026-08-15,2026-08-15,Ekart,Delivered
ORD000152,2026-05-01,2026-05-08,Xpressbees,Delivered
ORD000153,2026-04-25,2026-04-27,Delhivery,Delivered
ORD000154,2025-09-09,,BlueDart,In Transit/Lost
ORD000155,2025-06-13,2025-06-13,Xpressbees,Delivered
ORD000156,2025-11-25,2025-11-25,Xpressbees,Delivered
ORD000158,2026-07-02,2026-07-02,Ekart,Delivered
ORD000159,2025-05-25,2025-05-25,Ekart,Delivered
ORD000160,2026-08-29,2026-08-29,Shadowfax,Delivered
ORD000161,2025-10-29,,Delhivery,In Transit/Lost
ORD000162,2025-12-29,2026-01-01,Xpressbees,Delivered
ORD000163,2025-03-25,2025-03-25,Ekart,Delivered
ORD000164,2025-11-24,2025-12-01,BlueDart,Delivered
ORD000165,2026-06-18,2026-06-20,Shadowfax,Delivered
ORD000166,2025-05-29,2025-05-31,Ekart,Delivered
ORD000167,2025-11-22,2025-11-22,Ekart,Delivered
ORD000168,2026-08-31,2026-08-31,Shadowfax,Delivered
ORD000169,2025-05-16,2025-05-19,Shadowfax,Delivered
ORD000170,2025-07-20,2025-07-21,Shadowfax,Delivered
ORD000171,2026-09-05,2026-09-06,Xpressbees,Delivered
ORD000172,2025-11-05,2025-11-05,Xpressbees,Delivered
ORD000173,2026-01-14,,Xpressbees,In Transit/Lost
ORD000175,2025-10-13,2025-10-13,BlueDart,Delivered
ORD000176,2025-09-28,2025-10-01,Shadowfax,Delivered
ORD000177,2026-08-19,2026-08-22,Xpressbees,Delivered
ORD000178,2026-08-30,2026-09-02,Ekart,Delivered
ORD000179,2026-01-31,2026-01-31,Xpressbees,Delivered
ORD000180,2025-04-02,2025-04-04,Delhivery,Delivered
ORD000181,2026-06-05,,BlueDart,In Transit/Lost
ORD000182,2025-04-03,2025-04-06,Shadowfax,Delivered
ORD000184,2025-12-20,2025-12-20,Shadowfax,Delivered
ORD000185,2026-07-07,2026-07-10,Shadowfax,Delivered
ORD000186,2026-04-06,,Ekart,In Transit/Lost
ORD000187,2026-03-08,2026-03-08,Xpressbees,Delivered
ORD000188,2025-11-25,2025-11-27,Xpressbees,Delivered
ORD000189,2025-11-02,2025-11-02,Ekart,Delivered
ORD000190,2025-10-02,2025-10-02,Delhivery,Delivered
ORD000191,2026-01-11,2026-01-11,Xpressbees,Delivered
ORD000192,2025-12-30,2025-12-30,Delhivery,Delivered
ORD000193,2026-05-10,,Ekart,In Transit/Lost
ORD000194,2025-05-25,2025-05-25,Shadowfax,Delivered
ORD000195,2025-06-27,2025-06-27,Ekart,Delivered
ORD000196,2025-11-12,2025-11-19,Ekart,Delivered
ORD000197,2025-06-28,2025-07-05,Ekart,Delivered
ORD000198,2026-02-09,2026-02-11,Xpressbees,Delivered
ORD000199,2026-01-13,,Xpressbees,In Transit/Lost
ORD000200,2025-10-16,2025-10-16,Ekart,Delivered
ORD000201,2026-06-23,,Ekart,In Transit/Lost
ORD000202,2026-03-29,,BlueDart,In Transit/Lost
ORD000203,2025-11-14,2025-11-15,Xpressbees,Delivered
ORD000204,2025-08-23,2025-08-23,BlueDart,Delivered
ORD000205,2026-02-24,2026-02-24,Shadowfax,Delivered
ORD000206,2026-08-07,2026-08-07,Shadowfax,Delivered
ORD000207,2026-06-30,,Xpressbees,In Transit/Lost
ORD000208,2026-09-14,2026-09-14,Xpressbees,Delivered
ORD000209,2026-06-01,2026-06-03,Xpressbees,Delivered
ORD000210,2025-05-21,2025-05-22,Shadowfax,Delivered
ORD000211,2026-03-09,2026-03-10,Ekart,Delivered
ORD000212,2026-02-19,2026-02-20,Xpressbees,Delivered
ORD000213,2025-11-03,2025-11-05,BlueDart,Delivered
ORD000214,2025-12-19,2025-12-19,Shadowfax,Delivered
ORD000215,2026-05-04,2026-05-04,Xpressbees,Delivered
ORD000216,2026-08-07,2026-08-08,Delhivery,Delivered
ORD000217,2025-05-18,2025-05-18,Shadowfax,Delivered
ORD000218,2025-11-19,2025-11-19,Xpressbees,Delivered
ORD000220,2025-04-10,2025-04-10,Delhivery,Delivered
ORD000221,2025-08-26,2025-08-26,Xpressbees,Delivered
ORD000222,2025-11-08,2025-11-08,Shadowfax,Delivered
ORD000223,2025-07-22,2025-07-22,Delhivery,Delivered
ORD000224,2025-11-23,2025-11-23,Ekart,Delivered
ORD000225,2025-10-14,,Xpressbees,In Transit/Lost
ORD000226,2025-07-08,2025-07-08,Xpressbees,Delivered
ORD000227,2025-12-02,2025-12-04,Ekart,Delivered
ORD000228,2025-05-29,2025-05-30,Xpressbees,Delivered
ORD000231,2025-11-02,2025-11-05,Delhivery,Delivered
ORD000232,2026-06-10,2026-06-11,Ekart,Delivered
ORD000233,2026-04-07,,Shadowfax,In Transit/Lost
ORD000234,2026-04-28,,Delhivery,In Transit/Lost
ORD000235,2025-03-29,2025-03-29,Ekart,Delivered
ORD000236,2025-10-11,2025-10-18,Delhivery,Delivered
ORD000237,2025-07-22,2025-07-25,Delhivery,Delivered
ORD000238,2025-08-25,2025-08-26,Xpressbees,Delivered
ORD000239,2026-07-13,2026-07-14,BlueDart,Delivered
ORD000240,2025-08-14,2025-08-17,BlueDart,Delivered
ORD000241,2026-06-21,,Ekart,In Transit/Lost
ORD000242,2026-05-27,2026-05-27,BlueDart,Delivered
ORD000244,2025-08-03,2025-08-05,Shadowfax,Delivered
ORD000245,2026-07-24,2026-07-24,BlueDart,Delivered
ORD000246,2025-11-04,2025-11-04,Delhivery,Delivered
ORD000247,2025-04-03,2025-04-04,Xpressbees,Delivered
ORD000248,2025-06-14,,Ekart,In Transit/Lost
ORD000249,2025-10-13,2025-10-13,Shadowfax,Delivered
ORD000250,2026-06-08,2026-06-08,Ekart,Delivered
ORD000251,2026-06-09,2026-06-10,Shadowfax,Delivered
ORD000252,2026-02-12,2026-02-14,BlueDart,Delivered
ORD000253,2025-09-21,2025-09-24,BlueDart,Delivered
ORD000254,2026-08-25,2026-08-25,Xpressbees,Delivered
ORD000255,2026-09-12,2026-09-12,Shadowfax,Delivered
ORD000256,2025-07-31,2025-07-31,Xpressbees,Delivered
ORD000257,2026-08-31,,Xpressbees,In Transit/Lost
ORD000258,2025-07-07,2025-07-07,Delhivery,Delivered
ORD000260,2026-06-15,2026-06-15,Shadowfax,Delivered
ORD000261,2026-05-29,2026-05-29,Ekart,Delivered
ORD000262,2026-01-29,2026-01-31,Delhivery,Delivered
ORD000263,2025-05-31,2025-05-31,Ekart,Delivered
ORD000264,2026-03-02,2026-03-04,Delhivery,Delivered
ORD000265,2026-09-02,2026-09-02,Delhivery,Delivered
ORD000266,2025-06-26,2025-06-27,Ekart,Delivered
ORD000267,2026-07-26,2026-07-26,Ekart,Delivered
ORD000268,2025-12-28,2025-12-31,Delhivery,Delivered
ORD000269,2025-11-14,2025-11-16,Ekart,Delivered
ORD000270,2025-05-18,2025-05-18,Delhivery,Delivered
ORD000271,2026-05-30,2026-05-30,Delhivery,Delivered
ORD000272,2025-12-23,2025-12-23,Xpressbees,Delivered
ORD000273,2026-02-28,2026-02-28,Xpressbees,Delivered
ORD000275,2026-06-22,,Xpressbees,In Transit/Lost
ORD000276,2026-02-25,2026-02-25,Shadowfax,Delivered
ORD000277,2025-08-13,2025-08-15,Delhivery,Delivered
ORD000278,2026-01-15,,Ekart,In Transit/Lost
ORD000279,2026-08-18,2026-08-18,Shadowfax,Delivered
ORD000280,2025-07-12,2025-07-15,Ekart,Delivered
ORD000281,2025-05-12,2025-05-19,BlueDart,Delivered
ORD000282,2025-11-17,2025-11-17,Shadowfax,Delivered
ORD000283,2026-02-28,2026-03-07,Ekart,Delivered
ORD000285,2025-04-07,2025-04-14,Ekart,Delivered
ORD000286,2026-04-09,2026-04-12,Delhivery,Delivered
ORD000287,2026-08-02,2026-08-05,Delhivery,Delivered
ORD000288,2025-05-04,2025-05-11,Delhivery,Delivered
ORD000289,2025-10-17,,Delhivery,In Transit/Lost
ORD000290,2026-04-29,,Xpressbees,In Transit/Lost
ORD000291,2025-06-01,2025-06-04,Xpressbees,Delivered
ORD000293,2026-02-28,2026-03-02,Ekart,Delivered
ORD000294,2025-10-05,2025-10-12,Xpressbees,Delivered
ORD000295,2025-07-30,2025-08-02,Shadowfax,Delivered
ORD000297,2025-09-01,2025-09-01,Ekart,Delivered
ORD000298,2026-01-06,2026-01-09,Ekart,Delivered
ORD000299,2025-08-05,2025-08-08,Xpressbees,Delivered
ORD000301,2026-05-23,2026-05-24,Xpressbees,Delivered
ORD000303,2026-03-13,2026-03-15,Ekart,Delivered
ORD000304,2025-08-20,2025-08-23,BlueDart,Delivered
ORD000305,2026-08-12,2026-08-14,Delhivery,Delivered
ORD000306,2026-02-26,2026-02-27,Delhivery,Delivered
ORD000307,2026-03-05,,Delhivery,In Transit/Lost
ORD000308,2026-01-29,2026-01-30,Ekart,Delivered
ORD000309,2025-05-19,2025-05-22,BlueDart,Delivered
ORD000310,2025-11-28,2025-11-28,Ekart,Delivered
ORD000311,2026-02-07,2026-02-07,Delhivery,Delivered
ORD000312,2025-05-21,2025-05-24,BlueDart,Delivered
ORD000313,2025-08-24,2025-08-26,Xpressbees,Delivered
ORD000314,2026-07-19,2026-07-19,Ekart,Delivered
ORD000315,2025-05-12,2025-05-12,BlueDart,Delivered
ORD000316,2025-12-17,2025-12-18,BlueDart,Delivered
ORD000317,2025-10-07,,Xpressbees,In Transit/Lost
ORD000318,2026-06-18,2026-06-18,Xpressbees,Delivered
ORD000320,2025-12-13,,Delhivery,In Transit/Lost
ORD000322,2025-05-04,2025-05-11,Delhivery,Delivered
ORD000323,2026-08-25,2026-08-26,Shadowfax,Delivered
ORD000324,2025-05-03,2025-05-06,Ekart,Delivered
ORD000325,2026-04-01,,Shadowfax,In Transit/Lost
ORD000326,2025-10-14,2025-10-14,Delhivery,Delivered
ORD000327,2025-09-10,,Delhivery,In Transit/Lost
ORD000328,2026-07-28,2026-07-28,Xpressbees,Delivered
ORD000329,2026-06-02,2026-06-02,Xpressbees,Delivered
ORD000330,2025-06-30,2025-07-02,Shadowfax,Delivered
ORD000331,2025-03-28,2025-03-28,Xpressbees,Delivered
ORD000332,2025-06-29,2025-06-29,Ekart,Delivered
ORD000333,2026-01-25,2026-01-25,Xpressbees,Delivered
ORD000335,2025-04-11,2025-04-11,Xpressbees,Delivered
ORD000336,2026-09-03,2026-09-03,BlueDart,Delivered
ORD000337,2026-09-11,2026-09-12,Shadowfax,Delivered
ORD000338,2025-12-09,2025-12-09,Shadowfax,Delivered
ORD000339,2026-02-18,2026-02-18,BlueDart,Delivered
ORD000340,2026-01-14,2026-01-15,BlueDart,Delivered
ORD000341,2025-06-19,2025-06-26,Ekart,Delivered
ORD000343,2026-08-05,2026-08-08,Delhivery,Delivered
ORD000344,2025-07-06,2025-07-07,Shadowfax,Delivered
ORD000345,2025-04-09,2025-04-11,Xpressbees,Delivered
ORD000346,2025-04-04,2025-04-04,BlueDart,Delivered
ORD000347,2025-12-26,2025-12-28,Delhivery,Delivered
ORD000348,2025-06-14,2025-06-14,Shadowfax,Delivered
ORD000349,2026-07-04,2026-07-04,Delhivery,Delivered
ORD000351,2025-07-18,,BlueDart,In Transit/Lost
ORD000353,2025-07-19,2025-07-21,BlueDart,Delivered
ORD000354,2026-04-22,,Ekart,In Transit/Lost
ORD000355,2026-08-14,2026-08-17,Ekart,Delivered
ORD000356,2025-08-14,,Delhivery,In Transit/Lost
ORD000358,2026-08-22,2026-08-24,Shadowfax,Delivered
ORD000359,2025-09-30,,Shadowfax,In Transit/Lost
ORD000360,2026-01-17,2026-01-24,Xpressbees,Delivered
ORD000361,2025-08-28,2025-08-28,Xpressbees,Delivered
ORD000362,2026-05-02,2026-05-02,Delhivery,Delivered
ORD000364,2025-12-25,,Ekart,In Transit/Lost
ORD000365,2025-10-24,,Delhivery,In Transit/Lost
ORD000366,2025-07-08,2025-07-09,Xpressbees,Delivered
ORD000367,2025-06-27,2025-06-29,Shadowfax,Delivered
ORD000368,2026-04-01,2026-04-04,Shadowfax,Delivered
ORD000369,2026-07-16,2026-07-17,Delhivery,Delivered
ORD000370,2025-08-21,2025-08-28,Xpressbees,Delivered
ORD000371,2025-10-24,2025-10-24,Ekart,Delivered
ORD000372,2026-02-02,2026-02-05,Shadowfax,Delivered
ORD000373,2026-05-11,2026-05-18,Ekart,Delivered
ORD000374,2025-09-10,2025-09-10,Ekart,Delivered
ORD000375,2026-05-28,2026-05-28,Xpressbees,Delivered
ORD000376,2026-08-20,2026-08-20,BlueDart,Delivered
ORD000378,2026-07-15,2026-07-15,Ekart,Delivered
ORD000379,2025-11-08,2025-11-08,Delhivery,Delivered
ORD000380,2026-05-02,2026-05-04,Delhivery,Delivered
ORD000381,2026-06-08,2026-06-08,Shadowfax,Delivered
ORD000382,2026-02-22,2026-02-22,Ekart,Delivered
ORD000384,2025-11-11,2025-11-11,Delhivery,Delivered
ORD000385,2026-01-25,2026-02-01,Delhivery,Delivered
ORD000386,2025-10-12,2025-10-15,Xpressbees,Delivered
ORD000387,2026-02-28,2026-03-03,Delhivery,Delivered
ORD000388,2025-04-28,2025-04-28,Xpressbees,Delivered
ORD000389,2025-06-22,2025-06-22,Delhivery,Delivered
ORD000390,2025-04-13,2025-04-13,BlueDart,Delivered
ORD000391,2025-12-24,2025-12-24,Shadowfax,Delivered
ORD000392,2026-02-04,2026-02-04,Delhivery,Delivered
ORD000393,2025-08-28,2025-08-28,Xpressbees,Delivered
ORD000394,2026-06-12,2026-06-12,Shadowfax,Delivered
ORD000395,2026-03-09,,Ekart,In Transit/Lost
ORD000396,2026-08-26,2026-08-28,Shadowfax,Delivered
ORD000397,2025-09-29,2025-10-02,Delhivery,Delivered
ORD000398,2025-04-08,2025-04-08,Ekart,Delivered
ORD000399,2025-06-28,,Delhivery,In Transit/Lost
ORD000400,2025-09-16,,Ekart,In Transit/Lost
ORD000401,2026-05-26,2026-05-26,Shadowfax,Delivered
ORD000402,2025-10-03,2025-10-03,Xpressbees,Delivered
ORD000403,2025-05-04,2025-05-06,Xpressbees,Delivered
ORD000404,2026-03-14,2026-03-14,Shadowfax,Delivered
ORD000405,2025-10-10,,Ekart,In Transit/Lost
ORD000406,2026-05-18,2026-05-21,Xpressbees,Delivered
ORD000407,2025-05-28,2025-05-28,Delhivery,Delivered
ORD000408,2025-09-14,2025-09-14,Delhivery,Delivered
ORD000410,2025-09-17,2025-09-17,Ekart,Delivered
ORD000411,2025-11-29,2025-11-29,Delhivery,Delivered
ORD000412,2026-05-27,2026-05-30,Ekart,Delivered
ORD000413,2026-07-22,2026-07-22,Xpressbees,Delivered
ORD000414,2026-01-22,2026-01-23,Ekart,Delivered
ORD000415,2025-10-19,2025-10-20,Ekart,Delivered
ORD000416,2026-02-12,2026-02-19,Delhivery,Delivered
ORD000418,2025-05-19,2025-05-19,Ekart,Delivered
ORD000419,2025-08-20,2025-08-23,BlueDart,Delivered
ORD000421,2026-07-13,2026-07-13,Shadowfax,Delivered
ORD000422,2026-07-03,2026-07-06,BlueDart,Delivered
ORD000423,2025-05-02,2025-05-02,BlueDart,Delivered
ORD000424,2026-07-19,2026-07-19,Shadowfax,Delivered
ORD000425,2025-11-06,2025-11-06,Delhivery,Delivered
ORD000426,2026-05-06,2026-05-06,BlueDart,Delivered
ORD000427,2025-09-13,2025-09-13,Ekart,Delivered
ORD000428,2025-09-12,2025-09-14,Xpressbees,Delivered
ORD000430,2026-06-02,2026-06-02,Delhivery,Delivered
ORD000431,2025-12-20,2025-12-21,BlueDart,Delivered
ORD000432,2026-09-11,2026-09-11,Shadowfax,Delivered
ORD000434,2025-06-01,2025-06-08,Shadowfax,Delivered
ORD000435,2025-06-23,,Xpressbees,In Transit/Lost
ORD000436,2025-09-16,2025-09-16,Shadowfax,Delivered
ORD000437,2025-10-16,,Delhivery,In Transit/Lost
ORD000438,2026-01-31,2026-01-31,Shadowfax,Delivered
ORD000439,2025-08-24,2025-08-24,Xpressbees,Delivered
ORD000441,2026-06-30,2026-06-30,Xpressbees,Delivered
ORD000442,2026-09-08,2026-09-08,Xpressbees,Delivered
ORD000443,2026-07-29,2026-07-29,BlueDart,Delivered
ORD000444,2025-08-23,2025-08-26,Shadowfax,Delivered
ORD000445,2026-06-23,2026-06-23,Xpressbees,Delivered
ORD000446,2025-10-26,2025-10-29,Shadowfax,Delivered
ORD000447,2026-07-19,,Ekart,In Transit/Lost
ORD000448,2026-08-01,2026-08-01,Ekart,Delivered
ORD000449,2025-04-13,2025-04-13,Xpressbees,Delivered
ORD000450,2026-03-07,2026-03-07,Shadowfax,Delivered
ORD000451,2025-05-02,2025-05-09,BlueDart,Delivered
ORD000452,2025-05-13,2025-05-13,BlueDart,Delivered
ORD000453,2026-06-01,2026-06-02,Shadowfax,Delivered
ORD000454,2026-04-19,2026-04-22,Shadowfax,Delivered
ORD000455,2025-08-21,2025-08-22,Ekart,Delivered
ORD000456,2026-05-04,2026-05-04,Ekart,Delivered
ORD000458,2026-01-20,2026-01-23,BlueDart,Delivered
ORD000459,2025-09-11,2025-09-11,Delhivery,Delivered
ORD000460,2026-02-16,2026-02-16,Xpressbees,Delivered
ORD000461,2025-10-23,,Shadowfax,In Transit/Lost
ORD000462,2026-04-06,2026-04-07,Delhivery,Delivered
ORD000463,2025-11-26,2025-11-28,BlueDart,Delivered
ORD000464,2026-06-27,,Ekart,In Transit/Lost
ORD000465,2026-08-28,2026-08-28,Shadowfax,Delivered
ORD000466,2025-05-30,,Delhivery,In Transit/Lost
ORD000467,2025-10-12,2025-10-14,Shadowfax,Delivered
ORD000468,2026-02-19,2026-02-19,BlueDart,Delivered
ORD000469,2025-04-07,2025-04-07,Delhivery,Delivered
ORD000472,2025-05-21,2025-05-22,BlueDart,Delivered
ORD000473,2025-09-15,2025-09-15,Ekart,Delivered
ORD000474,2026-03-30,2026-03-30,Shadowfax,Delivered
ORD000475,2025-11-14,2025-11-14,Delhivery,Delivered
ORD000476,2025-06-24,2025-06-25,Xpressbees,Delivered
ORD000477,2025-07-07,2025-07-07,Delhivery,Delivered
ORD000478,2026-07-26,2026-07-26,Xpressbees,Delivered
ORD000479,2025-10-10,2025-10-13,Ekart,Delivered
ORD000480,2026-07-26,2026-07-26,Xpressbees,Delivered
ORD000481,2026-09-09,2026-09-09,Xpressbees,Delivered
ORD000482,2026-08-11,2026-08-14,BlueDart,Delivered
ORD000483,2026-07-06,2026-07-09,Ekart,Delivered
ORD000485,2026-05-21,2026-05-21,Xpressbees,Delivered
ORD000487,2026-08-19,2026-08-19,Shadowfax,Delivered
ORD000488,2025-05-02,2025-05-09,Xpressbees,Delivered
ORD000489,2025-09-19,2025-09-20,Delhivery,Delivered
ORD000490,2026-02-16,2026-02-16,Delhivery,Delivered
ORD000491,2026-06-05,2026-06-05,BlueDart,Delivered
ORD000492,2025-08-18,2025-08-19,BlueDart,Delivered
ORD000493,2025-06-23,2025-06-25,Shadowfax,Delivered
ORD000494,2025-06-08,2025-06-08,Ekart,Delivered
ORD000495,2025-11-29,2025-11-30,BlueDart,Delivered
ORD000496,2025-06-02,,Delhivery,In Transit/Lost
ORD000497,2026-07-02,2026-07-02,Ekart,Delivered
ORD000498,2026-05-03,2026-05-04,Xpressbees,Delivered
ORD000499,2026-07-15,2026-07-17,Shadowfax,Delivered
ORD000500,2026-08-27,2026-08-27,Ekart,Delivered
ORD000501,2025-11-01,2025-11-02,Delhivery,Delivered
ORD000502,2025-11-20,2025-11-23,Ekart,Delivered
ORD000503,2025-05-31,2025-06-01,Xpressbees,Delivered
ORD000504,2026-01-01,2026-01-01,Shadowfax,Delivered
ORD000505,2026-01-29,2026-01-29,Xpressbees,Delivered
ORD000506,2026-03-18,2026-03-18,Ekart,Delivered
ORD000507,2026-09-03,2026-09-03,BlueDart,Delivered
ORD000508,2025-09-12,2025-09-12,Shadowfax,Delivered
ORD000509,2026-04-23,2026-04-26,Xpressbees,Delivered
ORD000510,2025-07-24,2025-07-27,BlueDart,Delivered
ORD000511,2025-08-12,2025-08-15,BlueDart,Delivered
ORD000512,2025-08-31,2025-09-01,Shadowfax,Delivered
ORD000513,2025-05-09,2025-05-10,Delhivery,Delivered
ORD000514,2026-01-21,2026-01-23,Delhivery,Delivered
ORD000517,2026-04-27,2026-05-04,Xpressbees,Delivered
ORD000518,2025-07-12,2025-07-12,Shadowfax,Delivered
ORD000519,2025-05-07,2025-05-09,Delhivery,Delivered
ORD000520,2026-09-01,2026-09-01,Ekart,Delivered
ORD000522,2025-03-30,2025-03-31,Delhivery,Delivered
ORD000523,2025-07-20,2025-07-20,Xpressbees,Delivered
ORD000524,2026-06-10,2026-06-13,Ekart,Delivered
ORD000525,2025-07-04,2025-07-06,BlueDart,Delivered
ORD000528,2026-02-07,,Delhivery,In Transit/Lost
ORD000529,2026-01-03,2026-01-10,Xpressbees,Delivered
ORD000530,2026-07-01,,Delhivery,In Transit/Lost
ORD000531,2026-05-08,2026-05-08,Ekart,Delivered
ORD000532,2025-09-08,,Shadowfax,In Transit/Lost
ORD000533,2025-11-26,2025-11-26,Shadowfax,Delivered
ORD000534,2025-06-17,2025-06-24,BlueDart,Delivered
ORD000535,2025-12-20,2025-12-20,Ekart,Delivered
ORD000536,2026-07-31,2026-07-31,Shadowfax,Delivered
ORD000537,2025-07-20,2025-07-22,Delhivery,Delivered
ORD000538,2025-10-08,2025-10-15,BlueDart,Delivered
ORD000540,2026-07-04,2026-07-07,BlueDart,Delivered
ORD000541,2025-12-28,2025-12-28,Ekart,Delivered
ORD000542,2026-05-19,2026-05-19,BlueDart,Delivered
ORD000543,2025-07-04,2025-07-04,Xpressbees,Delivered
ORD000544,2025-08-23,2025-08-24,Delhivery,Delivered
ORD000546,2025-09-06,,Xpressbees,In Transit/Lost
ORD000547,2026-07-06,2026-07-06,Xpressbees,Delivered
ORD000548,2026-03-10,2026-03-13,Shadowfax,Delivered
ORD000549,2025-06-11,2025-06-12,Shadowfax,Delivered
ORD000550,2026-07-09,2026-07-09,Delhivery,Delivered
ORD000551,2026-04-29,2026-04-29,Shadowfax,Delivered
ORD000552,2025-08-01,2025-08-01,Shadowfax,Delivered
ORD000553,2026-07-19,2026-07-20,Xpressbees,Delivered
ORD000554,2025-07-03,2025-07-03,BlueDart,Delivered
ORD000555,2025-04-10,2025-04-10,Shadowfax,Delivered
ORD000556,2026-03-18,2026-03-25,BlueDart,Delivered
ORD000557,2025-11-24,2025-11-24,Ekart,Delivered
ORD000559,2026-08-07,2026-08-07,Delhivery,Delivered
ORD000560,2025-05-09,2025-05-11,Ekart,Delivered
ORD000561,2025-11-11,,Xpressbees,In Transit/Lost
ORD000562,2025-06-14,2025-06-21,BlueDart,Delivered
ORD000563,2025-12-21,2025-12-21,Delhivery,Delivered
ORD000564,2025-12-25,2025-12-26,Delhivery,Delivered
ORD000565,2025-04-23,2025-04-26,BlueDart,Delivered
ORD000566,2025-08-19,2025-08-20,Ekart,Delivered
ORD000567,2025-05-17,2025-05-17,Ekart,Delivered
ORD000568,2026-03-10,2026-03-11,BlueDart,Delivered
ORD000569,2026-04-22,2026-04-22,Delhivery,Delivered
ORD000570,2025-11-06,2025-11-06,BlueDart,Delivered
ORD000571,2025-08-28,2025-09-04,Ekart,Delivered
ORD000572,2025-10-28,2025-10-28,Shadowfax,Delivered
ORD000573,2026-02-07,2026-02-09,Xpressbees,Delivered
ORD000574,2026-01-02,2026-01-02,Delhivery,Delivered
ORD000575,2025-12-17,2025-12-17,Delhivery,Delivered
ORD000576,2025-11-15,2025-11-22,BlueDart,Delivered
ORD000577,2026-03-26,2026-03-26,Ekart,Delivered
ORD000579,2026-08-23,2026-08-23,BlueDart,Delivered
ORD000580,2025-07-19,2025-07-26,Shadowfax,Delivered
ORD000581,2025-04-20,2025-04-20,Xpressbees,Delivered
ORD000582,2025-04-12,,Xpressbees,In Transit/Lost
ORD000583,2025-08-16,2025-08-17,BlueDart,Delivered
ORD000584,2025-04-30,2025-05-03,Shadowfax,Delivered
ORD000585,2025-05-16,2025-05-18,Ekart,Delivered
ORD000586,2025-07-25,2025-07-25,Shadowfax,Delivered
ORD000587,2026-02-21,,Xpressbees,In Transit/Lost
ORD000588,2026-04-14,2026-04-14,BlueDart,Delivered
ORD000589,2025-10-20,2025-10-20,Ekart,Delivered
ORD000590,2025-05-16,2025-05-16,Ekart,Delivered
ORD000591,2026-04-24,2026-04-24,Shadowfax,Delivered
ORD000593,2025-08-17,2025-08-24,Ekart,Delivered
ORD000595,2026-05-22,2026-05-22,Xpressbees,Delivered
ORD000598,2026-02-09,2026-02-09,Ekart,Delivered
ORD000599,2026-04-26,2026-04-26,Delhivery,Delivered
ORD000600,2025-05-15,,Xpressbees,In Transit/Lost
ORD000601,2025-12-21,2025-12-22,Delhivery,Delivered
ORD000602,2026-04-05,2026-04-07,Shadowfax,Delivered
ORD000603,2025-12-08,2025-12-08,Shadowfax,Delivered
ORD000605,2026-07-27,2026-07-30,Xpressbees,Delivered
ORD000606,2025-07-29,2025-07-31,BlueDart,Delivered
ORD000607,2025-09-11,,Delhivery,In Transit/Lost
ORD000608,2025-05-02,2025-05-02,Delhivery,Delivered
ORD000609,2025-07-04,,Xpressbees,In Transit/Lost
ORD000610,2026-07-22,2026-07-22,Shadowfax,Delivered
ORD000611,2025-06-08,,Xpressbees,In Transit/Lost
ORD000613,2025-12-06,2025-12-07,BlueDart,Delivered
ORD000614,2025-09-20,2025-09-20,Shadowfax,Delivered
ORD000617,2025-05-06,2025-05-06,Ekart,Delivered
ORD000618,2026-03-25,2026-03-26,BlueDart,Delivered
ORD000620,2026-02-09,2026-02-09,Xpressbees,Delivered
ORD000621,2026-08-30,2026-08-30,Delhivery,Delivered
ORD000622,2026-02-02,2026-02-05,Shadowfax,Delivered
ORD000623,2025-12-13,2025-12-15,Shadowfax,Delivered
ORD000624,2025-08-06,2025-08-07,Shadowfax,Delivered
ORD000625,2025-05-24,2025-05-24,BlueDart,Delivered
ORD000626,2026-06-10,2026-06-10,BlueDart,Delivered
ORD000627,2026-01-26,2026-01-26,Ekart,Delivered
ORD000628,2026-09-11,2026-09-14,Xpressbees,Delivered
ORD000629,2026-06-19,2026-06-19,Ekart,Delivered
ORD000630,2025-12-31,2026-01-03,Delhivery,Delivered
ORD000631,2025-06-21,,Delhivery,In Transit/Lost
ORD000632,2025-06-13,,Xpressbees,In Transit/Lost
ORD000633,2025-05-14,2025-05-15,Ekart,Delivered
ORD000634,2025-09-06,,Shadowfax,In Transit/Lost
ORD000635,2026-04-27,2026-04-29,Xpressbees,Delivered
ORD000636,2025-11-22,2025-11-29,Delhivery,Delivered
ORD000637,2026-04-25,,Delhivery,In Transit/Lost
ORD000638,2026-09-08,2026-09-15,Ekart,Delivered
ORD000639,2025-08-10,2025-08-10,Xpressbees,Delivered
ORD000640,2025-12-12,2025-12-12,Xpressbees,Delivered
ORD000641,2025-10-07,,BlueDart,In Transit/Lost
ORD000642,2025-04-02,2025-04-02,Delhivery,Delivered
ORD000643,2025-10-01,2025-10-01,Shadowfax,Delivered
ORD000644,2026-04-10,2026-04-12,BlueDart,Delivered
ORD000645,2026-07-18,2026-07-18,Ekart,Delivered
ORD000646,2026-05-18,2026-05-20,Ekart,Delivered
ORD000647,2026-07-01,,Delhivery,In Transit/Lost
ORD000648,2026-07-26,2026-08-02,Xpressbees,Delivered
ORD000649,2026-02-08,2026-02-11,Ekart,Delivered
ORD000650,2025-05-23,,BlueDart,In Transit/Lost
ORD000651,2026-03-28,2026-04-04,Delhivery,Delivered
ORD000652,2026-04-23,2026-04-23,Shadowfax,Delivered
ORD000653,2025-04-06,,Xpressbees,In Transit/Lost
ORD000654,2026-09-02,2026-09-05,Xpressbees,Delivered
ORD000655,2026-06-28,2026-06-28,Xpressbees,Delivered
ORD000656,2026-03-17,2026-03-17,Ekart,Delivered
ORD000657,2025-06-07,2025-06-07,Shadowfax,Delivered
ORD000658,2025-12-19,2025-12-19,BlueDart,Delivered
ORD000659,2025-08-01,,Xpressbees,In Transit/Lost
ORD000660,2026-04-30,,Xpressbees,In Transit/Lost
ORD000661,2026-08-30,2026-08-30,Xpressbees,Delivered
ORD000662,2025-10-03,2025-10-06,Shadowfax,Delivered
ORD000664,2025-07-06,2025-07-06,Xpressbees,Delivered
ORD000665,2026-08-22,2026-08-24,Shadowfax,Delivered
ORD000666,2026-03-03,2026-03-03,Ekart,Delivered
ORD000668,2026-07-12,2026-07-19,Shadowfax,Delivered
ORD000669,2026-03-27,2026-04-03,Ekart,Delivered
ORD000670,2026-07-22,2026-07-29,Delhivery,Delivered
ORD000672,2026-08-25,2026-08-25,Xpressbees,Delivered
ORD000673,2026-01-03,2026-01-04,Delhivery,Delivered
ORD000674,2025-08-14,2025-08-17,BlueDart,Delivered
ORD000675,2026-03-27,2026-03-27,Delhivery,Delivered
ORD000676,2026-07-15,2026-07-18,Shadowfax,Delivered
ORD000677,2025-10-20,2025-10-20,Shadowfax,Delivered
ORD000678,2025-11-04,2025-11-11,Xpressbees,Delivered
ORD000679,2026-09-12,2026-09-19,Delhivery,Delivered
ORD000680,2025-09-07,2025-09-07,Ekart,Delivered
ORD000681,2025-04-14,2025-04-15,BlueDart,Delivered
ORD000682,2025-12-29,2025-12-30,Shadowfax,Delivered
ORD000683,2025-09-27,2025-09-28,Shadowfax,Delivered
ORD000684,2026-02-16,2026-02-18,Shadowfax,Delivered
ORD000685,2025-11-12,2025-11-12,Delhivery,Delivered
ORD000686,2025-11-24,2025-11-24,Delhivery,Delivered
ORD000687,2026-08-27,2026-08-27,Delhivery,Delivered
ORD000688,2026-05-26,2026-05-26,Shadowfax,Delivered
ORD000689,2025-08-27,2025-08-27,Shadowfax,Delivered
ORD000690,2026-08-28,2026-08-28,BlueDart,Delivered
ORD000691,2025-12-19,2025-12-22,Shadowfax,Delivered
ORD000692,2026-03-28,2026-04-04,Delhivery,Delivered
ORD000693,2025-11-30,2025-11-30,Shadowfax,Delivered
ORD000694,2025-06-12,2025-06-12,Xpressbees,Delivered
ORD000695,2026-08-27,2026-08-28,Shadowfax,Delivered
ORD000696,2026-02-22,2026-02-25,Ekart,Delivered
ORD000697,2026-03-16,2026-03-16,Xpressbees,Delivered
ORD000698,2025-09-02,2025-09-02,BlueDart,Delivered
ORD000699,2025-08-27,2025-08-27,Xpressbees,Delivered
ORD000700,2026-05-28,2026-05-29,Shadowfax,Delivered
ORD000702,2025-04-16,2025-04-17,Delhivery,Delivered
ORD000703,2025-08-24,2025-08-25,Shadowfax,Delivered
ORD000704,2026-02-08,2026-02-10,Delhivery,Delivered
ORD000705,2025-04-20,2025-04-20,Ekart,Delivered
ORD000706,2025-09-04,2025-09-06,Xpressbees,Delivered
ORD000707,2025-11-10,2025-11-10,Shadowfax,Delivered
ORD000708,2026-03-17,2026-03-17,Ekart,Delivered
ORD000709,2025-03-25,2025-03-26,Ekart,Delivered
ORD000710,2025-08-05,2025-08-06,Ekart,Delivered
ORD000711,2025-09-29,2025-09-29,Shadowfax,Delivered
ORD000712,2025-08-22,2025-08-22,Xpressbees,Delivered
ORD000713,2026-06-30,,BlueDart,In Transit/Lost
ORD000714,2026-03-18,2026-03-18,Xpressbees,Delivered
ORD000716,2025-06-14,2025-06-14,BlueDart,Delivered
ORD000717,2025-05-11,2025-05-11,Ekart,Delivered
ORD000718,2025-08-18,2025-08-18,Ekart,Delivered
ORD000719,2026-09-12,2026-09-12,Delhivery,Delivered
ORD000720,2025-07-07,2025-07-07,Ekart,Delivered
ORD000721,2026-02-05,2026-02-05,Delhivery,Delivered
ORD000723,2025-07-21,2025-07-24,Shadowfax,Delivered
ORD000724,2025-12-05,2025-12-12,BlueDart,Delivered
ORD000726,2026-06-05,2026-06-08,Ekart,Delivered
ORD000727,2026-03-02,2026-03-02,Xpressbees,Delivered
ORD000728,2025-11-07,2025-11-07,BlueDart,Delivered
ORD000729,2026-08-29,,BlueDart,In Transit/Lost
ORD000730,2025-05-15,2025-05-15,BlueDart,Delivered
ORD000731,2025-08-11,2025-08-13,Xpressbees,Delivered
ORD000732,2025-09-05,2025-09-05,Shadowfax,Delivered
ORD000733,2025-09-06,,Ekart,In Transit/Lost
ORD000734,2026-01-21,2026-01-21,Ekart,Delivered
ORD000735,2026-03-26,2026-03-28,Ekart,Delivered
ORD000736,2025-09-14,2025-09-15,Xpressbees,Delivered
ORD000737,2026-01-30,2026-01-30,Ekart,Delivered
ORD000738,2026-03-29,2026-03-31,Xpressbees,Delivered
ORD000739,2025-07-08,,BlueDart,In Transit/Lost
ORD000740,2025-06-06,,BlueDart,In Transit/Lost
ORD000741,2026-01-19,2026-01-19,Ekart,Delivered
ORD000742,2025-09-02,2025-09-05,BlueDart,Delivered
ORD000744,2026-01-23,2026-01-30,Xpressbees,Delivered
ORD000745,2026-02-28,2026-02-28,Delhivery,Delivered
ORD000746,2026-01-13,2026-01-13,Xpressbees,Delivered
ORD000747,2025-10-12,2025-10-19,Ekart,Delivered
ORD000748,2026-07-08,,Xpressbees,In Transit/Lost
ORD000749,2025-11-16,2025-11-23,Shadowfax,Delivered
ORD000750,2025-06-08,2025-06-08,BlueDart,Delivered
ORD000751,2025-11-19,2025-11-26,Xpressbees,Delivered
ORD000752,2025-09-08,,Ekart,In Transit/Lost
ORD000753,2026-08-10,2026-08-10,Shadowfax,Delivered
ORD000754,2026-04-11,2026-04-13,BlueDart,Delivered
ORD000755,2025-12-03,2025-12-05,Ekart,Delivered
ORD000756,2025-11-09,2025-11-11,Xpressbees,Delivered
ORD000758,2025-11-01,2025-11-03,BlueDart,Delivered
ORD000759,2025-04-08,2025-04-15,BlueDart,Delivered
ORD000760,2026-01-19,,BlueDart,In Transit/Lost
ORD000761,2026-08-24,2026-08-26,Ekart,Delivered
ORD000762,2025-11-06,2025-11-07,Xpressbees,Delivered
ORD000763,2026-05-05,2026-05-05,Delhivery,Delivered
ORD000764,2026-02-21,2026-02-21,Shadowfax,Delivered
ORD000766,2025-08-02,2025-08-03,Delhivery,Delivered
ORD000767,2025-12-24,2025-12-31,Shadowfax,Delivered
ORD000769,2026-01-11,2026-01-11,BlueDart,Delivered
ORD000770,2026-01-22,,Shadowfax,In Transit/Lost
ORD000771,2025-08-31,2025-08-31,Xpressbees,Delivered
ORD000773,2025-10-23,2025-10-25,Delhivery,Delivered
ORD000774,2025-10-26,2025-10-26,Delhivery,Delivered
ORD000775,2025-03-28,2025-03-28,Xpressbees,Delivered
ORD000776,2026-06-03,2026-06-03,Shadowfax,Delivered
ORD000777,2026-07-11,2026-07-12,BlueDart,Delivered
ORD000778,2025-11-28,2025-11-28,Shadowfax,Delivered
ORD000779,2025-04-21,,Shadowfax,In Transit/Lost
ORD000780,2025-04-24,2025-04-26,Delhivery,Delivered
ORD000781,2026-06-14,2026-06-14,BlueDart,Delivered
ORD000782,2026-03-09,2026-03-11,Xpressbees,Delivered
ORD000783,2025-09-19,2025-09-19,Shadowfax,Delivered
ORD000784,2025-05-16,2025-05-16,BlueDart,Delivered
ORD000785,2025-08-29,2025-08-29,BlueDart,Delivered
ORD000786,2025-12-08,2025-12-08,Xpressbees,Delivered
ORD000787,2025-09-20,2025-09-23,Shadowfax,Delivered
ORD000788,2025-04-25,2025-04-27,Shadowfax,Delivered
ORD000789,2026-04-26,2026-04-27,Ekart,Delivered
ORD000790,2026-03-23,2026-03-23,BlueDart,Delivered
ORD000791,2026-04-26,,Shadowfax,In Transit/Lost
ORD000792,2025-04-23,2025-04-23,Shadowfax,Delivered
ORD000793,2025-07-13,2025-07-13,Shadowfax,Delivered
ORD000794,2025-06-08,2025-06-08,Xpressbees,Delivered
ORD000795,2026-04-28,2026-04-28,BlueDart,Delivered
ORD000796,2025-12-15,,Ekart,In Transit/Lost
ORD000797,2025-07-24,2025-07-24,Delhivery,Delivered
ORD000798,2026-03-23,2026-03-24,Delhivery,Delivered
ORD000799,2026-06-29,2026-06-29,Delhivery,Delivered
ORD000800,2025-09-03,2025-09-03,BlueDart,Delivered
ORD000801,2025-09-09,2025-09-12,Shadowfax,Delivered
ORD000802,2026-09-08,2026-09-11,Shadowfax,Delivered
ORD000803,2025-03-27,2025-03-27,Ekart,Delivered
ORD000804,2025-12-09,2025-12-09,Xpressbees,Delivered
ORD000805,2026-03-30,2026-04-02,Shadowfax,Delivered
ORD000806,2025-05-23,2025-05-23,Delhivery,Delivered
ORD000808,2026-02-12,,Delhivery,In Transit/Lost
ORD000809,2025-05-30,2025-05-31,Ekart,Delivered
ORD000810,2025-05-14,,BlueDart,In Transit/Lost
ORD000811,2025-07-12,2025-07-12,Delhivery,Delivered
ORD000812,2025-12-04,,BlueDart,In Transit/Lost
ORD000814,2025-11-17,2025-11-20,Shadowfax,Delivered
ORD000816,2025-05-27,2025-05-30,Delhivery,Delivered
ORD000817,2025-10-29,2025-10-29,BlueDart,Delivered
ORD000818,2026-09-07,2026-09-07,BlueDart,Delivered
ORD000819,2026-06-11,2026-06-11,Ekart,Delivered
ORD000820,2026-06-22,2026-06-22,Shadowfax,Delivered
ORD000821,2026-01-12,2026-01-12,BlueDart,Delivered
ORD000822,2026-06-11,,Ekart,In Transit/Lost
ORD000823,2026-03-25,2026-03-25,BlueDart,Delivered
ORD000824,2026-07-03,,Delhivery,In Transit/Lost
ORD000825,2026-02-21,2026-02-24,Xpressbees,Delivered
ORD000826,2025-11-11,2025-11-11,Ekart,Delivered
ORD000827,2026-03-01,,Delhivery,In Transit/Lost
ORD000828,2025-07-01,2025-07-01,Shadowfax,Delivered
ORD000829,2026-06-11,2026-06-11,Shadowfax,Delivered
ORD000830,2026-03-14,2026-03-14,Ekart,Delivered
ORD000831,2025-06-23,2025-06-24,Shadowfax,Delivered
ORD000833,2026-01-15,2026-01-15,Shadowfax,Delivered
ORD000835,2025-08-26,2025-08-26,Shadowfax,Delivered
ORD000836,2026-03-20,2026-03-20,Shadowfax,Delivered
ORD000837,2026-08-22,,Delhivery,In Transit/Lost
ORD000838,2025-12-14,2025-12-14,Delhivery,Delivered
ORD000839,2026-03-21,2026-03-21,Ekart,Delivered
ORD000840,2025-10-20,2025-10-20,Shadowfax,Delivered
ORD000842,2025-05-20,2025-05-21,Ekart,Delivered
ORD000843,2025-11-03,2025-11-10,BlueDart,Delivered
ORD000845,2025-04-09,,Ekart,In Transit/Lost
ORD000846,2025-11-26,2025-11-26,Ekart,Delivered
ORD000847,2026-01-24,2026-01-27,BlueDart,Delivered
ORD000848,2025-03-28,2025-03-28,Shadowfax,Delivered
ORD000849,2025-09-02,2025-09-02,Delhivery,Delivered
ORD000851,2026-07-21,2026-07-28,Shadowfax,Delivered
ORD000852,2026-02-20,2026-02-20,Shadowfax,Delivered
ORD000853,2025-04-15,2025-04-18,Delhivery,Delivered
ORD000854,2026-07-28,2026-08-04,Shadowfax,Delivered
ORD000855,2026-08-25,,Xpressbees,In Transit/Lost
ORD000856,2025-12-02,2025-12-04,Delhivery,Delivered
ORD000857,2026-04-20,2026-04-21,Shadowfax,Delivered
ORD000858,2025-08-21,2025-08-28,Xpressbees,Delivered
ORD000859,2026-09-06,,Shadowfax,In Transit/Lost
ORD000860,2025-10-05,2025-10-07,BlueDart,Delivered
ORD000863,2025-09-27,,Shadowfax,In Transit/Lost
ORD000866,2025-04-28,2025-04-28,BlueDart,Delivered
ORD000867,2026-03-15,2026-03-17,Ekart,Delivered
ORD000868,2025-10-02,2025-10-02,Ekart,Delivered
ORD000869,2026-04-17,2026-04-19,Xpressbees,Delivered
ORD000870,2025-09-22,2025-09-23,Xpressbees,Delivered
ORD000872,2026-05-23,2026-05-23,Ekart,Delivered
ORD000874,2026-05-10,2026-05-11,Shadowfax,Delivered
ORD000875,2025-09-02,2025-09-02,Delhivery,Delivered
ORD000876,2025-10-24,2025-10-26,Xpressbees,Delivered
ORD000877,2026-07-31,2026-08-07,Ekart,Delivered
ORD000879,2025-10-13,2025-10-15,Shadowfax,Delivered
ORD000880,2025-12-04,2025-12-04,Delhivery,Delivered
ORD000881,2026-03-13,,Ekart,In Transit/Lost
ORD000882,2026-01-30,2026-01-30,Ekart,Delivered
ORD000883,2026-08-08,2026-08-09,BlueDart,Delivered
ORD000884,2026-05-16,2026-05-16,Delhivery,Delivered
ORD000885,2026-01-03,2026-01-03,BlueDart,Delivered
ORD000886,2025-06-01,2025-06-01,BlueDart,Delivered
ORD000887,2025-09-14,2025-09-14,Xpressbees,Delivered
ORD000888,2026-08-23,2026-08-23,Delhivery,Delivered
ORD000890,2026-02-21,2026-02-21,Ekart,Delivered
ORD000891,2025-10-29,2025-10-30,BlueDart,Delivered
ORD000892,2025-04-19,2025-04-20,Shadowfax,Delivered
ORD000893,2026-06-28,2026-06-29,Xpressbees,Delivered
ORD000894,2025-06-17,2025-06-18,Shadowfax,Delivered
ORD000895,2025-05-17,,Delhivery,In Transit/Lost
ORD000896,2025-05-20,2025-05-22,Ekart,Delivered
ORD000897,2026-08-12,2026-08-19,Delhivery,Delivered
ORD000898,2025-12-08,2025-12-08,Xpressbees,Delivered
ORD000899,2026-05-10,2026-05-10,Ekart,Delivered
ORD000900,2026-09-06,,Shadowfax,In Transit/Lost
ORD000901,2026-06-04,2026-06-11,Delhivery,Delivered
ORD000902,2026-04-24,,Shadowfax,In Transit/Lost
ORD000905,2025-06-25,,Shadowfax,In Transit/Lost
ORD000906,2026-07-18,2026-07-18,BlueDart,Delivered
ORD000907,2026-05-07,2026-05-08,Delhivery,Delivered
ORD000908,2025-11-06,2025-11-06,BlueDart,Delivered
ORD000910,2026-02-18,2026-02-19,BlueDart,Delivered
ORD000911,2025-05-24,2025-05-31,Shadowfax,Delivered
ORD000912,2026-06-26,2026-06-26,Shadowfax,Delivered
ORD000913,2025-05-01,2025-05-04,Shadowfax,Delivered
ORD000914,2026-05-09,2026-05-11,BlueDart,Delivered
ORD000915,2026-02-13,2026-02-16,Delhivery,Delivered
ORD000916,2026-06-22,,Shadowfax,In Transit/Lost
ORD000917,2026-08-04,2026-08-06,Shadowfax,Delivered
ORD000918,2025-09-14,2025-09-14,Xpressbees,Delivered
ORD000919,2026-04-07,2026-04-09,Delhivery,Delivered
ORD000920,2025-10-12,2025-10-14,Xpressbees,Delivered
ORD000922,2026-01-26,2026-01-27,Ekart,Delivered
ORD000923,2025-07-11,,Ekart,In Transit/Lost
ORD000924,2025-08-08,2025-08-15,Xpressbees,Delivered
ORD000925,2025-11-14,2025-11-17,Xpressbees,Delivered
ORD000926,2025-08-27,2025-08-27,Ekart,Delivered
ORD000927,2025-07-10,2025-07-10,Ekart,Delivered
ORD000928,2025-06-20,2025-06-20,Ekart,Delivered
ORD000929,2026-06-08,2026-06-09,BlueDart,Delivered
ORD000930,2026-06-05,2026-06-05,BlueDart,Delivered
ORD000931,2025-07-05,,Xpressbees,In Transit/Lost
ORD000932,2026-01-31,,Shadowfax,In Transit/Lost
ORD000933,2026-02-25,,Ekart,In Transit/Lost
ORD000934,2026-03-22,2026-03-22,Delhivery,Delivered
ORD000935,2025-07-12,2025-07-12,BlueDart,Delivered
ORD000936,2026-06-03,2026-06-06,BlueDart,Delivered
ORD000937,2026-07-19,2026-07-26,Xpressbees,Delivered
ORD000938,2025-10-06,2025-10-08,Xpressbees,Delivered
ORD000940,2026-01-12,2026-01-19,Delhivery,Delivered
ORD000941,2025-04-30,2025-04-30,Ekart,Delivered
ORD000942,2025-07-02,2025-07-05,BlueDart,Delivered
ORD000944,2026-07-30,2026-07-30,Xpressbees,Delivered
ORD000945,2026-03-05,2026-03-05,Delhivery,Delivered
ORD000946,2025-12-17,2025-12-17,Ekart,Delivered
ORD000947,2026-06-18,2026-06-20,Shadowfax,Delivered
ORD000948,2026-01-25,2026-01-25,Ekart,Delivered
ORD000949,2025-12-06,,Delhivery,In Transit/Lost
ORD000950,2025-10-02,2025-10-02,Xpressbees,Delivered
ORD000951,2026-02-20,2026-02-22,Ekart,Delivered
ORD000952,2026-01-20,2026-01-27,Xpressbees,Delivered
ORD000953,2025-06-07,,BlueDart,In Transit/Lost
ORD000954,2025-04-28,2025-04-29,Shadowfax,Delivered
ORD000955,2025-11-10,2025-11-11,BlueDart,Delivered
ORD000956,2025-10-15,2025-10-16,Shadowfax,Delivered
ORD000960,2025-09-02,2025-09-02,Delhivery,Delivered
ORD000961,2025-05-27,2025-05-27,Shadowfax,Delivered
ORD000962,2025-07-25,,Delhivery,In Transit/Lost
ORD000963,2026-02-10,2026-02-13,Ekart,Delivered
ORD000965,2025-07-21,2025-07-21,BlueDart,Delivered
ORD000966,2026-08-14,2026-08-14,BlueDart,Delivered
ORD000967,2026-08-04,2026-08-04,Ekart,Delivered
ORD000968,2025-08-08,,Shadowfax,In Transit/Lost
ORD000969,2026-04-09,2026-04-09,BlueDart,Delivered
ORD000971,2026-07-06,2026-07-06,Delhivery,Delivered
ORD000972,2026-08-27,,BlueDart,In Transit/Lost
ORD000973,2025-05-03,,Ekart,In Transit/Lost
ORD000974,2026-01-29,2026-01-29,Shadowfax,Delivered
ORD000975,2026-06-27,2026-06-27,Delhivery,Delivered
ORD000976,2026-08-11,2026-08-11,Shadowfax,Delivered
ORD000978,2025-10-25,2025-10-27,Xpressbees,Delivered
ORD000979,2025-04-22,2025-04-22,Xpressbees,Delivered
ORD000981,2025-05-22,2025-05-25,Xpressbees,Delivered
ORD000983,2026-07-31,2026-08-01,BlueDart,Delivered
ORD000984,2025-08-13,2025-08-13,BlueDart,Delivered
ORD000985,2025-04-08,2025-04-15,Xpressbees,Delivered
ORD000986,2025-09-24,2025-09-24,BlueDart,Delivered
ORD000987,2025-08-11,2025-08-11,Xpressbees,Delivered
ORD000988,2025-09-22,2025-09-22,Xpressbees,Delivered
ORD000990,2025-06-08,2025-06-09,BlueDart,Delivered
ORD000991,2026-01-15,2026-01-18,Shadowfax,Delivered
ORD000992,2026-04-23,2026-04-23,BlueDart,Delivered
ORD000993,2026-08-04,2026-08-04,BlueDart,Delivered
ORD000994,2026-03-17,2026-03-17,Shadowfax,Delivered
ORD000995,2026-07-12,2026-07-15,Delhivery,Delivered
ORD000997,2025-05-02,2025-05-09,Xpressbees,Delivered
ORD000998,2026-08-16,2026-08-16,BlueDart,Delivered
ORD000999,2026-07-26,2026-07-26,Shadowfax,Delivered
ORD001000,2026-04-07,,BlueDart,In Transit/Lost
ORD001001,2026-05-10,2026-05-10,Shadowfax,Delivered
ORD001002,2025-04-14,2025-04-14,Ekart,Delivered
ORD001003,2026-09-06,2026-09-08,BlueDart,Delivered
ORD001004,2026-08-18,2026-08-25,Xpressbees,Delivered
ORD001005,2026-02-11,2026-02-12,Shadowfax,Delivered
ORD001006,2026-02-18,2026-02-18,Delhivery,Delivered
ORD001007,2025-05-07,2025-05-09,BlueDart,Delivered
ORD001008,2026-01-14,2026-01-14,BlueDart,Delivered
ORD001009,2026-08-16,2026-08-23,Xpressbees,Delivered
ORD001010,2025-08-17,2025-08-17,Shadowfax,Delivered
ORD001011,2025-04-16,2025-04-16,Xpressbees,Delivered
ORD001013,2025-12-25,2025-12-27,BlueDart,Delivered
ORD001014,2026-03-10,2026-03-12,Xpressbees,Delivered
ORD001015,2025-11-11,,BlueDart,In Transit/Lost
ORD001018,2026-08-31,2026-09-01,Xpressbees,Delivered
ORD001019,2025-04-03,2025-04-03,Ekart,Delivered
ORD001020,2025-04-21,2025-04-22,Ekart,Delivered
ORD001021,2026-05-15,2026-05-22,BlueDart,Delivered
ORD001022,2026-06-05,2026-06-05,Ekart,Delivered
ORD001023,2026-01-08,,Shadowfax,In Transit/Lost
ORD001024,2026-07-02,2026-07-02,Xpressbees,Delivered
ORD001025,2026-03-29,,Ekart,In Transit/Lost
ORD001026,2026-04-26,2026-04-27,Ekart,Delivered
ORD001027,2026-01-16,2026-01-16,Shadowfax,Delivered
ORD001028,2025-04-21,2025-04-21,Shadowfax,Delivered
ORD001029,2026-05-11,2026-05-11,Xpressbees,Delivered
ORD001030,2026-04-02,2026-04-02,Ekart,Delivered
ORD001031,2025-11-10,2025-11-10,Xpressbees,Delivered
ORD001032,2025-11-11,2025-11-12,Xpressbees,Delivered
ORD001033,2025-06-06,2025-06-07,Shadowfax,Delivered
ORD001035,2026-07-20,2026-07-23,Delhivery,Delivered
ORD001036,2026-09-05,2026-09-05,BlueDart,Delivered
ORD001037,2025-10-09,2025-10-09,Shadowfax,Delivered
ORD001038,2025-07-05,2025-07-05,Delhivery,Delivered
ORD001039,2025-11-14,,Shadowfax,In Transit/Lost
ORD001040,2025-04-23,2025-04-23,Ekart,Delivered
ORD001041,2025-07-26,2025-07-26,Delhivery,Delivered
ORD001042,2026-02-06,2026-02-09,Xpressbees,Delivered
ORD001044,2026-05-01,2026-05-02,Delhivery,Delivered
ORD001045,2026-07-16,2026-07-16,BlueDart,Delivered
ORD001046,2026-05-28,2026-05-30,BlueDart,Delivered
ORD001047,2026-01-25,2026-01-28,Xpressbees,Delivered
ORD001048,2026-09-11,2026-09-11,Xpressbees,Delivered
ORD001049,2025-04-02,2025-04-02,BlueDart,Delivered
ORD001050,2026-04-15,2026-04-22,Xpressbees,Delivered
ORD001051,2026-06-04,2026-06-06,Ekart,Delivered
ORD001052,2025-05-05,2025-05-05,Ekart,Delivered
ORD001053,2025-05-30,2025-05-30,Delhivery,Delivered
ORD001055,2025-04-18,2025-04-25,Xpressbees,Delivered
ORD001056,2025-09-27,2025-09-28,Delhivery,Delivered
ORD001057,2026-03-14,2026-03-14,BlueDart,Delivered
ORD001058,2025-08-03,2025-08-03,Shadowfax,Delivered
ORD001059,2025-08-30,2025-09-01,Delhivery,Delivered
ORD001060,2026-02-15,2026-02-15,Xpressbees,Delivered
ORD001061,2025-12-09,2025-12-09,Ekart,Delivered
ORD001062,2025-05-30,2025-05-30,Shadowfax,Delivered
ORD001063,2025-05-04,,Xpressbees,In Transit/Lost
ORD001064,2025-08-05,2025-08-05,Shadowfax,Delivered
ORD001065,2026-01-11,2026-01-13,Shadowfax,Delivered
ORD001066,2025-12-18,2025-12-19,Delhivery,Delivered
ORD001067,2026-04-24,2026-04-24,Shadowfax,Delivered
ORD001068,2025-10-01,2025-10-01,Delhivery,Delivered
ORD001069,2026-07-31,2026-07-31,Ekart,Delivered
ORD001070,2025-07-22,2025-07-22,Xpressbees,Delivered
ORD001071,2026-04-12,,Xpressbees,In Transit/Lost
ORD001072,2026-08-13,2026-08-16,Shadowfax,Delivered
ORD001073,2026-05-19,2026-05-22,Ekart,Delivered
ORD001074,2025-08-30,,BlueDart,In Transit/Lost
ORD001075,2026-03-10,2026-03-12,Ekart,Delivered
ORD001076,2026-01-03,2026-01-06,Shadowfax,Delivered
ORD001078,2026-04-03,2026-04-06,Ekart,Delivered
ORD001079,2025-12-22,,Shadowfax,In Transit/Lost
ORD001080,2025-04-24,2025-04-24,Xpressbees,Delivered
ORD001081,2026-07-23,2026-07-30,Shadowfax,Delivered
ORD001082,2026-04-08,2026-04-08,Ekart,Delivered
ORD001083,2026-02-21,2026-02-28,Delhivery,Delivered
ORD001084,2025-08-22,2025-08-22,Xpressbees,Delivered
ORD001085,2025-07-13,2025-07-14,BlueDart,Delivered
ORD001086,2025-06-06,2025-06-08,Shadowfax,Delivered
ORD001087,2026-09-04,2026-09-04,Shadowfax,Delivered
ORD001088,2025-07-28,2025-07-28,Xpressbees,Delivered
ORD001089,2026-04-27,2026-04-29,Shadowfax,Delivered
ORD001090,2025-07-16,2025-07-16,BlueDart,Delivered
ORD001091,2025-10-12,2025-10-15,Shadowfax,Delivered
ORD001093,2025-06-08,2025-06-08,Xpressbees,Delivered
ORD001094,2026-09-04,2026-09-11,Xpressbees,Delivered
ORD001095,2026-04-07,2026-04-07,Shadowfax,Delivered
ORD001096,2026-03-11,2026-03-14,Shadowfax,Delivered
ORD001097,2025-11-26,2025-11-27,Xpressbees,Delivered
ORD001098,2025-05-26,,Ekart,In Transit/Lost
ORD001099,2025-12-17,2025-12-17,Shadowfax,Delivered
ORD001101,2025-08-20,,Ekart,In Transit/Lost
ORD001102,2025-10-16,2025-10-17,Ekart,Delivered
ORD001103,2026-06-15,2026-06-15,Xpressbees,Delivered
ORD001104,2025-05-08,2025-05-08,BlueDart,Delivered
ORD001105,2025-08-23,2025-08-24,Shadowfax,Delivered
ORD001106,2026-02-17,2026-02-17,BlueDart,Delivered
ORD001107,2025-12-18,2025-12-18,Ekart,Delivered
ORD001108,2026-07-01,2026-07-04,Delhivery,Delivered
ORD001109,2025-10-18,2025-10-18,Xpressbees,Delivered
ORD001110,2025-04-16,,Delhivery,In Transit/Lost
ORD001111,2025-07-13,2025-07-13,Shadowfax,Delivered
ORD001112,2025-06-30,2025-07-01,Ekart,Delivered
ORD001113,2025-11-13,2025-11-13,Xpressbees,Delivered
ORD001114,2025-04-22,2025-04-22,Shadowfax,Delivered
ORD001115,2025-09-04,2025-09-07,BlueDart,Delivered
ORD001116,2026-01-11,,Shadowfax,In Transit/Lost
ORD001117,2025-09-29,2025-09-30,Xpressbees,Delivered
ORD001118,2025-04-07,,Xpressbees,In Transit/Lost
ORD001119,2026-02-14,2026-02-14,Xpressbees,Delivered
ORD001120,2026-07-21,,Xpressbees,In Transit/Lost
ORD001123,2026-06-03,2026-06-03,BlueDart,Delivered
ORD001124,2026-02-08,2026-02-08,BlueDart,Delivered
ORD001125,2026-05-05,2026-05-12,Xpressbees,Delivered
ORD001126,2025-09-24,2025-09-24,Shadowfax,Delivered
ORD001127,2026-06-16,2026-06-16,Xpressbees,Delivered
ORD001128,2025-11-15,2025-11-15,Shadowfax,Delivered
ORD001130,2026-04-23,2026-04-23,BlueDart,Delivered
ORD001131,2026-04-27,,BlueDart,In Transit/Lost
ORD001132,2025-04-24,2025-05-01,Ekart,Delivered
ORD001133,2025-05-20,2025-05-20,Xpressbees,Delivered
ORD001134,2025-10-19,2025-10-19,Delhivery,Delivered
ORD001135,2026-04-16,,Shadowfax,In Transit/Lost
ORD001136,2026-03-25,,BlueDart,In Transit/Lost
ORD001138,2026-08-11,2026-08-14,Shadowfax,Delivered
ORD001140,2026-01-27,2026-01-30,Xpressbees,Delivered
ORD001141,2026-01-25,2026-01-25,Xpressbees,Delivered
ORD001142,2025-12-31,2026-01-01,Delhivery,Delivered
ORD001143,2025-06-18,,BlueDart,In Transit/Lost
ORD001144,2025-10-14,2025-10-16,Ekart,Delivered
ORD001145,2026-04-29,,Delhivery,In Transit/Lost
ORD001146,2026-08-06,2026-08-07,Ekart,Delivered
ORD001147,2025-06-03,2025-06-03,Delhivery,Delivered
ORD001148,2025-04-01,2025-04-01,Shadowfax,Delivered
ORD001149,2026-05-29,2026-05-31,Ekart,Delivered
ORD001150,2026-08-21,2026-08-28,BlueDart,Delivered
ORD001151,2025-05-08,2025-05-08,Ekart,Delivered
ORD001153,2026-01-13,2026-01-13,Xpressbees,Delivered
ORD001154,2025-09-22,2025-09-25,Ekart,Delivered
ORD001156,2026-02-18,2026-02-20,Delhivery,Delivered
ORD001157,2025-10-05,2025-10-05,Xpressbees,Delivered
ORD001158,2026-03-14,2026-03-15,Ekart,Delivered
ORD001159,2026-05-20,2026-05-20,Xpressbees,Delivered
ORD001160,2026-06-05,,Ekart,In Transit/Lost
ORD001161,2026-02-17,2026-02-19,Delhivery,Delivered
ORD001162,2025-05-30,2025-06-01,Xpressbees,Delivered
ORD001163,2026-01-26,2026-01-27,Ekart,Delivered
ORD001165,2025-08-12,2025-08-12,Shadowfax,Delivered
ORD001166,2025-06-28,2025-06-30,Shadowfax,Delivered
ORD001167,2025-11-27,2025-11-30,Ekart,Delivered
ORD001168,2025-11-16,2025-11-16,Ekart,Delivered
ORD001169,2025-11-30,2025-11-30,Xpressbees,Delivered
ORD001170,2026-08-27,2026-08-30,Xpressbees,Delivered
ORD001171,2025-12-07,,Delhivery,In Transit/Lost
ORD001172,2026-06-22,,Ekart,In Transit/Lost
ORD001174,2025-04-26,2025-04-28,BlueDart,Delivered
ORD001175,2026-08-13,2026-08-15,Ekart,Delivered
ORD001176,2025-08-19,2025-08-19,Delhivery,Delivered
ORD001177,2026-02-17,2026-02-18,BlueDart,Delivered
ORD001178,2025-09-10,2025-09-10,Ekart,Delivered
ORD001179,2025-04-28,2025-04-28,BlueDart,Delivered
ORD001180,2025-06-28,2025-06-28,Xpressbees,Delivered
ORD001181,2026-05-10,,Ekart,In Transit/Lost
ORD001182,2025-08-22,2025-08-22,Ekart,Delivered
ORD001183,2026-07-06,2026-07-08,Ekart,Delivered
ORD001184,2025-06-01,2025-06-01,Shadowfax,Delivered
ORD001185,2026-02-28,2026-02-28,BlueDart,Delivered
ORD001186,2025-06-10,2025-06-11,Delhivery,Delivered
ORD001187,2026-02-19,2026-02-20,BlueDart,Delivered
ORD001188,2025-04-18,,Delhivery,In Transit/Lost
ORD001189,2025-05-26,2025-05-27,Ekart,Delivered
ORD001190,2025-04-13,2025-04-14,BlueDart,Delivered
ORD001191,2026-03-29,2026-03-30,BlueDart,Delivered
ORD001192,2026-07-01,2026-07-03,Xpressbees,Delivered
ORD001193,2026-01-31,2026-01-31,Ekart,Delivered
ORD001194,2025-04-16,,Xpressbees,In Transit/Lost
ORD001195,2026-04-15,2026-04-18,Xpressbees,Delivered
ORD001196,2025-04-26,2025-04-26,Xpressbees,Delivered
ORD001197,2026-04-13,2026-04-16,Shadowfax,Delivered
ORD001198,2025-08-10,2025-08-11,BlueDart,Delivered
ORD001199,2025-08-09,2025-08-09,Delhivery,Delivered
ORD001200,2026-03-26,2026-03-28,Shadowfax,Delivered
ORD001201,2026-06-30,2026-07-02,Delhivery,Delivered
ORD001202,2025-10-01,2025-10-01,Shadowfax,Delivered
ORD001203,2026-04-15,2026-04-16,Delhivery,Delivered
ORD001204,2026-02-10,2026-02-11,Ekart,Delivered
ORD001205,2025-09-29,2025-09-29,Delhivery,Delivered
ORD001207,2025-11-20,2025-11-22,Xpressbees,Delivered
ORD001208,2025-12-24,2025-12-25,Xpressbees,Delivered
ORD001209,2025-07-31,2025-07-31,BlueDart,Delivered
ORD001211,2025-10-12,2025-10-12,Shadowfax,Delivered
ORD001212,2026-06-13,2026-06-13,Ekart,Delivered
ORD001213,2025-11-02,2025-11-04,Delhivery,Delivered
ORD001214,2026-03-05,2026-03-05,BlueDart,Delivered
ORD001215,2026-07-08,2026-07-08,Shadowfax,Delivered
ORD001216,2025-06-08,,BlueDart,In Transit/Lost
ORD001217,2025-09-15,2025-09-16,Shadowfax,Delivered
ORD001218,2026-05-24,2026-05-24,Shadowfax,Delivered
ORD001219,2025-09-20,2025-09-20,Ekart,Delivered
ORD001220,2025-10-31,2025-10-31,Delhivery,Delivered
ORD001221,2026-03-13,2026-03-13,Shadowfax,Delivered
ORD001222,2025-12-02,2025-12-02,BlueDart,Delivered
ORD001223,2026-09-02,2026-09-02,Delhivery,Delivered
ORD001224,2026-02-24,2026-02-25,BlueDart,Delivered
ORD001225,2025-06-20,2025-06-20,Xpressbees,Delivered
ORD001226,2025-04-19,2025-04-20,Delhivery,Delivered
ORD001227,2026-08-07,2026-08-07,Ekart,Delivered
ORD001228,2026-07-29,2026-07-29,BlueDart,Delivered
ORD001229,2025-04-05,2025-04-05,BlueDart,Delivered
ORD001230,2026-02-14,2026-02-15,Xpressbees,Delivered
ORD001231,2026-06-02,2026-06-03,BlueDart,Delivered
ORD001232,2025-12-23,,Delhivery,In Transit/Lost
ORD001233,2026-05-18,2026-05-21,Delhivery,Delivered
ORD001234,2025-12-25,2025-12-28,Ekart,Delivered
ORD001235,2026-02-01,2026-02-08,Delhivery,Delivered
ORD001236,2025-09-26,,BlueDart,In Transit/Lost
ORD001238,2026-06-14,2026-06-14,BlueDart,Delivered
ORD001239,2025-04-11,2025-04-11,Ekart,Delivered
ORD001240,2026-04-22,2026-04-22,Xpressbees,Delivered
ORD001241,2025-10-14,,BlueDart,In Transit/Lost
ORD001242,2026-09-15,2026-09-18,Shadowfax,Delivered
ORD001243,2025-05-05,2025-05-05,Delhivery,Delivered
ORD001244,2025-05-03,2025-05-03,Shadowfax,Delivered
ORD001245,2026-08-10,2026-08-10,Shadowfax,Delivered
ORD001246,2025-07-22,2025-07-24,Xpressbees,Delivered
ORD001247,2025-12-19,2025-12-21,Ekart,Delivered
ORD001248,2026-01-30,2026-01-31,Ekart,Delivered
ORD001249,2026-01-15,2026-01-15,Shadowfax,Delivered
ORD001250,2025-11-03,2025-11-06,BlueDart,Delivered
ORD001251,2026-04-25,,Ekart,In Transit/Lost
ORD001252,2026-06-25,,Delhivery,In Transit/Lost
ORD001253,2026-01-01,2026-01-03,Shadowfax,Delivered
ORD001254,2025-04-20,,Shadowfax,In Transit/Lost
ORD001255,2025-12-05,,Ekart,In Transit/Lost
ORD001256,2026-01-01,2026-01-01,Delhivery,Delivered
ORD001257,2025-11-18,2025-11-18,Ekart,Delivered
ORD001258,2025-08-16,2025-08-16,Shadowfax,Delivered
ORD001259,2026-06-18,2026-06-18,Delhivery,Delivered
ORD001261,2025-08-01,2025-08-01,Xpressbees,Delivered
ORD001262,2025-08-03,2025-08-03,BlueDart,Delivered
ORD001263,2026-05-14,2026-05-16,Delhivery,Delivered
ORD001264,2025-10-07,2025-10-07,Delhivery,Delivered
ORD001265,2025-11-24,2025-11-24,BlueDart,Delivered
ORD001267,2025-05-24,2025-05-24,Shadowfax,Delivered
ORD001269,2026-04-23,2026-04-23,BlueDart,Delivered
ORD001270,2026-07-14,2026-07-21,Delhivery,Delivered
ORD001271,2025-10-04,2025-10-06,Ekart,Delivered
ORD001272,2025-09-29,2025-09-29,Xpressbees,Delivered
ORD001273,2025-12-21,2025-12-21,Shadowfax,Delivered
ORD001274,2026-07-29,2026-07-29,BlueDart,Delivered
ORD001276,2026-02-12,2026-02-12,Xpressbees,Delivered
ORD001277,2025-11-23,2025-11-23,Xpressbees,Delivered
ORD001278,2025-11-04,2025-11-06,Delhivery,Delivered
ORD001279,2026-01-24,,Xpressbees,In Transit/Lost
ORD001280,2026-06-15,,Ekart,In Transit/Lost
ORD001281,2025-05-30,2025-05-30,Xpressbees,Delivered
ORD001282,2026-01-10,2026-01-10,Delhivery,Delivered
ORD001284,2025-10-29,2025-10-29,Xpressbees,Delivered
ORD001286,2025-06-08,2025-06-08,Xpressbees,Delivered
ORD001287,2025-08-12,2025-08-12,BlueDart,Delivered
ORD001288,2025-08-26,2025-08-29,Xpressbees,Delivered
ORD001289,2025-09-10,2025-09-10,BlueDart,Delivered
ORD001290,2025-05-08,2025-05-08,Xpressbees,Delivered
ORD001291,2025-11-08,2025-11-10,BlueDart,Delivered
ORD001292,2026-09-06,2026-09-06,Xpressbees,Delivered
ORD001293,2026-01-28,2026-01-28,BlueDart,Delivered
ORD001294,2026-03-02,2026-03-04,Ekart,Delivered
ORD001295,2026-05-14,2026-05-17,Delhivery,Delivered
ORD001296,2026-07-24,2026-07-26,Ekart,Delivered
ORD001297,2026-07-09,,BlueDart,In Transit/Lost
ORD001298,2025-04-01,2025-04-01,Xpressbees,Delivered
ORD001299,2025-05-30,2025-05-30,Xpressbees,Delivered
ORD001300,2025-08-12,2025-08-14,Shadowfax,Delivered
ORD001301,2026-01-18,2026-01-19,BlueDart,Delivered
ORD001302,2026-08-08,2026-08-10,Ekart,Delivered
ORD001303,2026-04-28,,Shadowfax,In Transit/Lost
ORD001304,2025-05-30,2025-05-30,Shadowfax,Delivered
ORD001306,2025-11-10,2025-11-10,Xpressbees,Delivered
ORD001308,2026-09-11,2026-09-11,BlueDart,Delivered
ORD001309,2025-06-02,2025-06-09,Delhivery,Delivered
ORD001311,2026-08-03,2026-08-10,BlueDart,Delivered
ORD001312,2026-07-26,2026-08-02,Shadowfax,Delivered
ORD001313,2025-10-01,2025-10-01,Shadowfax,Delivered
ORD001314,2025-10-26,,Xpressbees,In Transit/Lost
ORD001315,2026-01-20,,BlueDart,In Transit/Lost
ORD001316,2026-04-13,2026-04-13,Ekart,Delivered
ORD001317,2025-05-26,2025-05-28,BlueDart,Delivered
ORD001318,2026-07-20,2026-07-22,Ekart,Delivered
ORD001319,2026-07-22,2026-07-22,Xpressbees,Delivered
ORD001320,2026-02-07,2026-02-07,BlueDart,Delivered
ORD001321,2026-02-21,2026-02-21,Shadowfax,Delivered
ORD001322,2026-09-13,2026-09-13,BlueDart,Delivered
ORD001323,2025-04-18,2025-04-18,Shadowfax,Delivered
ORD001324,2026-04-25,2026-04-26,Shadowfax,Delivered
ORD001325,2025-10-01,2025-10-01,BlueDart,Delivered
ORD001327,2025-10-30,,Ekart,In Transit/Lost
ORD001328,2025-11-20,2025-11-20,Shadowfax,Delivered
ORD001329,2026-06-19,2026-06-19,Ekart,Delivered
ORD001330,2025-08-26,2025-08-26,Xpressbees,Delivered
ORD001332,2025-06-05,,Xpressbees,In Transit/Lost
ORD001333,2025-07-02,2025-07-04,BlueDart,Delivered
ORD001334,2026-05-12,2026-05-12,Shadowfax,Delivered
ORD001335,2026-08-01,2026-08-08,Shadowfax,Delivered
ORD001336,2026-08-11,2026-08-11,Xpressbees,Delivered
ORD001337,2025-05-07,2025-05-07,BlueDart,Delivered
ORD001338,2026-07-21,2026-07-21,Delhivery,Delivered
ORD001339,2026-02-08,2026-02-08,Xpressbees,Delivered
ORD001340,2025-10-10,2025-10-11,Delhivery,Delivered
ORD001341,2026-03-11,2026-03-11,Xpressbees,Delivered
ORD001343,2025-11-16,2025-11-16,BlueDart,Delivered
ORD001344,2025-12-22,2025-12-22,Xpressbees,Delivered
ORD001346,2026-08-16,2026-08-16,Shadowfax,Delivered
ORD001347,2025-05-15,,BlueDart,In Transit/Lost
ORD001348,2025-09-01,2025-09-01,Shadowfax,Delivered
ORD001349,2025-09-23,2025-09-23,BlueDart,Delivered
ORD001350,2026-01-23,2026-01-25,Xpressbees,Delivered
ORD001351,2026-07-23,2026-07-25,Xpressbees,Delivered
ORD001352,2026-01-30,2026-02-01,Shadowfax,Delivered
ORD001353,2026-06-21,2026-06-21,Xpressbees,Delivered
ORD001354,2025-11-09,2025-11-10,Delhivery,Delivered
ORD001355,2025-09-14,2025-09-17,BlueDart,Delivered
ORD001356,2025-09-13,2025-09-13,Delhivery,Delivered
ORD001357,2025-06-27,2025-06-27,BlueDart,Delivered
ORD001358,2025-06-11,2025-06-18,Ekart,Delivered
ORD001359,2026-06-08,,BlueDart,In Transit/Lost
ORD001360,2026-04-23,2026-04-26,Xpressbees,Delivered
ORD001361,2026-09-10,2026-09-10,Ekart,Delivered
ORD001362,2025-07-14,2025-07-17,BlueDart,Delivered
ORD001363,2025-12-28,,Shadowfax,In Transit/Lost
ORD001364,2026-01-28,2026-01-28,Xpressbees,Delivered
ORD001365,2026-02-20,2026-02-23,Xpressbees,Delivered
ORD001366,2025-05-17,2025-05-18,BlueDart,Delivered
ORD001368,2025-05-27,2025-05-27,BlueDart,Delivered
ORD001369,2025-08-20,2025-08-21,BlueDart,Delivered
ORD001370,2025-11-15,2025-11-22,Xpressbees,Delivered
ORD001371,2026-07-16,,Delhivery,In Transit/Lost
ORD001372,2025-08-25,2025-08-26,Shadowfax,Delivered
ORD001373,2026-07-31,2026-08-01,Shadowfax,Delivered
ORD001374,2026-09-07,2026-09-07,Delhivery,Delivered
ORD001375,2026-05-05,2026-05-12,BlueDart,Delivered
ORD001376,2026-08-07,2026-08-10,BlueDart,Delivered
ORD001377,2026-03-18,2026-03-18,BlueDart,Delivered
ORD001378,2025-06-07,2025-06-07,Shadowfax,Delivered
ORD001379,2025-07-12,2025-07-15,BlueDart,Delivered
ORD001380,2026-06-19,2026-06-19,Xpressbees,Delivered
ORD001381,2026-05-07,2026-05-14,Delhivery,Delivered
ORD001382,2025-04-08,2025-04-08,Delhivery,Delivered
ORD001383,2026-07-23,2026-07-23,BlueDart,Delivered
ORD001384,2026-08-26,2026-08-28,BlueDart,Delivered
ORD001385,2026-01-10,,Shadowfax,In Transit/Lost
ORD001386,2026-05-31,2026-05-31,BlueDart,Delivered
ORD001387,2025-03-28,2025-03-29,Xpressbees,Delivered
ORD001388,2026-06-16,2026-06-17,Shadowfax,Delivered
ORD001389,2025-04-08,2025-04-09,Ekart,Delivered
ORD001392,2026-01-27,2026-01-28,BlueDart,Delivered
ORD001393,2026-04-23,2026-04-30,Shadowfax,Delivered
ORD001394,2025-12-31,,Shadowfax,In Transit/Lost
ORD001395,2026-06-15,2026-06-15,Shadowfax,Delivered
ORD001396,2025-08-29,2025-09-01,Shadowfax,Delivered
ORD001397,2025-05-21,,Shadowfax,In Transit/Lost
ORD001398,2026-04-11,2026-04-11,BlueDart,Delivered
ORD001400,2025-11-20,2025-11-20,Shadowfax,Delivered
ORD001401,2025-11-11,,Shadowfax,In Transit/Lost
ORD001402,2025-08-14,2025-08-14,Ekart,Delivered
ORD001403,2026-07-03,2026-07-04,Shadowfax,Delivered
ORD001404,2026-09-10,,Shadowfax,In Transit/Lost
ORD001405,2026-04-22,2026-04-24,Shadowfax,Delivered
ORD001406,2025-05-24,2025-05-24,Ekart,Delivered
ORD001407,2025-10-02,2025-10-04,Xpressbees,Delivered
ORD001408,2025-05-06,2025-05-07,Delhivery,Delivered
ORD001409,2026-05-26,2026-05-26,Shadowfax,Delivered
ORD001410,2026-04-22,2026-04-22,Delhivery,Delivered
ORD001411,2025-09-18,,Delhivery,In Transit/Lost
ORD001413,2025-08-19,2025-08-19,Delhivery,Delivered
ORD001414,2026-03-01,2026-03-01,Ekart,Delivered
ORD001415,2025-12-27,2025-12-27,Shadowfax,Delivered
ORD001416,2026-05-17,,Ekart,In Transit/Lost
ORD001417,2026-04-11,2026-04-11,Shadowfax,Delivered
ORD001418,2025-09-10,2025-09-10,Delhivery,Delivered
ORD001419,2026-08-04,2026-08-04,Shadowfax,Delivered
ORD001420,2025-11-12,2025-11-12,BlueDart,Delivered
ORD001421,2026-08-10,2026-08-12,Ekart,Delivered
ORD001422,2026-05-28,2026-05-29,Ekart,Delivered
ORD001423,2025-09-10,2025-09-11,Xpressbees,Delivered
ORD001425,2026-03-16,2026-03-16,Xpressbees,Delivered
ORD001426,2026-07-09,2026-07-10,Xpressbees,Delivered
ORD001427,2025-04-14,2025-04-17,Shadowfax,Delivered
ORD001429,2025-03-30,2025-03-30,BlueDart,Delivered
ORD001430,2025-06-04,2025-06-11,Ekart,Delivered
ORD001431,2025-10-15,2025-10-15,Delhivery,Delivered
ORD001432,2026-08-14,2026-08-17,Delhivery,Delivered
ORD001434,2025-08-16,2025-08-16,Ekart,Delivered
ORD001435,2025-06-12,2025-06-12,BlueDart,Delivered
ORD001437,2026-04-23,2026-04-24,Delhivery,Delivered
ORD001438,2025-08-24,2025-08-26,Ekart,Delivered
ORD001439,2025-07-11,,Xpressbees,In Transit/Lost
ORD001440,2026-07-09,2026-07-16,Xpressbees,Delivered
ORD001441,2026-08-20,2026-08-27,Ekart,Delivered
ORD001442,2026-06-30,2026-06-30,Shadowfax,Delivered
ORD001443,2026-05-03,,Ekart,In Transit/Lost
ORD001444,2025-03-24,2025-03-26,Xpressbees,Delivered
ORD001445,2025-04-30,2025-05-07,Shadowfax,Delivered
ORD001446,2026-01-19,2026-01-20,Shadowfax,Delivered
ORD001447,2025-07-16,2025-07-16,Delhivery,Delivered
ORD001448,2025-06-28,2025-06-28,Ekart,Delivered
ORD001449,2025-11-05,2025-11-08,Xpressbees,Delivered
ORD001450,2025-08-14,2025-08-14,Shadowfax,Delivered
ORD001453,2026-03-04,2026-03-04,Delhivery,Delivered
ORD001454,2025-12-11,2025-12-11,Xpressbees,Delivered
ORD001455,2026-03-13,2026-03-15,Xpressbees,Delivered
ORD001456,2025-06-30,,Shadowfax,In Transit/Lost
ORD001457,2025-09-01,2025-09-02,BlueDart,Delivered
ORD001459,2025-08-30,2025-09-02,Shadowfax,Delivered
ORD001460,2025-12-11,2025-12-11,BlueDart,Delivered
ORD001461,2026-05-27,2026-05-28,BlueDart,Delivered
ORD001462,2025-10-22,2025-10-22,Xpressbees,Delivered
ORD001463,2025-10-04,2025-10-06,Delhivery,Delivered
ORD001464,2025-12-07,2025-12-09,Xpressbees,Delivered
ORD001465,2025-05-16,2025-05-23,Delhivery,Delivered
ORD001466,2025-05-24,,Shadowfax,In Transit/Lost
ORD001467,2026-07-13,2026-07-14,Ekart,Delivered
ORD001468,2026-05-05,2026-05-06,Ekart,Delivered
ORD001469,2025-08-28,2025-08-28,Ekart,Delivered
ORD001470,2026-08-31,,Shadowfax,In Transit/Lost
ORD001472,2026-03-16,2026-03-18,Xpressbees,Delivered
ORD001473,2025-05-24,2025-05-26,Xpressbees,Delivered
ORD001474,2025-12-01,,Ekart,In Transit/Lost
ORD001475,2025-09-11,2025-09-11,Shadowfax,Delivered
ORD001476,2025-05-26,2025-05-27,Delhivery,Delivered
ORD001477,2026-04-06,2026-04-09,Delhivery,Delivered
ORD001478,2026-04-09,2026-04-09,Xpressbees,Delivered
ORD001479,2026-05-14,2026-05-14,Xpressbees,Delivered
ORD001480,2025-12-11,,Shadowfax,In Transit/Lost
ORD001481,2026-06-02,2026-06-09,Shadowfax,Delivered
ORD001483,2025-11-03,2025-11-03,Shadowfax,Delivered
ORD001484,2025-07-27,2025-07-28,Delhivery,Delivered
ORD001485,2025-08-28,2025-08-28,Xpressbees,Delivered
ORD001486,2025-12-23,2025-12-23,BlueDart,Delivered
ORD001487,2026-07-18,2026-07-19,BlueDart,Delivered
ORD001488,2026-05-20,,Ekart,In Transit/Lost
ORD001489,2025-04-25,2025-04-25,Shadowfax,Delivered
ORD001490,2026-05-13,2026-05-20,Ekart,Delivered
ORD001492,2025-09-12,2025-09-15,Delhivery,Delivered
ORD001493,2025-10-23,2025-10-30,Xpressbees,Delivered
ORD001495,2025-10-26,2025-10-28,Ekart,Delivered
ORD001496,2026-07-29,2026-07-29,BlueDart,Delivered
ORD001497,2025-08-17,2025-08-19,Delhivery,Delivered
ORD001498,2026-04-23,,Delhivery,In Transit/Lost
ORD001499,2025-09-23,2025-09-23,Xpressbees,Delivered
ORD001500,2026-06-08,,Xpressbees,In Transit/Lost
ORD001501,2025-09-06,2025-09-09,BlueDart,Delivered
ORD001502,2025-11-01,2025-11-02,Xpressbees,Delivered
ORD001503,2026-01-27,2026-01-27,Ekart,Delivered
ORD001505,2025-07-12,2025-07-14,Shadowfax,Delivered
ORD001506,2026-02-26,2026-02-26,BlueDart,Delivered
ORD001507,2026-08-16,2026-08-16,Delhivery,Delivered
ORD001508,2026-02-19,,BlueDart,In Transit/Lost
ORD001509,2025-09-19,2025-09-22,BlueDart,Delivered
ORD001510,2026-02-13,,Ekart,In Transit/Lost
ORD001511,2025-04-02,2025-04-02,Ekart,Delivered
ORD001512,2026-04-19,2026-04-19,BlueDart,Delivered
ORD001513,2026-05-31,2026-05-31,BlueDart,Delivered
ORD001514,2025-05-11,,Ekart,In Transit/Lost
ORD001515,2026-04-08,2026-04-08,Delhivery,Delivered
ORD001516,2026-07-28,2026-08-04,Delhivery,Delivered
ORD001517,2026-05-13,2026-05-13,Shadowfax,Delivered
ORD001518,2026-01-16,2026-01-16,BlueDart,Delivered
ORD001519,2026-03-12,2026-03-12,Delhivery,Delivered
ORD001520,2025-12-30,2025-12-30,BlueDart,Delivered
ORD001522,2025-07-09,,Xpressbees,In Transit/Lost
ORD001523,2025-06-16,2025-06-16,Delhivery,Delivered
ORD001524,2026-01-07,,Shadowfax,In Transit/Lost
ORD001526,2025-07-27,2025-07-27,Shadowfax,Delivered
ORD001527,2026-05-29,2026-05-29,Ekart,Delivered
ORD001529,2025-09-21,2025-09-23,BlueDart,Delivered
ORD001530,2025-07-17,,BlueDart,In Transit/Lost
ORD001531,2026-04-26,2026-04-27,Ekart,Delivered
ORD001532,2026-08-12,2026-08-12,Ekart,Delivered
ORD001533,2025-04-11,2025-04-11,Delhivery,Delivered
ORD001534,2025-04-04,2025-04-04,Ekart,Delivered
ORD001535,2026-08-14,2026-08-14,Delhivery,Delivered
ORD001536,2025-05-20,,Shadowfax,In Transit/Lost
ORD001537,2025-10-26,2025-10-29,BlueDart,Delivered
ORD001538,2025-12-10,2025-12-10,Delhivery,Delivered
ORD001539,2025-06-17,2025-06-17,BlueDart,Delivered
ORD001540,2025-09-01,,Xpressbees,In Transit/Lost
ORD001541,2025-07-28,2025-07-31,BlueDart,Delivered
ORD001543,2025-08-06,2025-08-08,Delhivery,Delivered
ORD001545,2025-05-28,,BlueDart,In Transit/Lost
ORD001546,2026-05-20,2026-05-27,Xpressbees,Delivered
ORD001547,2026-03-11,2026-03-11,BlueDart,Delivered
ORD001548,2025-06-04,,Delhivery,In Transit/Lost
ORD001549,2026-04-28,2026-04-28,Ekart,Delivered
ORD001550,2025-08-17,2025-08-17,Shadowfax,Delivered
ORD001551,2025-05-08,2025-05-08,BlueDart,Delivered
ORD001552,2025-05-02,2025-05-03,Delhivery,Delivered
ORD001553,2026-04-16,2026-04-16,Xpressbees,Delivered
ORD001554,2026-05-09,2026-05-09,Ekart,Delivered
ORD001555,2025-11-03,2025-11-03,Xpressbees,Delivered
ORD001556,2025-03-30,2025-04-01,BlueDart,Delivered
ORD001557,2026-06-15,,Delhivery,In Transit/Lost
ORD001558,2026-02-15,2026-02-22,Ekart,Delivered
ORD001560,2026-04-26,2026-04-26,Xpressbees,Delivered
ORD001561,2026-05-27,2026-05-27,Shadowfax,Delivered
ORD001562,2025-07-08,,BlueDart,In Transit/Lost
ORD001565,2025-09-16,2025-09-16,Shadowfax,Delivered
ORD001566,2025-12-25,2025-12-25,Shadowfax,Delivered
ORD001567,2025-04-04,,BlueDart,In Transit/Lost
ORD001568,2025-08-20,2025-08-20,BlueDart,Delivered
ORD001569,2025-07-10,2025-07-12,Xpressbees,Delivered
ORD001570,2025-08-13,2025-08-13,BlueDart,Delivered
ORD001571,2026-03-15,2026-03-15,Ekart,Delivered
ORD001572,2025-12-05,,BlueDart,In Transit/Lost
ORD001573,2025-08-28,2025-08-29,Shadowfax,Delivered
ORD001574,2025-05-13,2025-05-13,Shadowfax,Delivered
ORD001575,2026-08-28,,Shadowfax,In Transit/Lost
ORD001576,2026-01-20,2026-01-20,Delhivery,Delivered
ORD001577,2025-12-10,,BlueDart,In Transit/Lost
ORD001578,2026-07-27,2026-07-27,Delhivery,Delivered
ORD001579,2026-01-07,2026-01-07,Shadowfax,Delivered
ORD001580,2025-08-04,2025-08-07,Delhivery,Delivered
ORD001581,2025-04-01,2025-04-08,BlueDart,Delivered
ORD001582,2025-12-18,2025-12-18,Shadowfax,Delivered
ORD001583,2025-10-22,2025-10-22,Xpressbees,Delivered
ORD001584,2025-10-10,2025-10-10,Shadowfax,Delivered
ORD001585,2026-01-13,2026-01-14,Ekart,Delivered
ORD001586,2025-05-20,,Shadowfax,In Transit/Lost
ORD001587,2025-07-22,,Ekart,In Transit/Lost
ORD001588,2026-08-31,2026-08-31,Ekart,Delivered
ORD001589,2025-10-24,2025-10-24,Shadowfax,Delivered
ORD001590,2025-07-28,2025-07-30,Shadowfax,Delivered
ORD001591,2025-10-08,2025-10-08,Shadowfax,Delivered
ORD001592,2026-01-23,2026-01-23,Shadowfax,Delivered
ORD001594,2025-09-20,2025-09-20,BlueDart,Delivered
ORD001595,2026-06-05,2026-06-07,BlueDart,Delivered
ORD001596,2026-09-01,2026-09-03,Delhivery,Delivered
ORD001597,2025-05-13,2025-05-13,Delhivery,Delivered
ORD001598,2025-06-25,2025-06-26,Ekart,Delivered
ORD001599,2026-07-06,2026-07-07,Ekart,Delivered
ORD001600,2025-12-13,2025-12-15,Shadowfax,Delivered
ORD001601,2025-08-05,,Xpressbees,In Transit/Lost
ORD001602,2025-06-09,2025-06-09,Xpressbees,Delivered
ORD001603,2026-02-19,2026-02-20,Delhivery,Delivered
ORD001604,2025-12-04,2025-12-04,Ekart,Delivered
ORD001605,2026-04-19,2026-04-22,Delhivery,Delivered
ORD001606,2026-01-22,,Ekart,In Transit/Lost
ORD001607,2025-07-29,2025-07-29,Delhivery,Delivered
ORD001608,2026-05-12,2026-05-12,Xpressbees,Delivered
ORD001609,2025-08-06,,Ekart,In Transit/Lost
ORD001610,2025-09-07,2025-09-09,Ekart,Delivered
ORD001611,2025-09-24,2025-09-24,Ekart,Delivered
ORD001613,2025-09-13,2025-09-16,Ekart,Delivered
ORD001615,2025-10-29,2025-11-05,Xpressbees,Delivered
ORD001616,2025-03-28,2025-03-28,BlueDart,Delivered
ORD001617,2026-03-31,2026-04-07,Ekart,Delivered
ORD001618,2026-05-05,2026-05-05,BlueDart,Delivered
ORD001619,2026-05-29,2026-05-29,Ekart,Delivered
ORD001620,2026-01-12,2026-01-14,Delhivery,Delivered
ORD001621,2025-09-10,,Shadowfax,In Transit/Lost
ORD001622,2026-03-11,2026-03-12,Ekart,Delivered
ORD001624,2026-04-10,,BlueDart,In Transit/Lost
ORD001625,2025-12-26,2026-01-02,Xpressbees,Delivered
ORD001626,2026-07-01,2026-07-02,Shadowfax,Delivered
ORD001627,2026-09-13,2026-09-13,Xpressbees,Delivered
ORD001628,2025-05-07,2025-05-07,BlueDart,Delivered
ORD001629,2025-05-18,2025-05-18,Delhivery,Delivered
ORD001630,2026-04-07,2026-04-07,Delhivery,Delivered
ORD001631,2025-10-11,2025-10-11,Ekart,Delivered
ORD001632,2026-05-05,2026-05-05,Ekart,Delivered
ORD001633,2025-06-19,2025-06-19,Xpressbees,Delivered
ORD001634,2026-05-03,2026-05-05,Delhivery,Delivered
ORD001636,2025-11-16,2025-11-16,Delhivery,Delivered
ORD001637,2026-08-29,2026-08-29,Delhivery,Delivered
ORD001638,2025-04-15,2025-04-18,Delhivery,Delivered
ORD001639,2025-11-09,2025-11-10,Xpressbees,Delivered
ORD001640,2025-06-25,2025-06-25,BlueDart,Delivered
ORD001641,2026-05-30,2026-05-30,Ekart,Delivered
ORD001642,2025-12-12,2025-12-12,Ekart,Delivered
ORD001643,2026-05-01,2026-05-01,Shadowfax,Delivered
ORD001644,2026-01-15,2026-01-15,Xpressbees,Delivered
ORD001645,2025-10-24,2025-10-26,Ekart,Delivered
ORD001646,2025-08-30,2025-08-30,BlueDart,Delivered
ORD001648,2025-08-30,2025-09-06,Delhivery,Delivered
ORD001649,2026-08-04,2026-08-04,Xpressbees,Delivered
ORD001650,2026-03-26,2026-03-26,Ekart,Delivered
ORD001652,2026-02-19,2026-02-19,Ekart,Delivered
ORD001654,2026-03-09,,Xpressbees,In Transit/Lost
ORD001655,2025-06-08,2025-06-11,Delhivery,Delivered
ORD001656,2026-01-01,2026-01-01,BlueDart,Delivered
ORD001657,2025-07-13,2025-07-13,Xpressbees,Delivered
ORD001659,2026-04-14,2026-04-14,Xpressbees,Delivered
ORD001660,2025-12-29,2026-01-05,Delhivery,Delivered
ORD001661,2025-08-05,2025-08-05,Delhivery,Delivered
ORD001662,2025-11-28,2025-11-28,Ekart,Delivered
ORD001663,2026-08-10,,Ekart,In Transit/Lost
ORD001664,2026-08-06,2026-08-06,Shadowfax,Delivered
ORD001665,2026-04-18,2026-04-20,Shadowfax,Delivered
ORD001667,2025-06-07,2025-06-08,BlueDart,Delivered
ORD001668,2026-01-01,2026-01-01,Delhivery,Delivered
ORD001669,2026-06-14,2026-06-16,Shadowfax,Delivered
ORD001670,2025-03-28,2025-04-04,Ekart,Delivered
ORD001671,2025-11-02,2025-11-02,Shadowfax,Delivered
ORD001672,2025-06-12,2025-06-12,Shadowfax,Delivered
ORD001673,2025-05-01,2025-05-08,Shadowfax,Delivered
ORD001674,2026-09-02,2026-09-03,BlueDart,Delivered
ORD001676,2025-07-05,2025-07-08,Delhivery,Delivered
ORD001679,2025-09-19,,Ekart,In Transit/Lost
ORD001680,2025-04-25,2025-04-27,BlueDart,Delivered
ORD001681,2025-12-03,2025-12-05,BlueDart,Delivered
ORD001682,2025-06-18,2025-06-18,Xpressbees,Delivered
ORD001683,2025-09-29,2025-09-29,Shadowfax,Delivered
ORD001684,2026-01-21,,Shadowfax,In Transit/Lost
ORD001685,2025-07-23,2025-07-26,Delhivery,Delivered
ORD001686,2026-02-26,2026-02-27,Xpressbees,Delivered
ORD001687,2026-08-07,2026-08-09,Xpressbees,Delivered
ORD001688,2025-08-21,2025-08-21,BlueDart,Delivered
ORD001689,2026-06-12,2026-06-12,Delhivery,Delivered
ORD001690,2026-07-07,2026-07-07,BlueDart,Delivered
ORD001691,2026-02-03,2026-02-10,BlueDart,Delivered
ORD001692,2025-09-06,2025-09-06,BlueDart,Delivered
ORD001693,2026-02-24,2026-02-26,Ekart,Delivered
ORD001694,2025-10-29,2025-10-30,BlueDart,Delivered
ORD001695,2025-08-08,2025-08-10,Xpressbees,Delivered
ORD001696,2026-01-10,2026-01-10,BlueDart,Delivered
ORD001697,2026-03-16,2026-03-18,Xpressbees,Delivered
ORD001699,2025-06-16,2025-06-16,Xpressbees,Delivered
ORD001700,2026-04-24,,Delhivery,In Transit/Lost
ORD001701,2025-08-23,2025-08-23,Delhivery,Delivered
ORD001702,2025-08-12,2025-08-13,Xpressbees,Delivered
ORD001703,2025-05-20,2025-05-23,Xpressbees,Delivered
ORD001704,2026-05-27,2026-05-29,BlueDart,Delivered
ORD001705,2026-02-04,2026-02-06,Ekart,Delivered
ORD001706,2026-05-10,2026-05-10,Xpressbees,Delivered
ORD001707,2025-09-20,2025-09-20,Ekart,Delivered
ORD001708,2026-05-13,2026-05-13,Delhivery,Delivered
ORD001709,2026-02-07,2026-02-10,Shadowfax,Delivered
ORD001710,2025-08-19,2025-08-19,Shadowfax,Delivered
ORD001711,2026-06-02,2026-06-02,Shadowfax,Delivered
ORD001712,2026-07-06,,Ekart,In Transit/Lost
ORD001713,2026-03-21,2026-03-28,Delhivery,Delivered
ORD001714,2025-12-05,2025-12-07,Ekart,Delivered
ORD001715,2025-06-22,2025-06-22,Ekart,Delivered
ORD001716,2026-05-20,2026-05-21,Shadowfax,Delivered
ORD001717,2026-09-08,2026-09-08,Delhivery,Delivered
ORD001718,2025-05-11,,Shadowfax,In Transit/Lost
ORD001719,2026-05-31,2026-05-31,Shadowfax,Delivered
ORD001720,2025-06-10,2025-06-10,Delhivery,Delivered
ORD001721,2025-06-23,2025-06-23,Delhivery,Delivered
ORD001722,2026-07-08,2026-07-10,Ekart,Delivered
ORD001723,2025-09-15,2025-09-15,Delhivery,Delivered
ORD001725,2025-04-22,2025-04-22,BlueDart,Delivered
ORD001726,2025-12-24,2025-12-24,BlueDart,Delivered
ORD001727,2025-11-16,2025-11-17,Shadowfax,Delivered
ORD001728,2026-03-18,2026-03-21,BlueDart,Delivered
ORD001729,2025-09-15,2025-09-15,Shadowfax,Delivered
ORD001730,2025-12-21,2025-12-21,Xpressbees,Delivered
ORD001731,2025-05-28,,Ekart,In Transit/Lost
ORD001732,2026-01-19,2026-01-22,Xpressbees,Delivered
ORD001733,2025-10-14,,Xpressbees,In Transit/Lost
ORD001734,2025-10-17,2025-10-17,Xpressbees,Delivered
ORD001735,2025-12-04,2025-12-06,BlueDart,Delivered
ORD001736,2025-09-10,,Delhivery,In Transit/Lost
ORD001737,2025-12-29,2025-12-29,Delhivery,Delivered
ORD001738,2026-01-04,2026-01-07,Delhivery,Delivered
ORD001740,2026-06-23,2026-06-23,Delhivery,Delivered
ORD001741,2026-08-23,2026-08-23,Shadowfax,Delivered
ORD001742,2026-08-17,2026-08-17,Delhivery,Delivered
ORD001743,2026-06-16,2026-06-16,Ekart,Delivered
ORD001744,2026-04-13,2026-04-16,BlueDart,Delivered
ORD001745,2026-06-21,2026-06-23,Xpressbees,Delivered
ORD001746,2026-01-19,2026-01-19,BlueDart,Delivered
ORD001747,2025-12-13,2025-12-20,Xpressbees,Delivered
ORD001748,2026-05-24,2026-05-24,Ekart,Delivered
ORD001749,2026-03-28,2026-03-28,BlueDart,Delivered
ORD001750,2026-01-20,2026-01-23,Ekart,Delivered
ORD001751,2025-11-14,2025-11-17,Shadowfax,Delivered
ORD001752,2025-09-29,2025-09-29,Xpressbees,Delivered
ORD001753,2025-04-07,2025-04-10,BlueDart,Delivered
ORD001754,2025-10-07,2025-10-08,Ekart,Delivered
ORD001755,2025-12-01,2025-12-01,Delhivery,Delivered
ORD001756,2026-03-19,2026-03-19,Shadowfax,Delivered
ORD001757,2026-04-23,2026-04-23,Ekart,Delivered
ORD001758,2025-07-18,2025-07-18,BlueDart,Delivered
ORD001759,2026-01-22,2026-01-25,Delhivery,Delivered
ORD001760,2026-09-12,2026-09-12,BlueDart,Delivered
ORD001761,2026-08-15,2026-08-16,BlueDart,Delivered
ORD001762,2025-10-15,2025-10-15,Ekart,Delivered
ORD001763,2025-06-28,2025-06-30,BlueDart,Delivered
ORD001764,2026-05-02,2026-05-09,Xpressbees,Delivered
ORD001765,2025-03-30,2025-03-30,Xpressbees,Delivered
ORD001766,2025-11-16,2025-11-16,BlueDart,Delivered
ORD001767,2026-01-01,2026-01-03,Xpressbees,Delivered
ORD001768,2025-03-26,,Xpressbees,In Transit/Lost
ORD001769,2025-09-06,2025-09-06,Xpressbees,Delivered
ORD001770,2025-05-14,2025-05-14,Shadowfax,Delivered
ORD001771,2025-10-09,2025-10-11,Ekart,Delivered
ORD001773,2026-08-05,2026-08-05,Shadowfax,Delivered
ORD001774,2026-02-14,2026-02-15,Delhivery,Delivered
ORD001775,2025-04-12,2025-04-14,Delhivery,Delivered
ORD001776,2025-08-19,2025-08-22,BlueDart,Delivered
ORD001778,2025-04-16,2025-04-18,Xpressbees,Delivered
ORD001779,2026-04-02,,Ekart,In Transit/Lost
ORD001780,2025-08-09,2025-08-16,Xpressbees,Delivered
ORD001781,2026-02-25,2026-03-04,Shadowfax,Delivered
ORD001782,2026-08-30,2026-09-02,BlueDart,Delivered
ORD001783,2026-06-10,2026-06-10,Shadowfax,Delivered
ORD001784,2026-07-02,2026-07-03,Shadowfax,Delivered
ORD001786,2026-09-15,,Delhivery,In Transit/Lost
ORD001787,2026-03-01,2026-03-01,BlueDart,Delivered
ORD001788,2025-12-13,2025-12-20,Ekart,Delivered
ORD001789,2025-12-03,2025-12-03,Shadowfax,Delivered
ORD001790,2026-07-10,2026-07-10,Shadowfax,Delivered
ORD001791,2026-05-03,2026-05-03,Shadowfax,Delivered
ORD001792,2026-06-02,2026-06-02,Ekart,Delivered
ORD001793,2025-04-13,2025-04-16,Ekart,Delivered
ORD001794,2025-04-08,2025-04-08,BlueDart,Delivered
ORD001795,2026-07-20,2026-07-23,Delhivery,Delivered
ORD001796,2025-06-16,2025-06-16,Ekart,Delivered
ORD001797,2026-04-26,2026-04-26,BlueDart,Delivered
ORD001798,2026-07-08,,Xpressbees,In Transit/Lost
ORD001799,2025-06-02,2025-06-03,Xpressbees,Delivered
ORD001800,2025-11-05,2025-11-05,Ekart,Delivered
ORD001801,2026-06-23,2026-06-30,Delhivery,Delivered
ORD001802,2025-04-24,2025-04-26,Xpressbees,Delivered
ORD001803,2026-03-03,2026-03-03,Xpressbees,Delivered
ORD001804,2025-04-25,2025-04-26,BlueDart,Delivered
ORD001805,2025-05-16,2025-05-17,Shadowfax,Delivered
ORD001806,2026-01-12,2026-01-12,Xpressbees,Delivered
ORD001809,2026-02-19,2026-02-21,Delhivery,Delivered
ORD001810,2025-04-04,,Xpressbees,In Transit/Lost
ORD001811,2026-06-18,2026-06-18,Delhivery,Delivered
ORD001812,2026-06-27,,Delhivery,In Transit/Lost
ORD001813,2025-09-09,2025-09-12,Ekart,Delivered
ORD001815,2026-07-28,2026-07-29,Ekart,Delivered
ORD001816,2026-02-05,2026-02-08,BlueDart,Delivered
ORD001817,2026-08-17,2026-08-17,Ekart,Delivered
ORD001818,2025-12-26,2025-12-26,Xpressbees,Delivered
ORD001819,2026-08-12,2026-08-12,BlueDart,Delivered
ORD001820,2025-10-29,,BlueDart,In Transit/Lost
ORD001821,2026-06-19,2026-06-19,Xpressbees,Delivered
ORD001822,2026-03-21,2026-03-21,Xpressbees,Delivered
ORD001823,2025-04-30,2025-04-30,Ekart,Delivered
ORD001824,2026-06-13,2026-06-13,Delhivery,Delivered
ORD001825,2025-12-19,2025-12-21,Shadowfax,Delivered
ORD001826,2026-04-21,2026-04-22,Ekart,Delivered
ORD001827,2025-05-09,2025-05-09,BlueDart,Delivered
ORD001828,2025-11-18,,Ekart,In Transit/Lost
ORD001829,2025-08-21,2025-08-21,Ekart,Delivered
ORD001830,2025-07-11,2025-07-14,BlueDart,Delivered
ORD001831,2025-12-20,2025-12-20,Xpressbees,Delivered
ORD001833,2026-05-03,,BlueDart,In Transit/Lost
ORD001834,2026-06-21,,Shadowfax,In Transit/Lost
ORD001836,2025-08-19,2025-08-22,Shadowfax,Delivered
ORD001837,2025-10-01,,Shadowfax,In Transit/Lost
ORD001838,2025-09-24,,Ekart,In Transit/Lost
ORD001839,2026-01-24,2026-01-24,Shadowfax,Delivered
ORD001840,2026-04-05,2026-04-08,Ekart,Delivered
ORD001843,2025-05-26,2025-05-26,Ekart,Delivered
ORD001844,2025-05-10,,Ekart,In Transit/Lost
ORD001845,2026-04-20,2026-04-20,Shadowfax,Delivered
ORD001847,2026-02-08,,Shadowfax,In Transit/Lost
ORD001848,2026-08-26,2026-08-26,BlueDart,Delivered
ORD001849,2026-05-13,2026-05-20,BlueDart,Delivered
ORD001850,2026-05-24,2026-05-24,Delhivery,Delivered
ORD001851,2025-07-20,2025-07-20,Xpressbees,Delivered
ORD001852,2025-10-11,2025-10-11,Xpressbees,Delivered
ORD001853,2025-05-06,2025-05-06,Xpressbees,Delivered
ORD001854,2026-04-21,2026-04-24,Shadowfax,Delivered
ORD001856,2026-06-21,2026-06-21,BlueDart,Delivered
ORD001857,2026-03-04,2026-03-05,Xpressbees,Delivered
ORD001859,2025-07-07,2025-07-07,Delhivery,Delivered
ORD001860,2026-05-08,2026-05-08,Xpressbees,Delivered
ORD001861,2025-06-05,,BlueDart,In Transit/Lost
ORD001862,2025-04-20,2025-04-20,Xpressbees,Delivered
ORD001863,2026-04-09,2026-04-09,Shadowfax,Delivered
ORD001864,2025-06-30,,Xpressbees,In Transit/Lost
ORD001865,2025-06-06,2025-06-06,Ekart,Delivered
ORD001866,2025-09-11,2025-09-11,Xpressbees,Delivered
ORD001867,2025-07-25,2025-07-26,Ekart,Delivered
ORD001868,2025-07-03,2025-07-04,Delhivery,Delivered
ORD001869,2026-07-14,2026-07-14,Xpressbees,Delivered
ORD001871,2025-08-30,2025-08-30,Ekart,Delivered
ORD001872,2026-04-06,2026-04-09,Delhivery,Delivered
ORD001873,2025-08-12,2025-08-12,BlueDart,Delivered
ORD001874,2025-12-13,2025-12-20,Shadowfax,Delivered
ORD001875,2026-01-31,2026-01-31,Shadowfax,Delivered
ORD001876,2025-09-27,2025-09-27,Xpressbees,Delivered
ORD001877,2026-03-07,,Shadowfax,In Transit/Lost
ORD001878,2025-11-21,2025-11-24,Delhivery,Delivered
ORD001879,2026-03-01,2026-03-04,BlueDart,Delivered
ORD001880,2026-06-16,,BlueDart,In Transit/Lost
ORD001881,2025-04-13,2025-04-13,BlueDart,Delivered
ORD001882,2026-06-18,2026-06-18,BlueDart,Delivered
ORD001883,2025-10-17,2025-10-17,Ekart,Delivered
ORD001884,2026-01-10,2026-01-10,Shadowfax,Delivered
ORD001886,2026-04-06,2026-04-06,Shadowfax,Delivered
ORD001887,2025-09-28,2025-10-01,Xpressbees,Delivered
ORD001888,2026-06-06,2026-06-06,Xpressbees,Delivered
ORD001889,2026-05-26,2026-05-26,BlueDart,Delivered
ORD001890,2025-07-15,2025-07-16,Delhivery,Delivered
ORD001891,2026-04-06,2026-04-08,Ekart,Delivered
ORD001892,2025-12-22,,BlueDart,In Transit/Lost
ORD001893,2026-06-17,2026-06-20,Shadowfax,Delivered
ORD001894,2026-05-26,2026-05-26,Xpressbees,Delivered
ORD001895,2025-05-13,2025-05-20,Ekart,Delivered
ORD001896,2026-05-14,2026-05-14,BlueDart,Delivered
ORD001897,2025-08-10,,BlueDart,In Transit/Lost
ORD001898,2025-12-01,2025-12-02,Delhivery,Delivered
ORD001900,2025-05-26,,Ekart,In Transit/Lost
ORD001901,2026-03-14,,Delhivery,In Transit/Lost
ORD001902,2025-07-01,2025-07-02,Xpressbees,Delivered
ORD001903,2025-06-08,2025-06-15,Ekart,Delivered
ORD001904,2026-02-02,2026-02-02,Shadowfax,Delivered
ORD001905,2025-10-11,2025-10-11,BlueDart,Delivered
ORD001907,2026-02-06,2026-02-06,BlueDart,Delivered
ORD001908,2025-04-10,2025-04-10,Shadowfax,Delivered
ORD001909,2026-04-06,2026-04-07,Shadowfax,Delivered
ORD001910,2026-02-25,,Ekart,In Transit/Lost
ORD001911,2026-07-07,2026-07-14,Xpressbees,Delivered
ORD001912,2025-03-27,,Delhivery,In Transit/Lost
ORD001913,2025-11-08,,Delhivery,In Transit/Lost
ORD001914,2025-09-21,,Delhivery,In Transit/Lost
ORD001915,2026-03-09,2026-03-10,Xpressbees,Delivered
ORD001916,2025-05-16,2025-05-16,BlueDart,Delivered
ORD001917,2026-07-29,,BlueDart,In Transit/Lost
ORD001918,2025-09-05,,Xpressbees,In Transit/Lost
ORD001919,2025-12-02,2025-12-02,Delhivery,Delivered
ORD001921,2025-04-03,2025-04-06,Shadowfax,Delivered
ORD001922,2026-06-04,2026-06-05,Shadowfax,Delivered
ORD001923,2025-11-25,2025-11-26,Xpressbees,Delivered
ORD001924,2026-01-28,2026-01-29,Shadowfax,Delivered
ORD001925,2025-11-12,2025-11-13,Xpressbees,Delivered
ORD001926,2025-10-26,2025-10-26,Ekart,Delivered
ORD001927,2026-06-17,2026-06-17,Ekart,Delivered
ORD001928,2025-08-08,2025-08-08,Xpressbees,Delivered
ORD001929,2025-10-10,,Delhivery,In Transit/Lost
ORD001930,2025-09-24,2025-09-27,Delhivery,Delivered
ORD001931,2026-03-26,2026-03-29,BlueDart,Delivered
ORD001932,2025-09-04,2025-09-04,BlueDart,Delivered
ORD001933,2026-08-31,2026-08-31,BlueDart,Delivered
ORD001934,2026-07-11,2026-07-14,BlueDart,Delivered
ORD001935,2026-05-09,2026-05-09,Delhivery,Delivered
ORD001936,2026-07-22,2026-07-22,Delhivery,Delivered
ORD001937,2025-12-23,2025-12-23,Ekart,Delivered
ORD001938,2025-11-08,,Shadowfax,In Transit/Lost
ORD001940,2026-08-20,2026-08-23,Shadowfax,Delivered
ORD001941,2025-10-28,2025-10-28,Shadowfax,Delivered
ORD001942,2025-04-09,,Delhivery,In Transit/Lost
ORD001943,2025-12-27,2025-12-28,Ekart,Delivered
ORD001945,2026-07-14,,Xpressbees,In Transit/Lost
ORD001946,2026-08-28,,Shadowfax,In Transit/Lost
ORD001947,2026-08-15,2026-08-15,Delhivery,Delivered
ORD001948,2025-07-09,2025-07-09,Delhivery,Delivered
ORD001949,2026-09-02,2026-09-04,Xpressbees,Delivered
ORD001950,2026-05-02,2026-05-03,Ekart,Delivered
ORD001951,2025-06-02,2025-06-02,Ekart,Delivered
ORD001952,2025-09-21,2025-09-21,Ekart,Delivered
ORD001953,2026-08-24,2026-08-25,Delhivery,Delivered
ORD001954,2026-08-28,2026-09-04,Shadowfax,Delivered
ORD001955,2025-09-07,,Shadowfax,In Transit/Lost
ORD001956,2026-05-12,2026-05-12,Shadowfax,Delivered
ORD001957,2026-05-29,2026-05-29,Xpressbees,Delivered
ORD001958,2025-11-28,2025-11-28,Delhivery,Delivered
ORD001959,2025-06-22,2025-06-29,Xpressbees,Delivered
ORD001960,2025-03-25,2025-03-25,Delhivery,Delivered
ORD001961,2025-06-13,2025-06-13,Shadowfax,Delivered
ORD001962,2026-07-12,2026-07-14,Delhivery,Delivered
ORD001963,2025-09-03,2025-09-04,Ekart,Delivered
ORD001964,2025-05-05,2025-05-05,Shadowfax,Delivered
ORD001965,2025-07-28,2025-07-28,Xpressbees,Delivered
ORD001966,2025-07-10,2025-07-10,Delhivery,Delivered
ORD001967,2025-05-12,2025-05-12,Delhivery,Delivered
ORD001968,2025-08-03,2025-08-04,Shadowfax,Delivered
ORD001969,2026-03-27,2026-03-27,Ekart,Delivered
ORD001970,2026-06-24,2026-06-24,BlueDart,Delivered
ORD001971,2025-10-14,2025-10-14,Xpressbees,Delivered
ORD001972,2025-12-05,2025-12-05,BlueDart,Delivered
ORD001973,2025-09-28,,Delhivery,In Transit/Lost
ORD001974,2025-12-03,2025-12-04,BlueDart,Delivered
ORD001975,2026-03-30,2026-03-30,Delhivery,Delivered
ORD001976,2026-04-04,,Shadowfax,In Transit/Lost
ORD001977,2026-07-29,2026-07-29,Delhivery,Delivered
ORD001978,2026-03-21,,BlueDart,In Transit/Lost
ORD001979,2026-06-17,2026-06-19,Xpressbees,Delivered
ORD001980,2026-04-11,2026-04-18,Shadowfax,Delivered
ORD001981,2026-05-09,2026-05-12,Delhivery,Delivered
ORD001982,2025-05-13,2025-05-13,BlueDart,Delivered
ORD001983,2025-06-01,2025-06-08,Xpressbees,Delivered
ORD001984,2026-05-12,2026-05-13,Ekart,Delivered
ORD001985,2025-06-06,,BlueDart,In Transit/Lost
ORD001986,2026-05-15,2026-05-15,BlueDart,Delivered
ORD001987,2026-07-23,2026-07-23,BlueDart,Delivered
ORD001989,2026-04-23,,BlueDart,In Transit/Lost
ORD001990,2025-11-07,2025-11-09,Shadowfax,Delivered
ORD001992,2025-04-30,2025-04-30,Shadowfax,Delivered
ORD001993,2025-12-11,2025-12-11,Delhivery,Delivered
ORD001994,2026-04-28,2026-04-28,Xpressbees,Delivered
ORD001995,2026-02-03,2026-02-03,Xpressbees,Delivered
ORD001996,2025-07-23,2025-07-23,Shadowfax,Delivered
ORD001997,2026-02-17,2026-02-17,Delhivery,Delivered
ORD001998,2026-05-11,2026-05-14,Delhivery,Delivered
ORD001999,2025-10-10,,Shadowfax,In Transit/Lost
ORD002000,2025-09-22,2025-09-22,Shadowfax,Delivered
ORD002001,2026-06-12,2026-06-13,Ekart,Delivered
ORD002002,2026-02-16,2026-02-17,Ekart,Delivered
ORD002003,2026-05-03,2026-05-03,BlueDart,Delivered
ORD002005,2026-03-08,2026-03-08,Xpressbees,Delivered
ORD002006,2025-06-06,2025-06-07,BlueDart,Delivered
ORD002007,2025-07-02,2025-07-05,Xpressbees,Delivered
ORD002008,2025-07-16,2025-07-16,BlueDart,Delivered
ORD002009,2025-11-15,2025-11-15,Ekart,Delivered
ORD002010,2025-09-25,2025-09-25,BlueDart,Delivered
ORD002011,2026-03-11,,Xpressbees,In Transit/Lost
ORD002012,2025-11-08,2025-11-10,BlueDart,Delivered
ORD002013,2025-08-23,2025-08-26,Delhivery,Delivered
ORD002014,2025-10-18,2025-10-18,BlueDart,Delivered
ORD002015,2026-06-09,2026-06-09,Ekart,Delivered
ORD002016,2025-04-11,2025-04-11,Xpressbees,Delivered
ORD002017,2026-08-22,2026-08-29,Shadowfax,Delivered
ORD002018,2025-11-06,,Xpressbees,In Transit/Lost
ORD002019,2025-06-19,2025-06-26,Delhivery,Delivered
ORD002020,2026-03-28,2026-03-29,Xpressbees,Delivered
ORD002022,2025-12-02,2025-12-03,Shadowfax,Delivered
ORD002023,2025-05-09,2025-05-10,Delhivery,Delivered
ORD002024,2026-03-29,,Xpressbees,In Transit/Lost
ORD002026,2026-07-03,2026-07-04,BlueDart,Delivered
ORD002027,2026-06-02,2026-06-04,Shadowfax,Delivered
ORD002028,2025-04-01,,Xpressbees,In Transit/Lost
ORD002030,2026-01-27,2026-01-30,Ekart,Delivered
ORD002032,2025-11-26,2025-11-26,Ekart,Delivered
ORD002033,2025-12-11,2025-12-11,BlueDart,Delivered
ORD002034,2026-08-26,,Ekart,In Transit/Lost
ORD002035,2025-10-26,2025-10-26,Shadowfax,Delivered
ORD002036,2026-05-14,2026-05-14,BlueDart,Delivered
ORD002037,2025-09-03,2025-09-05,Ekart,Delivered
ORD002038,2025-08-10,2025-08-10,Delhivery,Delivered
ORD002039,2026-03-03,2026-03-10,Shadowfax,Delivered
ORD002040,2026-02-14,2026-02-14,Xpressbees,Delivered
ORD002041,2026-06-02,2026-06-02,Shadowfax,Delivered
ORD002042,2025-11-23,2025-11-26,Delhivery,Delivered
ORD002043,2025-10-12,,BlueDart,In Transit/Lost
ORD002044,2025-12-04,,Xpressbees,In Transit/Lost
ORD002045,2025-09-19,2025-09-19,Shadowfax,Delivered
ORD002046,2026-01-08,2026-01-08,BlueDart,Delivered
ORD002047,2025-10-07,2025-10-07,Ekart,Delivered
ORD002048,2026-05-23,2026-05-25,Ekart,Delivered
ORD002049,2026-09-06,,Xpressbees,In Transit/Lost
ORD002050,2026-01-04,2026-01-06,Shadowfax,Delivered
ORD002051,2025-10-19,2025-10-19,Delhivery,Delivered
ORD002052,2026-03-24,2026-03-25,Delhivery,Delivered
ORD002053,2025-06-12,2025-06-15,Xpressbees,Delivered
ORD002054,2025-09-23,2025-09-24,Delhivery,Delivered
ORD002055,2026-08-10,2026-08-12,Shadowfax,Delivered
ORD002057,2025-07-09,2025-07-09,BlueDart,Delivered
ORD002058,2026-06-07,2026-06-08,Xpressbees,Delivered
ORD002059,2026-04-22,2026-04-29,Shadowfax,Delivered
ORD002060,2025-11-26,2025-11-28,Delhivery,Delivered
ORD002061,2025-04-18,2025-04-18,Delhivery,Delivered
ORD002062,2025-08-23,2025-08-25,BlueDart,Delivered
ORD002063,2025-05-29,2025-06-01,Shadowfax,Delivered
ORD002064,2025-12-15,2025-12-15,Ekart,Delivered
ORD002065,2025-10-09,2025-10-11,BlueDart,Delivered
ORD002066,2026-07-17,2026-07-18,Shadowfax,Delivered
ORD002067,2026-03-28,2026-03-28,Ekart,Delivered
ORD002068,2025-08-06,2025-08-08,Ekart,Delivered
ORD002069,2025-09-23,2025-09-23,Xpressbees,Delivered
ORD002070,2025-08-29,2025-08-31,Delhivery,Delivered
ORD002071,2026-06-11,2026-06-14,Ekart,Delivered
ORD002072,2026-01-12,2026-01-12,Delhivery,Delivered
ORD002073,2025-06-27,2025-06-27,Ekart,Delivered
ORD002074,2025-10-01,2025-10-01,Ekart,Delivered
ORD002075,2025-04-02,2025-04-02,Shadowfax,Delivered
ORD002076,2025-09-16,2025-09-16,Ekart,Delivered
ORD002077,2026-03-01,2026-03-01,BlueDart,Delivered
ORD002078,2026-02-09,2026-02-12,Xpressbees,Delivered
ORD002079,2025-10-03,2025-10-04,Ekart,Delivered
ORD002080,2025-04-12,2025-04-19,BlueDart,Delivered
ORD002081,2026-04-27,2026-04-27,Shadowfax,Delivered
ORD002082,2025-08-05,2025-08-07,BlueDart,Delivered
ORD002083,2025-05-07,2025-05-07,Ekart,Delivered
ORD002085,2026-04-22,2026-04-22,Ekart,Delivered
ORD002086,2026-02-28,,Delhivery,In Transit/Lost
ORD002087,2025-11-12,2025-11-12,Shadowfax,Delivered
ORD002088,2025-08-21,2025-08-21,BlueDart,Delivered
ORD002089,2026-08-31,2026-08-31,BlueDart,Delivered
ORD002090,2026-03-30,2026-04-01,Shadowfax,Delivered
ORD002091,2025-08-02,2025-08-04,Delhivery,Delivered
ORD002092,2026-06-14,2026-06-16,Shadowfax,Delivered
ORD002093,2026-06-19,2026-06-22,Ekart,Delivered
ORD002094,2026-04-24,2026-04-24,BlueDart,Delivered
ORD002095,2026-01-02,,Delhivery,In Transit/Lost
ORD002096,2025-11-25,2025-11-28,Delhivery,Delivered
ORD002097,2025-05-04,2025-05-04,Xpressbees,Delivered
ORD002098,2025-10-13,2025-10-15,Xpressbees,Delivered
ORD002099,2025-06-11,2025-06-11,Ekart,Delivered
ORD002100,2026-09-01,2026-09-02,Ekart,Delivered
ORD002101,2026-03-02,2026-03-03,BlueDart,Delivered
ORD002102,2026-07-15,2026-07-15,Ekart,Delivered
ORD002103,2025-10-16,2025-10-16,BlueDart,Delivered
ORD002104,2026-09-05,2026-09-08,Xpressbees,Delivered
ORD002105,2025-05-04,2025-05-07,Delhivery,Delivered
ORD002106,2026-08-08,2026-08-08,Shadowfax,Delivered
ORD002107,2026-05-04,,Shadowfax,In Transit/Lost
ORD002108,2025-11-08,2025-11-11,Xpressbees,Delivered
ORD002109,2025-04-07,2025-04-14,Xpressbees,Delivered
ORD002110,2026-08-18,2026-08-18,Xpressbees,Delivered
ORD002111,2025-08-11,,Shadowfax,In Transit/Lost
ORD002112,2026-03-10,2026-03-10,BlueDart,Delivered
ORD002113,2026-07-12,2026-07-13,Shadowfax,Delivered
ORD002117,2025-07-05,2025-07-12,Ekart,Delivered
ORD002118,2025-08-11,2025-08-11,Ekart,Delivered
ORD002119,2025-09-02,2025-09-02,Delhivery,Delivered
ORD002120,2025-12-28,2025-12-29,Ekart,Delivered
ORD002121,2026-06-29,2026-06-30,Shadowfax,Delivered
ORD002122,2025-08-03,2025-08-03,Delhivery,Delivered
ORD002124,2025-10-12,2025-10-12,Ekart,Delivered
ORD002125,2025-12-05,2025-12-06,Shadowfax,Delivered
ORD002126,2026-05-08,2026-05-08,Xpressbees,Delivered
ORD002127,2025-11-13,,Ekart,In Transit/Lost
ORD002128,2026-05-03,2026-05-03,Delhivery,Delivered
ORD002129,2026-05-19,2026-05-19,Delhivery,Delivered
ORD002130,2025-08-20,,Ekart,In Transit/Lost
ORD002131,2026-03-22,2026-03-22,Delhivery,Delivered
ORD002133,2026-07-29,2026-07-29,Delhivery,Delivered
ORD002134,2026-03-25,2026-03-26,Delhivery,Delivered
ORD002135,2025-08-19,2025-08-19,BlueDart,Delivered
ORD002136,2025-10-29,2025-11-05,Ekart,Delivered
ORD002137,2025-04-05,2025-04-06,Xpressbees,Delivered
ORD002139,2025-06-01,2025-06-01,Ekart,Delivered
ORD002140,2025-08-14,2025-08-14,Xpressbees,Delivered
ORD002141,2026-02-11,2026-02-13,BlueDart,Delivered
ORD002142,2026-09-01,2026-09-02,Delhivery,Delivered
ORD002143,2025-09-10,2025-09-10,Ekart,Delivered
ORD002144,2025-07-20,2025-07-20,BlueDart,Delivered
ORD002145,2025-04-04,,Delhivery,In Transit/Lost
ORD002147,2025-04-29,,BlueDart,In Transit/Lost
ORD002148,2025-08-26,2025-08-29,Ekart,Delivered
ORD002149,2026-04-12,2026-04-12,Xpressbees,Delivered
ORD002150,2026-06-14,2026-06-16,Xpressbees,Delivered
ORD002151,2026-02-03,2026-02-03,Xpressbees,Delivered
ORD002152,2026-03-01,2026-03-01,Ekart,Delivered
ORD002153,2025-09-17,2025-09-17,Shadowfax,Delivered
ORD002154,2025-10-20,2025-10-20,Delhivery,Delivered
ORD002156,2025-03-30,2025-04-01,Xpressbees,Delivered
ORD002157,2025-09-23,2025-09-23,Ekart,Delivered
ORD002158,2025-09-27,2025-09-30,Xpressbees,Delivered
ORD002159,2025-11-20,2025-11-21,Delhivery,Delivered
ORD002160,2025-11-30,2025-12-01,BlueDart,Delivered
ORD002161,2026-04-27,2026-04-27,BlueDart,Delivered
ORD002163,2026-04-06,2026-04-13,BlueDart,Delivered
ORD002164,2026-03-24,2026-03-25,Xpressbees,Delivered
ORD002165,2025-08-08,2025-08-09,BlueDart,Delivered
ORD002166,2025-04-10,2025-04-10,BlueDart,Delivered
ORD002167,2026-06-26,2026-06-26,Xpressbees,Delivered
ORD002168,2026-08-28,2026-08-28,Shadowfax,Delivered
ORD002169,2026-02-27,2026-02-28,Shadowfax,Delivered
ORD002170,2026-01-22,2026-01-25,BlueDart,Delivered
ORD002171,2025-09-28,2025-10-01,BlueDart,Delivered
ORD002172,2025-07-14,2025-07-16,Xpressbees,Delivered
ORD002173,2026-09-06,2026-09-06,Xpressbees,Delivered
ORD002175,2025-08-28,2025-08-30,Shadowfax,Delivered
ORD002176,2025-09-11,2025-09-12,Xpressbees,Delivered
ORD002177,2026-03-22,2026-03-23,Shadowfax,Delivered
ORD002179,2026-02-23,2026-02-24,Delhivery,Delivered
ORD002181,2025-09-30,2025-09-30,Xpressbees,Delivered
ORD002182,2025-11-12,,Ekart,In Transit/Lost
ORD002183,2026-09-13,2026-09-16,Ekart,Delivered
ORD002185,2026-09-01,2026-09-01,BlueDart,Delivered
ORD002186,2026-01-20,,Delhivery,In Transit/Lost
ORD002187,2025-12-15,2025-12-22,Ekart,Delivered
ORD002188,2025-07-27,2025-07-29,Shadowfax,Delivered
ORD002189,2026-08-03,2026-08-05,Xpressbees,Delivered
ORD002190,2025-06-04,2025-06-04,Xpressbees,Delivered
ORD002191,2026-02-15,,Delhivery,In Transit/Lost
ORD002192,2026-06-27,2026-06-27,Ekart,Delivered
ORD002193,2025-05-16,2025-05-19,Shadowfax,Delivered
ORD002194,2025-07-21,2025-07-21,Ekart,Delivered
ORD002196,2026-01-28,2026-01-28,Shadowfax,Delivered
ORD002199,2026-05-19,2026-05-19,Xpressbees,Delivered
ORD002200,2026-04-23,2026-04-30,Delhivery,Delivered
ORD002202,2025-10-30,2025-11-02,Delhivery,Delivered
ORD002203,2026-05-05,2026-05-05,Delhivery,Delivered
ORD002204,2025-11-03,,Ekart,In Transit/Lost
ORD002205,2026-02-11,2026-02-14,BlueDart,Delivered
ORD002206,2025-09-14,2025-09-15,Shadowfax,Delivered
ORD002207,2025-10-07,2025-10-14,Xpressbees,Delivered
ORD002208,2025-05-22,,Ekart,In Transit/Lost
ORD002209,2026-07-15,,Shadowfax,In Transit/Lost
ORD002210,2026-08-23,2026-08-30,Xpressbees,Delivered
ORD002211,2026-05-11,2026-05-11,BlueDart,Delivered
ORD002212,2025-09-11,,Shadowfax,In Transit/Lost
ORD002213,2026-01-08,2026-01-09,BlueDart,Delivered
ORD002214,2025-10-23,2025-10-24,BlueDart,Delivered
ORD002215,2026-07-01,2026-07-08,Delhivery,Delivered
ORD002216,2025-12-18,2025-12-18,Xpressbees,Delivered
ORD002217,2025-12-01,2025-12-01,Ekart,Delivered
ORD002218,2026-06-13,2026-06-13,BlueDart,Delivered
ORD002219,2025-11-22,2025-11-22,Shadowfax,Delivered
ORD002220,2026-08-06,2026-08-06,Shadowfax,Delivered
ORD002222,2025-08-25,2025-08-28,BlueDart,Delivered
ORD002223,2026-01-04,2026-01-04,BlueDart,Delivered
ORD002224,2025-09-21,2025-09-21,Ekart,Delivered
ORD002225,2025-11-28,2025-11-28,BlueDart,Delivered
ORD002226,2025-06-27,2025-06-27,BlueDart,Delivered
ORD002228,2025-10-18,2025-10-18,Xpressbees,Delivered
ORD002229,2026-03-11,2026-03-18,BlueDart,Delivered
ORD002230,2026-08-31,,Shadowfax,In Transit/Lost
ORD002231,2025-10-30,2025-11-02,BlueDart,Delivered
ORD002232,2026-03-03,2026-03-03,Ekart,Delivered
ORD002233,2026-02-22,2026-02-25,Shadowfax,Delivered
ORD002234,2025-06-06,2025-06-06,Xpressbees,Delivered
ORD002235,2026-02-21,2026-02-22,Xpressbees,Delivered
ORD002236,2026-09-14,2026-09-15,Ekart,Delivered
ORD002237,2026-02-11,2026-02-13,BlueDart,Delivered
ORD002238,2026-04-24,2026-04-24,Shadowfax,Delivered
ORD002239,2026-08-18,2026-08-19,Delhivery,Delivered
ORD002240,2025-09-14,2025-09-14,Ekart,Delivered
ORD002241,2025-08-05,2025-08-05,BlueDart,Delivered
ORD002242,2026-01-27,2026-01-27,Shadowfax,Delivered
ORD002243,2025-12-05,2025-12-05,Xpressbees,Delivered
ORD002244,2025-05-13,2025-05-16,Delhivery,Delivered
ORD002245,2025-10-11,2025-10-14,BlueDart,Delivered
ORD002246,2026-04-29,2026-04-29,BlueDart,Delivered
ORD002247,2026-07-16,2026-07-16,Ekart,Delivered
ORD002250,2026-07-05,2026-07-05,Ekart,Delivered
ORD002251,2026-06-26,2026-06-28,Xpressbees,Delivered
ORD002252,2025-06-20,2025-06-23,Xpressbees,Delivered
ORD002253,2025-10-11,2025-10-11,Xpressbees,Delivered
ORD002254,2026-07-09,2026-07-12,Shadowfax,Delivered
ORD002255,2025-06-28,2025-06-28,Shadowfax,Delivered
ORD002256,2026-08-11,,Shadowfax,In Transit/Lost
ORD002258,2025-09-16,2025-09-16,Shadowfax,Delivered
ORD002259,2025-08-31,2025-09-01,Ekart,Delivered
ORD002260,2026-07-19,,Shadowfax,In Transit/Lost
ORD002261,2025-07-13,2025-07-14,Delhivery,Delivered
ORD002262,2025-11-30,2025-12-07,Delhivery,Delivered
ORD002264,2026-02-13,2026-02-13,Delhivery,Delivered
ORD002265,2026-09-10,2026-09-12,Ekart,Delivered
ORD002266,2026-05-27,,BlueDart,In Transit/Lost
ORD002267,2026-09-02,2026-09-02,Xpressbees,Delivered
ORD002268,2025-12-21,2025-12-23,Shadowfax,Delivered
ORD002269,2025-05-24,2025-05-24,Delhivery,Delivered
ORD002270,2026-02-14,2026-02-14,Delhivery,Delivered
ORD002271,2025-09-18,2025-09-18,BlueDart,Delivered
ORD002273,2025-06-18,,BlueDart,In Transit/Lost
ORD002274,2025-11-30,2025-11-30,Ekart,Delivered
ORD002275,2026-08-25,2026-09-01,Ekart,Delivered
ORD002276,2025-03-26,2025-03-29,Xpressbees,Delivered
ORD002277,2025-04-12,2025-04-12,Xpressbees,Delivered
ORD002278,2026-03-24,2026-03-24,Ekart,Delivered
ORD002279,2026-07-05,2026-07-05,Xpressbees,Delivered
ORD002280,2026-09-14,2026-09-14,Delhivery,Delivered
ORD002281,2026-07-04,,Xpressbees,In Transit/Lost
ORD002282,2025-05-01,,Ekart,In Transit/Lost
ORD002283,2025-11-05,2025-11-05,Ekart,Delivered
ORD002284,2025-08-12,2025-08-14,Shadowfax,Delivered
ORD002285,2026-04-15,2026-04-15,Shadowfax,Delivered
ORD002286,2025-05-29,2025-05-29,Delhivery,Delivered
ORD002287,2026-05-19,2026-05-21,Ekart,Delivered
ORD002288,2026-03-09,2026-03-09,Shadowfax,Delivered
ORD002289,2026-01-07,2026-01-10,Shadowfax,Delivered
ORD002290,2025-04-04,,Ekart,In Transit/Lost
ORD002292,2026-04-21,,Delhivery,In Transit/Lost
ORD002293,2025-08-31,2025-08-31,Ekart,Delivered
ORD002294,2025-10-25,,Xpressbees,In Transit/Lost
ORD002295,2026-06-12,2026-06-12,Ekart,Delivered
ORD002296,2026-05-13,2026-05-15,Xpressbees,Delivered
ORD002298,2026-04-13,2026-04-13,Xpressbees,Delivered
ORD002299,2025-12-27,2025-12-27,BlueDart,Delivered
ORD002300,2026-03-08,2026-03-15,Xpressbees,Delivered
ORD002301,2025-11-12,2025-11-12,Delhivery,Delivered
ORD002304,2025-08-11,2025-08-11,Delhivery,Delivered
ORD002305,2026-06-13,2026-06-13,BlueDart,Delivered
ORD002306,2026-05-05,2026-05-12,Ekart,Delivered
ORD002307,2025-05-22,2025-05-22,Delhivery,Delivered
ORD002308,2025-06-25,2025-06-25,BlueDart,Delivered
ORD002309,2025-11-01,2025-11-01,Ekart,Delivered
ORD002310,2025-09-22,2025-09-24,Delhivery,Delivered
ORD002311,2026-07-29,2026-07-29,Delhivery,Delivered
ORD002312,2026-05-26,2026-05-28,Xpressbees,Delivered
ORD002313,2025-07-16,2025-07-19,Xpressbees,Delivered
ORD002314,2025-05-15,2025-05-16,Ekart,Delivered
ORD002315,2026-03-06,2026-03-06,Shadowfax,Delivered
ORD002317,2026-07-22,2026-07-23,Shadowfax,Delivered
ORD002318,2025-12-16,2025-12-16,Ekart,Delivered
ORD002319,2025-08-04,2025-08-04,Ekart,Delivered
ORD002320,2025-08-11,2025-08-14,BlueDart,Delivered
ORD002321,2025-08-30,,Shadowfax,In Transit/Lost
ORD002322,2025-11-20,,Ekart,In Transit/Lost
ORD002324,2026-04-04,2026-04-05,Ekart,Delivered
ORD002325,2026-01-24,2026-01-26,Ekart,Delivered
ORD002326,2026-02-06,2026-02-06,Delhivery,Delivered
ORD002327,2026-05-11,2026-05-12,Ekart,Delivered
ORD002328,2025-06-10,2025-06-10,Shadowfax,Delivered
ORD002329,2025-08-26,2025-08-29,Delhivery,Delivered
ORD002331,2025-10-12,2025-10-13,BlueDart,Delivered
ORD002332,2025-10-05,2025-10-05,BlueDart,Delivered
ORD002333,2025-08-27,2025-09-03,Xpressbees,Delivered
ORD002334,2026-08-15,2026-08-15,Delhivery,Delivered
ORD002335,2025-06-17,2025-06-17,Delhivery,Delivered
ORD002336,2026-03-03,2026-03-04,BlueDart,Delivered
ORD002338,2025-11-15,2025-11-15,Shadowfax,Delivered
ORD002340,2026-04-28,2026-04-29,Delhivery,Delivered
ORD002341,2026-04-02,,Shadowfax,In Transit/Lost
ORD002342,2025-06-11,,Xpressbees,In Transit/Lost
ORD002343,2025-08-27,2025-08-29,Ekart,Delivered
ORD002344,2025-10-19,2025-10-20,Ekart,Delivered
ORD002345,2026-03-04,2026-03-04,Delhivery,Delivered
ORD002348,2025-09-03,,Xpressbees,In Transit/Lost
ORD002349,2026-02-02,2026-02-02,Shadowfax,Delivered
ORD002350,2025-08-13,2025-08-13,BlueDart,Delivered
ORD002351,2026-04-17,2026-04-17,Shadowfax,Delivered
ORD002352,2026-04-30,2026-04-30,Ekart,Delivered
ORD002353,2026-09-11,2026-09-11,Delhivery,Delivered
ORD002354,2025-10-28,2025-10-29,Ekart,Delivered
ORD002355,2026-02-22,,Shadowfax,In Transit/Lost
ORD002356,2025-06-24,2025-06-25,Delhivery,Delivered
ORD002357,2025-09-24,2025-09-24,BlueDart,Delivered
ORD002358,2025-06-16,2025-06-16,Xpressbees,Delivered
ORD002359,2026-06-29,2026-07-06,BlueDart,Delivered
ORD002360,2025-09-10,2025-09-10,BlueDart,Delivered
ORD002361,2025-10-13,2025-10-14,Shadowfax,Delivered
ORD002362,2026-07-04,2026-07-04,Shadowfax,Delivered
ORD002363,2025-12-12,2025-12-14,Delhivery,Delivered
ORD002364,2025-06-22,,Ekart,In Transit/Lost
ORD002365,2026-01-02,2026-01-02,Ekart,Delivered
ORD002367,2026-07-23,2026-07-24,Ekart,Delivered
ORD002368,2025-03-30,2025-03-30,Shadowfax,Delivered
ORD002369,2026-08-19,2026-08-19,BlueDart,Delivered
ORD002370,2025-09-24,2025-09-24,Xpressbees,Delivered
ORD002371,2025-09-08,2025-09-09,Ekart,Delivered
ORD002372,2025-07-24,2025-07-26,Shadowfax,Delivered
ORD002373,2025-08-21,2025-08-22,BlueDart,Delivered
ORD002375,2026-05-24,2026-05-24,Delhivery,Delivered
ORD002376,2026-03-09,2026-03-10,Delhivery,Delivered
ORD002377,2025-10-01,,Shadowfax,In Transit/Lost
ORD002378,2025-11-29,2025-11-29,Xpressbees,Delivered
ORD002379,2026-07-30,,Delhivery,In Transit/Lost
ORD002380,2026-07-26,2026-07-26,Delhivery,Delivered
ORD002381,2026-06-22,2026-06-24,BlueDart,Delivered
ORD002382,2026-06-23,2026-06-25,BlueDart,Delivered
ORD002383,2026-05-21,2026-05-21,Xpressbees,Delivered
ORD002384,2026-01-01,2026-01-01,Ekart,Delivered
ORD002385,2025-07-27,,BlueDart,In Transit/Lost
ORD002387,2026-03-18,,Ekart,In Transit/Lost
ORD002388,2025-10-25,,Xpressbees,In Transit/Lost
ORD002389,2025-05-17,2025-05-17,BlueDart,Delivered
ORD002390,2025-09-18,2025-09-21,Shadowfax,Delivered
ORD002392,2026-01-17,2026-01-20,Ekart,Delivered
ORD002393,2026-01-08,2026-01-08,Xpressbees,Delivered
ORD002394,2026-04-30,2026-05-03,Shadowfax,Delivered
ORD002395,2026-07-08,2026-07-08,Ekart,Delivered
ORD002396,2026-08-31,,Xpressbees,In Transit/Lost
ORD002397,2025-04-25,2025-04-25,Ekart,Delivered
ORD002398,2026-01-26,2026-01-26,Delhivery,Delivered
ORD002399,2025-08-06,,Delhivery,In Transit/Lost
ORD002400,2025-08-11,2025-08-11,Shadowfax,Delivered
ORD002401,2026-04-29,,Delhivery,In Transit/Lost
ORD002402,2026-03-30,2026-03-30,Ekart,Delivered
ORD002403,2026-03-10,2026-03-13,Xpressbees,Delivered
ORD002404,2025-08-05,,Xpressbees,In Transit/Lost
ORD002405,2026-04-01,2026-04-01,Shadowfax,Delivered
ORD002406,2025-11-26,2025-11-26,Delhivery,Delivered
ORD002407,2025-04-15,2025-04-16,Delhivery,Delivered
ORD002408,2026-02-17,2026-02-17,BlueDart,Delivered
ORD002409,2026-01-17,2026-01-17,Xpressbees,Delivered
ORD002410,2025-05-12,2025-05-14,BlueDart,Delivered
ORD002411,2025-07-03,2025-07-04,Ekart,Delivered
ORD002413,2025-04-27,2025-04-27,BlueDart,Delivered
ORD002414,2026-07-23,2026-07-23,Ekart,Delivered
ORD002415,2026-01-01,2026-01-02,BlueDart,Delivered
ORD002416,2025-04-27,2025-04-27,Delhivery,Delivered
ORD002417,2025-07-25,2025-07-25,Xpressbees,Delivered
ORD002418,2026-02-02,2026-02-02,Shadowfax,Delivered
ORD002419,2026-02-01,2026-02-01,Shadowfax,Delivered
ORD002420,2025-11-29,2025-12-01,BlueDart,Delivered
ORD002421,2026-01-07,,Ekart,In Transit/Lost
ORD002422,2026-05-18,2026-05-18,Ekart,Delivered
ORD002424,2026-03-02,2026-03-02,Xpressbees,Delivered
ORD002425,2025-07-09,,Shadowfax,In Transit/Lost
ORD002426,2025-05-24,2025-05-24,Ekart,Delivered
ORD002427,2025-05-10,2025-05-10,Delhivery,Delivered
ORD002428,2025-07-09,2025-07-12,BlueDart,Delivered
ORD002429,2026-01-12,2026-01-15,Shadowfax,Delivered
ORD002430,2025-07-17,2025-07-24,Delhivery,Delivered
ORD002432,2026-01-26,2026-01-27,Shadowfax,Delivered
ORD002433,2026-02-03,2026-02-04,Xpressbees,Delivered
ORD002434,2026-07-03,2026-07-03,Ekart,Delivered
ORD002436,2026-07-17,2026-07-17,Ekart,Delivered
ORD002437,2026-05-18,2026-05-18,BlueDart,Delivered
ORD002438,2025-07-06,2025-07-06,Delhivery,Delivered
ORD002439,2026-06-03,,BlueDart,In Transit/Lost
ORD002440,2026-02-20,2026-02-20,Xpressbees,Delivered
ORD002441,2025-11-27,2025-11-27,Ekart,Delivered
ORD002442,2025-03-25,,Delhivery,In Transit/Lost
ORD002443,2026-05-04,2026-05-05,Xpressbees,Delivered
ORD002445,2025-12-17,,Xpressbees,In Transit/Lost
ORD002446,2025-06-29,2025-06-30,Xpressbees,Delivered
ORD002447,2025-12-21,2025-12-24,Ekart,Delivered
ORD002448,2025-12-25,2025-12-25,Delhivery,Delivered
ORD002449,2026-08-19,2026-08-21,Shadowfax,Delivered
ORD002450,2025-09-01,2025-09-01,Ekart,Delivered
ORD002451,2026-07-06,2026-07-06,Xpressbees,Delivered
ORD002452,2025-08-04,2025-08-05,BlueDart,Delivered
ORD002453,2025-08-19,2025-08-19,Delhivery,Delivered
ORD002454,2026-01-22,2026-01-22,Ekart,Delivered
ORD002458,2026-08-15,2026-08-15,Shadowfax,Delivered
ORD002459,2025-12-12,2025-12-12,Delhivery,Delivered
ORD002460,2025-09-12,2025-09-14,Delhivery,Delivered
ORD002461,2026-09-01,2026-09-01,Ekart,Delivered
ORD002462,2025-12-04,2025-12-11,Xpressbees,Delivered
ORD002463,2025-06-19,2025-06-19,BlueDart,Delivered
ORD002464,2025-04-29,,Shadowfax,In Transit/Lost
ORD002465,2025-11-13,2025-11-20,BlueDart,Delivered
ORD002466,2025-09-04,2025-09-04,Shadowfax,Delivered
ORD002467,2026-08-06,2026-08-07,Shadowfax,Delivered
ORD002468,2025-11-20,2025-11-23,Delhivery,Delivered
ORD002469,2026-03-02,2026-03-03,Delhivery,Delivered
ORD002470,2026-01-07,2026-01-09,Xpressbees,Delivered
ORD002471,2025-07-01,,BlueDart,In Transit/Lost
ORD002472,2026-05-18,2026-05-18,Ekart,Delivered
ORD002473,2026-05-08,2026-05-09,Xpressbees,Delivered
ORD002474,2025-07-16,2025-07-16,Shadowfax,Delivered
ORD002476,2025-09-14,2025-09-14,Xpressbees,Delivered
ORD002477,2026-01-03,2026-01-06,BlueDart,Delivered
ORD002478,2025-05-18,2025-05-18,Shadowfax,Delivered
ORD002479,2025-09-02,2025-09-02,Ekart,Delivered
ORD002480,2026-02-17,2026-02-18,Ekart,Delivered
ORD002481,2026-01-25,2026-01-26,Shadowfax,Delivered
ORD002482,2025-06-14,2025-06-14,Ekart,Delivered
ORD002485,2026-05-24,2026-05-24,Ekart,Delivered
ORD002486,2026-06-27,2026-06-28,Shadowfax,Delivered
ORD002488,2025-06-15,2025-06-15,BlueDart,Delivered
ORD002489,2026-08-23,2026-08-23,Delhivery,Delivered
ORD002490,2026-09-06,2026-09-06,BlueDart,Delivered
ORD002491,2026-03-10,2026-03-10,Ekart,Delivered
ORD002492,2026-05-23,2026-05-23,Delhivery,Delivered
ORD002493,2026-05-20,2026-05-22,BlueDart,Delivered
ORD002494,2025-08-17,2025-08-19,Xpressbees,Delivered
ORD002495,2026-08-09,,Shadowfax,In Transit/Lost
ORD002497,2026-06-28,2026-06-28,BlueDart,Delivered
ORD002498,2025-09-02,,BlueDart,In Transit/Lost
ORD002499,2025-06-12,2025-06-13,Ekart,Delivered
ORD002500,2025-09-22,2025-09-22,Xpressbees,Delivered
ORD002501,2025-09-30,2025-10-01,Delhivery,Delivered
ORD002502,2026-04-30,2026-05-07,Ekart,Delivered
ORD002503,2025-11-20,2025-11-20,Xpressbees,Delivered
ORD002504,2025-11-10,2025-11-10,Ekart,Delivered
ORD002505,2025-10-22,2025-10-22,BlueDart,Delivered
ORD002506,2025-11-03,2025-11-05,Ekart,Delivered
ORD002507,2026-05-08,2026-05-09,BlueDart,Delivered
ORD002508,2025-10-29,2025-10-29,Shadowfax,Delivered
ORD002509,2026-08-30,2026-08-30,Shadowfax,Delivered
ORD002511,2026-05-31,2026-06-03,Shadowfax,Delivered
ORD002512,2026-09-02,2026-09-02,Shadowfax,Delivered
ORD002513,2026-05-13,2026-05-15,Ekart,Delivered
ORD002514,2025-04-04,2025-04-04,Delhivery,Delivered
ORD002515,2026-04-09,2026-04-09,Ekart,Delivered
ORD002516,2025-07-14,2025-07-15,Ekart,Delivered
ORD002518,2025-09-01,2025-09-01,Delhivery,Delivered
ORD002519,2025-10-12,2025-10-14,Ekart,Delivered
ORD002520,2025-09-14,2025-09-14,Ekart,Delivered
ORD002521,2026-05-27,2026-05-27,Ekart,Delivered
ORD002523,2026-01-21,2026-01-21,Shadowfax,Delivered
ORD002524,2025-07-11,2025-07-11,Delhivery,Delivered
ORD002525,2025-07-18,2025-07-21,Delhivery,Delivered
ORD002526,2025-12-22,2025-12-29,Delhivery,Delivered
ORD002527,2026-06-29,2026-07-06,Xpressbees,Delivered
ORD002528,2025-05-22,2025-05-22,Shadowfax,Delivered
ORD002529,2025-08-02,2025-08-02,BlueDart,Delivered
ORD002531,2025-12-10,,Ekart,In Transit/Lost
ORD002532,2026-04-17,2026-04-17,Ekart,Delivered
ORD002533,2025-12-01,,BlueDart,In Transit/Lost
ORD002534,2026-08-31,2026-09-02,Xpressbees,Delivered
ORD002535,2025-04-17,,Xpressbees,In Transit/Lost
ORD002536,2026-03-15,2026-03-15,Delhivery,Delivered
ORD002539,2025-12-14,2025-12-14,Delhivery,Delivered
ORD002540,2025-08-21,2025-08-24,BlueDart,Delivered
ORD002541,2026-02-16,2026-02-23,Ekart,Delivered
ORD002542,2025-10-12,2025-10-12,Ekart,Delivered
ORD002543,2025-05-17,2025-05-24,Ekart,Delivered
ORD002544,2026-03-04,,BlueDart,In Transit/Lost
ORD002545,2025-08-19,2025-08-19,Ekart,Delivered
ORD002548,2025-05-21,2025-05-23,Ekart,Delivered
ORD002549,2025-06-03,,Shadowfax,In Transit/Lost
ORD002550,2026-05-03,2026-05-03,Shadowfax,Delivered
ORD002551,2025-09-15,2025-09-15,Delhivery,Delivered
ORD002552,2026-05-18,2026-05-18,Shadowfax,Delivered
ORD002553,2025-11-03,2025-11-03,BlueDart,Delivered
ORD002555,2025-06-13,2025-06-13,Delhivery,Delivered
ORD002556,2025-09-03,2025-09-03,Delhivery,Delivered
ORD002557,2025-07-09,2025-07-09,BlueDart,Delivered
ORD002558,2025-05-09,2025-05-12,Delhivery,Delivered
ORD002559,2025-08-05,2025-08-05,BlueDart,Delivered
ORD002560,2026-01-27,2026-01-27,Shadowfax,Delivered
ORD002561,2026-05-11,2026-05-13,Ekart,Delivered
ORD002562,2025-08-13,2025-08-13,Delhivery,Delivered
ORD002563,2026-01-06,2026-01-06,BlueDart,Delivered
ORD002564,2025-08-29,2025-08-29,Shadowfax,Delivered
ORD002565,2025-04-06,,Delhivery,In Transit/Lost
ORD002566,2026-05-14,2026-05-14,Shadowfax,Delivered
ORD002567,2025-04-29,2025-04-29,Ekart,Delivered
ORD002568,2026-05-23,2026-05-24,Delhivery,Delivered
ORD002569,2026-04-14,2026-04-14,Delhivery,Delivered
ORD002570,2025-09-10,,BlueDart,In Transit/Lost
ORD002571,2026-06-26,2026-06-26,Xpressbees,Delivered
ORD002572,2026-07-27,2026-07-27,Xpressbees,Delivered
ORD002573,2025-11-21,,Delhivery,In Transit/Lost
ORD002575,2025-06-30,2025-06-30,Delhivery,Delivered
ORD002576,2025-12-01,2025-12-01,Delhivery,Delivered
ORD002577,2025-11-27,2025-11-27,Ekart,Delivered
ORD002578,2025-09-21,2025-09-21,Delhivery,Delivered
ORD002579,2026-03-23,,Shadowfax,In Transit/Lost
ORD002580,2026-04-09,2026-04-09,Shadowfax,Delivered
ORD002581,2025-08-10,2025-08-17,Ekart,Delivered
ORD002582,2026-05-03,2026-05-10,Delhivery,Delivered
ORD002583,2025-04-06,2025-04-08,Delhivery,Delivered
ORD002584,2025-05-29,2025-05-29,BlueDart,Delivered
ORD002585,2025-10-30,2025-10-30,Shadowfax,Delivered
ORD002586,2025-10-24,2025-10-24,Xpressbees,Delivered
ORD002587,2025-12-11,2025-12-11,BlueDart,Delivered
ORD002588,2025-04-17,2025-04-19,Delhivery,Delivered
ORD002589,2026-01-02,2026-01-02,Xpressbees,Delivered
ORD002590,2026-07-29,2026-07-29,Xpressbees,Delivered
ORD002591,2025-12-26,,Ekart,In Transit/Lost
ORD002592,2025-04-01,2025-04-04,BlueDart,Delivered
ORD002593,2025-11-16,,Xpressbees,In Transit/Lost
ORD002594,2025-04-11,2025-04-18,Ekart,Delivered
ORD002595,2025-12-23,2025-12-23,Xpressbees,Delivered
ORD002596,2026-05-28,2026-05-28,Shadowfax,Delivered
ORD002597,2026-05-23,2026-05-23,Ekart,Delivered
ORD002598,2025-12-15,,Xpressbees,In Transit/Lost
ORD002602,2026-01-23,2026-01-30,Xpressbees,Delivered
ORD002603,2026-09-03,2026-09-06,BlueDart,Delivered
ORD002604,2026-05-19,2026-05-19,Xpressbees,Delivered
ORD002605,2026-01-04,2026-01-04,Shadowfax,Delivered
ORD002606,2026-05-28,2026-05-28,Ekart,Delivered
ORD002609,2026-08-04,2026-08-06,BlueDart,Delivered
ORD002610,2026-02-15,2026-02-15,Ekart,Delivered
ORD002611,2026-09-11,2026-09-11,Shadowfax,Delivered
ORD002613,2026-05-11,2026-05-11,Delhivery,Delivered
ORD002614,2025-11-13,2025-11-13,Ekart,Delivered
ORD002615,2025-08-22,2025-08-25,Delhivery,Delivered
ORD002616,2025-11-24,2025-11-24,Ekart,Delivered
ORD002617,2026-07-12,2026-07-15,Ekart,Delivered
ORD002618,2026-04-27,2026-05-04,Ekart,Delivered
ORD002619,2026-03-11,2026-03-13,Delhivery,Delivered
ORD002620,2025-05-03,2025-05-03,BlueDart,Delivered
ORD002622,2025-09-25,2025-09-26,Shadowfax,Delivered
ORD002623,2026-01-04,2026-01-07,Shadowfax,Delivered
ORD002624,2026-04-01,2026-04-01,Ekart,Delivered
ORD002625,2026-06-10,2026-06-17,BlueDart,Delivered
ORD002626,2025-11-14,2025-11-14,Shadowfax,Delivered
ORD002627,2025-04-06,2025-04-06,Shadowfax,Delivered
ORD002628,2026-01-30,2026-01-30,Ekart,Delivered
ORD002629,2025-03-27,2025-03-28,Delhivery,Delivered
ORD002630,2026-06-15,2026-06-15,Xpressbees,Delivered
ORD002631,2025-04-04,2025-04-04,Xpressbees,Delivered
ORD002632,2025-07-24,2025-07-24,Xpressbees,Delivered
ORD002633,2025-11-11,2025-11-14,BlueDart,Delivered
ORD002634,2025-08-11,2025-08-11,Delhivery,Delivered
ORD002635,2025-07-23,2025-07-23,Xpressbees,Delivered
ORD002636,2026-03-25,2026-03-25,Shadowfax,Delivered
ORD002638,2025-11-27,2025-11-27,Shadowfax,Delivered
ORD002639,2026-03-18,,Ekart,In Transit/Lost
ORD002640,2026-05-15,2026-05-15,Shadowfax,Delivered
ORD002641,2026-01-28,2026-01-28,Xpressbees,Delivered
ORD002642,2025-09-30,2025-09-30,BlueDart,Delivered
ORD002643,2026-07-13,2026-07-16,BlueDart,Delivered
ORD002645,2025-06-15,2025-06-15,Xpressbees,Delivered
ORD002647,2025-07-14,2025-07-14,BlueDart,Delivered
ORD002648,2025-06-29,2025-06-30,Delhivery,Delivered
ORD002649,2025-04-07,2025-04-08,Ekart,Delivered
ORD002650,2026-02-13,2026-02-15,Delhivery,Delivered
ORD002652,2026-05-20,2026-05-20,Ekart,Delivered
ORD002653,2026-01-08,2026-01-09,Xpressbees,Delivered
ORD002654,2026-08-22,2026-08-22,Shadowfax,Delivered
ORD002655,2025-09-16,2025-09-16,Shadowfax,Delivered
ORD002656,2025-09-11,,Xpressbees,In Transit/Lost
ORD002657,2025-07-25,,BlueDart,In Transit/Lost
ORD002658,2025-07-16,2025-07-16,Shadowfax,Delivered
ORD002659,2025-09-04,2025-09-04,Delhivery,Delivered
ORD002660,2025-11-10,2025-11-10,Xpressbees,Delivered
ORD002663,2025-07-19,2025-07-26,Xpressbees,Delivered
ORD002664,2025-10-01,2025-10-01,Xpressbees,Delivered
ORD002665,2025-06-07,2025-06-07,Delhivery,Delivered
ORD002666,2026-07-21,2026-07-28,Xpressbees,Delivered
ORD002667,2025-11-18,2025-11-18,Xpressbees,Delivered
ORD002668,2026-06-16,2026-06-16,Ekart,Delivered
ORD002669,2025-10-14,,Shadowfax,In Transit/Lost
ORD002670,2025-11-17,2025-11-17,Ekart,Delivered
ORD002671,2026-04-29,2026-05-01,Xpressbees,Delivered
ORD002672,2026-04-26,2026-04-29,BlueDart,Delivered
ORD002673,2025-10-15,2025-10-15,Xpressbees,Delivered
ORD002674,2025-11-20,,Delhivery,In Transit/Lost
ORD002676,2025-07-14,2025-07-14,Delhivery,Delivered
ORD002677,2025-10-14,,Delhivery,In Transit/Lost
ORD002678,2026-06-08,2026-06-09,Shadowfax,Delivered
ORD002679,2025-05-12,2025-05-12,Xpressbees,Delivered
ORD002680,2025-06-28,,Delhivery,In Transit/Lost
ORD002681,2026-07-29,2026-08-01,Shadowfax,Delivered
ORD002682,2026-04-20,2026-04-20,Xpressbees,Delivered
ORD002683,2025-05-28,2025-05-31,BlueDart,Delivered
ORD002684,2026-05-07,2026-05-07,BlueDart,Delivered
ORD002685,2025-05-28,2025-05-28,Xpressbees,Delivered
ORD002686,2025-12-15,2025-12-15,Xpressbees,Delivered
ORD002687,2026-02-12,2026-02-15,Ekart,Delivered
ORD002688,2026-05-03,2026-05-06,Shadowfax,Delivered
ORD002689,2025-09-13,2025-09-13,BlueDart,Delivered
ORD002690,2025-07-06,2025-07-13,Delhivery,Delivered
ORD002691,2026-09-06,2026-09-09,Ekart,Delivered
ORD002692,2026-05-28,2026-05-28,Ekart,Delivered
ORD002693,2025-10-05,,Ekart,In Transit/Lost
ORD002694,2025-08-08,2025-08-15,BlueDart,Delivered
ORD002695,2025-05-25,,BlueDart,In Transit/Lost
ORD002696,2025-11-25,2025-11-25,Ekart,Delivered
ORD002698,2026-06-01,2026-06-01,Delhivery,Delivered
ORD002699,2025-10-26,2025-10-26,Xpressbees,Delivered
ORD002700,2026-06-29,2026-06-30,BlueDart,Delivered
ORD002701,2025-09-30,2025-09-30,Xpressbees,Delivered
ORD002702,2026-08-18,2026-08-18,Xpressbees,Delivered
ORD002703,2026-06-19,,BlueDart,In Transit/Lost
ORD002704,2025-11-15,2025-11-16,BlueDart,Delivered
ORD002705,2026-06-23,2026-06-23,Ekart,Delivered
ORD002706,2025-09-04,2025-09-04,Xpressbees,Delivered
ORD002707,2026-09-16,2026-09-16,Xpressbees,Delivered
ORD002708,2025-05-08,2025-05-09,BlueDart,Delivered
ORD002709,2026-03-08,2026-03-15,Shadowfax,Delivered
ORD002710,2025-10-19,2025-10-22,Ekart,Delivered
ORD002711,2025-12-05,2025-12-05,Shadowfax,Delivered
ORD002712,2026-08-20,,Ekart,In Transit/Lost
ORD002713,2025-08-20,,Ekart,In Transit/Lost
ORD002714,2026-03-10,,BlueDart,In Transit/Lost
ORD002715,2025-09-16,2025-09-16,BlueDart,Delivered
ORD002716,2025-06-09,2025-06-09,BlueDart,Delivered
ORD002717,2025-08-07,2025-08-09,BlueDart,Delivered
ORD002718,2026-01-24,2026-01-26,Ekart,Delivered
ORD002720,2025-06-17,2025-06-19,Ekart,Delivered
ORD002721,2026-04-03,2026-04-03,Shadowfax,Delivered
ORD002722,2026-05-10,2026-05-17,Ekart,Delivered
ORD002723,2025-04-27,2025-04-28,Delhivery,Delivered
ORD002724,2026-05-30,2026-05-30,Ekart,Delivered
ORD002725,2026-07-04,2026-07-04,Shadowfax,Delivered
ORD002726,2026-03-16,,Shadowfax,In Transit/Lost
ORD002727,2025-10-10,2025-10-17,BlueDart,Delivered
ORD002728,2025-11-04,2025-11-06,BlueDart,Delivered
ORD002729,2025-06-17,2025-06-17,BlueDart,Delivered
ORD002730,2025-06-25,2025-06-27,Xpressbees,Delivered
ORD002731,2026-08-12,2026-08-14,Ekart,Delivered
ORD002732,2026-08-27,,BlueDart,In Transit/Lost
ORD002733,2026-04-27,2026-04-27,Xpressbees,Delivered
ORD002735,2025-07-02,2025-07-02,Ekart,Delivered
ORD002736,2026-07-13,2026-07-13,Ekart,Delivered
ORD002737,2025-05-21,2025-05-21,Shadowfax,Delivered
ORD002738,2025-06-18,2025-06-19,BlueDart,Delivered
ORD002739,2025-12-16,2025-12-16,BlueDart,Delivered
ORD002740,2025-09-04,2025-09-04,Xpressbees,Delivered
ORD002741,2026-02-25,2026-02-25,Xpressbees,Delivered
ORD002742,2026-07-27,2026-07-30,Ekart,Delivered
ORD002743,2025-08-13,2025-08-13,Shadowfax,Delivered
ORD002744,2025-09-13,2025-09-13,Delhivery,Delivered
ORD002745,2026-05-19,2026-05-20,Delhivery,Delivered
ORD002746,2025-09-18,2025-09-18,Ekart,Delivered
ORD002747,2026-07-17,2026-07-17,Xpressbees,Delivered
ORD002748,2025-04-13,2025-04-13,Xpressbees,Delivered
ORD002749,2026-07-08,2026-07-08,Xpressbees,Delivered
ORD002750,2026-08-01,2026-08-02,Shadowfax,Delivered
ORD002751,2025-04-18,2025-04-18,BlueDart,Delivered
ORD002752,2025-10-15,2025-10-17,BlueDart,Delivered
ORD002753,2026-02-09,2026-02-09,Delhivery,Delivered
ORD002754,2026-01-03,,Shadowfax,In Transit/Lost
ORD002755,2025-06-19,2025-06-26,Ekart,Delivered
ORD002756,2025-04-01,,BlueDart,In Transit/Lost
ORD002757,2026-07-21,2026-07-21,Ekart,Delivered
ORD002759,2026-09-10,2026-09-13,BlueDart,Delivered
ORD002760,2025-05-23,2025-05-26,Delhivery,Delivered
ORD002761,2025-12-07,2025-12-07,BlueDart,Delivered
ORD002762,2026-09-07,,Ekart,In Transit/Lost
ORD002764,2026-01-08,2026-01-09,Shadowfax,Delivered
ORD002765,2025-06-05,2025-06-05,Shadowfax,Delivered
ORD002767,2026-03-04,2026-03-06,Ekart,Delivered
ORD002768,2025-09-09,2025-09-11,Shadowfax,Delivered
ORD002769,2025-12-02,2025-12-02,Ekart,Delivered
ORD002771,2025-06-02,2025-06-03,Ekart,Delivered
ORD002772,2026-03-13,2026-03-13,Ekart,Delivered
ORD002773,2025-10-09,2025-10-09,Xpressbees,Delivered
ORD002774,2026-02-20,2026-02-20,Ekart,Delivered
ORD002776,2025-12-07,2025-12-08,Delhivery,Delivered
ORD002777,2026-05-03,2026-05-03,Xpressbees,Delivered
ORD002778,2026-06-29,,Xpressbees,In Transit/Lost
ORD002779,2025-07-07,2025-07-10,Shadowfax,Delivered
ORD002780,2025-07-21,,Delhivery,In Transit/Lost
ORD002781,2025-06-01,2025-06-03,BlueDart,Delivered
ORD002782,2026-08-15,,Shadowfax,In Transit/Lost
ORD002783,2025-07-24,2025-07-27,Ekart,Delivered
ORD002784,2025-05-09,2025-05-10,Xpressbees,Delivered
ORD002786,2025-10-28,2025-10-28,BlueDart,Delivered
ORD002787,2026-07-16,2026-07-16,Xpressbees,Delivered
ORD002788,2025-05-18,,Delhivery,In Transit/Lost
ORD002789,2025-07-23,2025-07-23,BlueDart,Delivered
ORD002790,2025-07-01,2025-07-01,BlueDart,Delivered
ORD002791,2026-03-16,2026-03-19,Delhivery,Delivered
ORD002792,2025-09-18,2025-09-18,Ekart,Delivered
ORD002793,2026-09-01,2026-09-01,Shadowfax,Delivered
ORD002794,2026-03-21,,BlueDart,In Transit/Lost
ORD002795,2025-12-30,,BlueDart,In Transit/Lost
ORD002796,2026-01-30,2026-02-02,Shadowfax,Delivered
ORD002797,2026-07-13,,Ekart,In Transit/Lost
ORD002798,2026-05-08,2026-05-08,Xpressbees,Delivered
ORD002799,2025-06-03,2025-06-04,BlueDart,Delivered
ORD002800,2025-11-06,2025-11-09,BlueDart,Delivered
ORD002801,2026-03-15,2026-03-16,Shadowfax,Delivered
ORD002802,2026-02-01,2026-02-02,Xpressbees,Delivered
ORD002803,2026-08-11,2026-08-11,Xpressbees,Delivered
ORD002804,2025-04-12,2025-04-12,Xpressbees,Delivered
ORD002805,2026-07-26,2026-07-26,Ekart,Delivered
ORD002806,2025-10-16,2025-10-19,Shadowfax,Delivered
ORD002807,2025-04-17,2025-04-18,Shadowfax,Delivered
ORD002808,2025-07-09,2025-07-16,Shadowfax,Delivered
ORD002809,2025-07-01,2025-07-02,Delhivery,Delivered
ORD002810,2025-06-11,2025-06-11,BlueDart,Delivered
ORD002812,2026-05-26,2026-05-28,Ekart,Delivered
ORD002813,2025-06-21,2025-06-23,Ekart,Delivered
ORD002815,2026-01-27,2026-02-03,BlueDart,Delivered
ORD002816,2025-12-09,2025-12-09,Delhivery,Delivered
ORD002817,2025-09-25,2025-09-27,BlueDart,Delivered
ORD002818,2026-02-26,2026-02-27,Shadowfax,Delivered
ORD002819,2026-06-09,2026-06-12,Delhivery,Delivered
ORD002820,2026-01-31,2026-02-02,BlueDart,Delivered
ORD002821,2025-11-22,2025-11-25,BlueDart,Delivered
ORD002822,2025-07-20,2025-07-20,Shadowfax,Delivered
ORD002823,2026-02-23,,Ekart,In Transit/Lost
ORD002824,2026-01-12,2026-01-12,Ekart,Delivered
ORD002825,2025-05-27,2025-05-29,Xpressbees,Delivered
ORD002826,2025-08-23,2025-08-23,Ekart,Delivered
ORD002827,2026-05-14,2026-05-17,Ekart,Delivered
ORD002828,2026-08-03,2026-08-03,BlueDart,Delivered
ORD002829,2025-09-22,,BlueDart,In Transit/Lost
ORD002830,2026-07-18,2026-07-20,Ekart,Delivered
ORD002831,2025-08-10,2025-08-12,Shadowfax,Delivered
ORD002832,2026-06-04,2026-06-04,Delhivery,Delivered
ORD002833,2025-12-12,,Delhivery,In Transit/Lost
ORD002834,2026-01-16,2026-01-18,Xpressbees,Delivered
ORD002836,2026-03-18,2026-03-25,Ekart,Delivered
ORD002837,2025-09-23,2025-09-23,BlueDart,Delivered
ORD002838,2025-12-31,2025-12-31,Shadowfax,Delivered
ORD002839,2025-04-29,,BlueDart,In Transit/Lost
ORD002840,2025-10-07,,Xpressbees,In Transit/Lost
ORD002841,2026-03-06,2026-03-09,Ekart,Delivered
ORD002842,2026-08-25,2026-08-25,Ekart,Delivered
ORD002843,2025-05-31,2025-06-01,Shadowfax,Delivered
ORD002844,2025-07-24,2025-07-24,Xpressbees,Delivered
ORD002845,2025-11-25,,Shadowfax,In Transit/Lost
ORD002846,2025-05-23,2025-05-23,Delhivery,Delivered
ORD002847,2026-01-17,2026-01-18,Shadowfax,Delivered
ORD002848,2025-08-29,2025-08-30,Shadowfax,Delivered
ORD002849,2026-07-08,2026-07-08,Shadowfax,Delivered
ORD002850,2025-09-05,,Shadowfax,In Transit/Lost
ORD002851,2025-11-16,2025-11-19,Xpressbees,Delivered
ORD002852,2026-09-07,2026-09-07,Delhivery,Delivered
ORD002853,2025-05-09,2025-05-11,Delhivery,Delivered
ORD002854,2026-07-04,,Xpressbees,In Transit/Lost
ORD002855,2025-12-23,2025-12-24,BlueDart,Delivered
ORD002856,2025-10-24,2025-10-24,Delhivery,Delivered
ORD002857,2026-08-15,2026-08-15,BlueDart,Delivered
ORD002858,2026-09-14,,Xpressbees,In Transit/Lost
ORD002859,2025-07-09,2025-07-09,Xpressbees,Delivered
ORD002860,2026-06-22,2026-06-22,Shadowfax,Delivered
ORD002861,2025-07-23,2025-07-26,Delhivery,Delivered
ORD002862,2025-04-02,2025-04-02,Xpressbees,Delivered
ORD002863,2026-04-26,2026-04-28,Ekart,Delivered
ORD002864,2025-10-02,,Xpressbees,In Transit/Lost
ORD002865,2026-02-12,,BlueDart,In Transit/Lost
ORD002866,2025-06-14,,Ekart,In Transit/Lost
ORD002867,2026-06-30,2026-06-30,Xpressbees,Delivered
ORD002868,2026-01-01,2026-01-01,Ekart,Delivered
ORD002869,2026-05-30,2026-05-30,BlueDart,Delivered
ORD002870,2025-10-06,2025-10-06,Delhivery,Delivered
ORD002872,2026-08-17,2026-08-17,Xpressbees,Delivered
ORD002873,2026-01-05,2026-01-12,Shadowfax,Delivered
ORD002874,2025-10-14,2025-10-14,Ekart,Delivered
ORD002875,2025-05-19,2025-05-20,Ekart,Delivered
ORD002876,2025-06-21,2025-06-21,Xpressbees,Delivered
ORD002877,2026-03-01,2026-03-02,BlueDart,Delivered
ORD002878,2026-02-19,,Ekart,In Transit/Lost
ORD002879,2026-06-24,2026-07-01,Delhivery,Delivered
ORD002880,2026-05-04,2026-05-04,Ekart,Delivered
ORD002882,2026-08-13,2026-08-13,Xpressbees,Delivered
ORD002883,2026-02-17,2026-02-17,Xpressbees,Delivered
ORD002884,2026-07-01,2026-07-02,Xpressbees,Delivered
ORD002885,2025-08-21,2025-08-21,Ekart,Delivered
ORD002886,2026-08-25,2026-08-28,Ekart,Delivered
ORD002887,2026-08-17,2026-08-17,Shadowfax,Delivered
ORD002889,2026-07-23,2026-07-23,Delhivery,Delivered
ORD002890,2026-09-01,2026-09-01,BlueDart,Delivered
ORD002891,2026-07-21,2026-07-21,Xpressbees,Delivered
ORD002892,2025-12-01,2025-12-08,Xpressbees,Delivered
ORD002894,2026-08-14,,Shadowfax,In Transit/Lost
ORD002895,2025-03-24,2025-03-24,Xpressbees,Delivered
ORD002896,2025-08-08,2025-08-08,Delhivery,Delivered
ORD002897,2026-01-19,2026-01-19,Delhivery,Delivered
ORD002899,2026-08-03,,Delhivery,In Transit/Lost
ORD002900,2026-02-17,,Ekart,In Transit/Lost
ORD002901,2026-08-23,2026-08-24,Shadowfax,Delivered
ORD002902,2025-04-24,2025-04-24,Xpressbees,Delivered
ORD002903,2025-10-31,,Delhivery,In Transit/Lost
ORD002904,2025-06-09,2025-06-09,Xpressbees,Delivered
ORD002905,2026-06-13,2026-06-13,Ekart,Delivered
ORD002906,2026-05-09,2026-05-12,Ekart,Delivered
ORD002907,2026-06-04,2026-06-04,Shadowfax,Delivered
ORD002908,2026-08-21,2026-08-21,Ekart,Delivered
ORD002909,2025-08-02,2025-08-05,Xpressbees,Delivered
ORD002910,2026-05-23,2026-05-23,Delhivery,Delivered
ORD002911,2026-03-06,2026-03-06,Xpressbees,Delivered
ORD002912,2025-10-22,2025-10-22,Shadowfax,Delivered
ORD002913,2025-07-05,2025-07-12,BlueDart,Delivered
ORD002914,2026-06-17,2026-06-18,Ekart,Delivered
ORD002915,2025-04-30,,BlueDart,In Transit/Lost
ORD002916,2026-08-26,2026-08-28,Xpressbees,Delivered
ORD002917,2025-08-22,2025-08-22,Shadowfax,Delivered
ORD002918,2026-07-20,2026-07-20,BlueDart,Delivered
ORD002919,2025-05-31,2025-06-07,BlueDart,Delivered
ORD002920,2026-04-26,,Ekart,In Transit/Lost
ORD002921,2026-08-14,2026-08-14,Delhivery,Delivered
ORD002922,2025-06-15,2025-06-22,Delhivery,Delivered
ORD002923,2025-11-18,2025-11-18,Shadowfax,Delivered
ORD002924,2026-03-23,2026-03-24,Delhivery,Delivered
ORD002925,2026-05-08,2026-05-10,Shadowfax,Delivered
ORD002926,2025-03-31,2025-04-03,Delhivery,Delivered
ORD002927,2025-05-27,,Shadowfax,In Transit/Lost
ORD002928,2025-09-08,2025-09-10,Delhivery,Delivered
ORD002929,2025-05-19,2025-05-21,Xpressbees,Delivered
ORD002930,2026-02-28,2026-02-28,Shadowfax,Delivered
ORD002931,2025-12-05,2025-12-05,Delhivery,Delivered
ORD002932,2026-03-15,2026-03-15,Xpressbees,Delivered
ORD002934,2025-05-29,2025-06-05,Delhivery,Delivered
ORD002935,2026-04-30,,Shadowfax,In Transit/Lost
ORD002936,2025-11-24,2025-11-25,Shadowfax,Delivered
ORD002937,2025-05-02,,BlueDart,In Transit/Lost
ORD002938,2026-09-02,2026-09-02,Shadowfax,Delivered
ORD002939,2026-07-27,,Delhivery,In Transit/Lost
ORD002940,2025-09-24,,Xpressbees,In Transit/Lost
ORD002941,2025-08-16,2025-08-16,BlueDart,Delivered
ORD002942,2026-09-08,2026-09-10,BlueDart,Delivered
ORD002943,2025-10-15,2025-10-15,BlueDart,Delivered
ORD002944,2026-07-19,,Xpressbees,In Transit/Lost
ORD002945,2025-05-22,2025-05-24,Xpressbees,Delivered
ORD002946,2025-12-02,2025-12-02,Xpressbees,Delivered
ORD002947,2026-02-04,,Ekart,In Transit/Lost
ORD002948,2026-07-10,2026-07-17,BlueDart,Delivered
ORD002949,2026-03-31,2026-03-31,BlueDart,Delivered
ORD002950,2026-05-29,2026-06-01,BlueDart,Delivered
ORD002951,2026-05-06,,Xpressbees,In Transit/Lost
ORD002952,2025-07-24,2025-07-31,Xpressbees,Delivered
ORD002953,2025-05-20,2025-05-20,Ekart,Delivered
ORD002954,2026-09-12,2026-09-13,Ekart,Delivered
ORD002956,2026-02-12,2026-02-14,Xpressbees,Delivered
ORD002957,2025-10-06,2025-10-06,BlueDart,Delivered
ORD002958,2026-07-08,2026-07-08,Delhivery,Delivered
ORD002959,2026-03-20,2026-03-20,Xpressbees,Delivered
ORD002960,2026-06-20,2026-06-20,BlueDart,Delivered
ORD002961,2026-08-28,2026-08-28,Xpressbees,Delivered
ORD002962,2025-11-08,,Xpressbees,In Transit/Lost
ORD002963,2026-03-02,2026-03-02,Shadowfax,Delivered
ORD002964,2026-07-04,2026-07-07,Shadowfax,Delivered
ORD002965,2025-08-21,2025-08-21,Xpressbees,Delivered
ORD002966,2026-04-17,2026-04-18,Xpressbees,Delivered
ORD002968,2025-08-05,2025-08-05,Xpressbees,Delivered
ORD002969,2025-12-25,2025-12-27,Ekart,Delivered
ORD002970,2025-11-06,2025-11-06,Ekart,Delivered
ORD002971,2026-06-18,,BlueDart,In Transit/Lost
ORD002972,2026-09-07,2026-09-07,Xpressbees,Delivered
ORD002973,2025-05-08,,Shadowfax,In Transit/Lost
ORD002974,2025-05-18,2025-05-20,Shadowfax,Delivered
ORD002975,2026-06-04,2026-06-04,Ekart,Delivered
ORD002976,2025-08-04,2025-08-05,BlueDart,Delivered
ORD002977,2025-12-16,2025-12-16,BlueDart,Delivered
ORD002979,2026-03-18,,Xpressbees,In Transit/Lost
ORD002980,2025-05-21,2025-05-21,Xpressbees,Delivered
ORD002981,2026-05-20,,Xpressbees,In Transit/Lost
ORD002982,2026-04-11,2026-04-13,Xpressbees,Delivered
ORD002983,2026-01-22,2026-01-25,Shadowfax,Delivered
ORD002984,2026-06-19,,Ekart,In Transit/Lost
ORD002985,2025-10-12,2025-10-12,BlueDart,Delivered
ORD002986,2025-12-29,2025-12-29,Xpressbees,Delivered
ORD002987,2026-08-06,2026-08-06,BlueDart,Delivered
ORD002988,2025-10-18,2025-10-18,Ekart,Delivered
ORD002989,2026-02-10,2026-02-11,Ekart,Delivered
ORD002991,2026-05-27,2026-06-03,Xpressbees,Delivered
ORD002992,2026-08-21,2026-08-21,BlueDart,Delivered
ORD002993,2026-01-30,2026-01-30,Ekart,Delivered
ORD002994,2025-05-28,2025-05-28,Shadowfax,Delivered
ORD002995,2026-05-10,,Delhivery,In Transit/Lost
ORD002996,2025-10-06,2025-10-13,BlueDart,Delivered
ORD002997,2026-03-23,2026-03-23,Shadowfax,Delivered
ORD002998,2026-07-27,2026-07-27,Shadowfax,Delivered
ORD002999,2025-11-06,2025-11-07,Shadowfax,Delivered
ORD003000,2025-10-24,2025-10-25,BlueDart,Delivered
ORD003001,2026-04-29,2026-04-29,BlueDart,Delivered
ORD003002,2025-09-29,2025-10-01,BlueDart,Delivered
ORD003003,2026-05-25,2026-05-25,BlueDart,Delivered
ORD003004,2026-06-28,,BlueDart,In Transit/Lost
ORD003005,2026-01-29,2026-02-05,Xpressbees,Delivered
ORD003006,2026-01-01,2026-01-01,Ekart,Delivered
ORD003007,2026-08-12,2026-08-12,Shadowfax,Delivered
ORD003008,2026-06-06,,BlueDart,In Transit/Lost
ORD003009,2026-02-27,2026-02-27,Shadowfax,Delivered
ORD003010,2026-05-16,2026-05-16,Shadowfax,Delivered
ORD003011,2026-03-22,2026-03-22,BlueDart,Delivered
ORD003012,2025-04-07,,Shadowfax,In Transit/Lost
ORD003013,2026-01-25,2026-01-25,BlueDart,Delivered
ORD003014,2025-04-06,2025-04-06,BlueDart,Delivered
ORD003015,2026-08-15,2026-08-18,Xpressbees,Delivered
ORD003016,2025-05-18,2025-05-20,Shadowfax,Delivered
ORD003017,2026-08-05,2026-08-12,BlueDart,Delivered
ORD003018,2026-06-02,,Shadowfax,In Transit/Lost
ORD003019,2026-04-20,2026-04-20,Ekart,Delivered
ORD003020,2026-06-27,2026-06-27,Shadowfax,Delivered
ORD003021,2025-08-07,2025-08-07,Xpressbees,Delivered
ORD003022,2026-06-09,2026-06-09,Ekart,Delivered
ORD003023,2025-09-25,2025-09-25,BlueDart,Delivered
ORD003024,2026-08-31,,Xpressbees,In Transit/Lost
ORD003025,2025-08-07,2025-08-07,Shadowfax,Delivered
ORD003026,2025-11-20,2025-11-22,Shadowfax,Delivered
ORD003027,2025-04-20,2025-04-22,BlueDart,Delivered
ORD003028,2025-11-27,2025-11-27,Ekart,Delivered
ORD003029,2026-09-12,2026-09-12,BlueDart,Delivered
ORD003030,2025-08-14,2025-08-14,Xpressbees,Delivered
ORD003031,2026-05-27,2026-05-27,Shadowfax,Delivered
ORD003032,2025-07-16,2025-07-19,Ekart,Delivered
ORD003033,2026-05-13,2026-05-13,Shadowfax,Delivered
ORD003034,2026-01-15,2026-01-15,Shadowfax,Delivered
ORD003035,2025-09-13,,Ekart,In Transit/Lost
ORD003036,2025-10-25,2025-11-01,Ekart,Delivered
ORD003037,2025-09-27,2025-09-27,BlueDart,Delivered
ORD003039,2026-06-24,2026-06-26,Ekart,Delivered
ORD003040,2026-06-29,,Ekart,In Transit/Lost
ORD003041,2025-09-20,2025-09-27,Shadowfax,Delivered
ORD003042,2026-02-21,2026-02-21,Xpressbees,Delivered
ORD003043,2026-04-29,2026-04-29,BlueDart,Delivered
ORD003044,2026-06-20,,Delhivery,In Transit/Lost
ORD003046,2026-06-15,2026-06-22,Delhivery,Delivered
ORD003047,2025-05-16,2025-05-16,Xpressbees,Delivered
ORD003048,2026-04-18,,Xpressbees,In Transit/Lost
ORD003049,2026-03-06,,Shadowfax,In Transit/Lost
ORD003050,2025-09-10,2025-09-12,Shadowfax,Delivered
ORD003051,2025-12-17,2025-12-20,Ekart,Delivered
ORD003052,2025-07-01,2025-07-01,Shadowfax,Delivered
ORD003053,2025-10-18,2025-10-19,Delhivery,Delivered
ORD003055,2026-04-11,,BlueDart,In Transit/Lost
ORD003056,2025-09-28,,Delhivery,In Transit/Lost
ORD003057,2026-06-01,,Shadowfax,In Transit/Lost
ORD003058,2026-07-19,2026-07-26,Ekart,Delivered
ORD003059,2026-05-05,,BlueDart,In Transit/Lost
ORD003060,2026-08-24,2026-08-27,Ekart,Delivered
ORD003062,2025-05-25,2025-05-25,BlueDart,Delivered
ORD003063,2026-01-31,,Shadowfax,In Transit/Lost
ORD003064,2026-07-28,2026-07-28,Shadowfax,Delivered
ORD003065,2026-04-07,,Xpressbees,In Transit/Lost
ORD003066,2026-01-20,2026-01-20,Shadowfax,Delivered
ORD003067,2026-05-05,2026-05-05,Shadowfax,Delivered
ORD003068,2026-01-07,2026-01-07,Xpressbees,Delivered
ORD003069,2025-10-25,2025-10-27,Xpressbees,Delivered
ORD003070,2026-04-03,2026-04-03,Delhivery,Delivered
ORD003071,2025-07-09,2025-07-09,Delhivery,Delivered
ORD003072,2025-05-10,2025-05-10,Delhivery,Delivered
ORD003073,2026-02-11,2026-02-12,Shadowfax,Delivered
ORD003075,2025-10-28,2025-10-28,Shadowfax,Delivered
ORD003077,2026-04-16,2026-04-19,Shadowfax,Delivered
ORD003078,2026-01-07,2026-01-07,BlueDart,Delivered
ORD003079,2025-10-23,2025-10-25,Ekart,Delivered
ORD003080,2026-08-02,2026-08-02,Ekart,Delivered
ORD003081,2025-05-17,,Shadowfax,In Transit/Lost
ORD003082,2026-08-22,2026-08-24,BlueDart,Delivered
ORD003083,2026-06-08,2026-06-08,Shadowfax,Delivered
ORD003084,2026-07-17,2026-07-19,Xpressbees,Delivered
ORD003085,2025-08-30,,Delhivery,In Transit/Lost
ORD003087,2025-05-08,2025-05-08,BlueDart,Delivered
ORD003088,2026-09-16,2026-09-16,Delhivery,Delivered
ORD003090,2025-04-15,2025-04-18,Delhivery,Delivered
ORD003091,2026-01-14,2026-01-14,Shadowfax,Delivered
ORD003092,2026-03-21,2026-03-21,BlueDart,Delivered
ORD003093,2025-08-18,2025-08-18,Delhivery,Delivered
ORD003094,2025-12-17,2025-12-17,Ekart,Delivered
ORD003095,2026-06-17,,Ekart,In Transit/Lost
ORD003096,2026-09-04,2026-09-07,BlueDart,Delivered
ORD003098,2025-07-24,2025-07-24,Ekart,Delivered
ORD003099,2026-03-10,2026-03-10,Ekart,Delivered
ORD003100,2025-07-17,2025-07-24,Shadowfax,Delivered
ORD003101,2025-03-31,2025-04-01,Xpressbees,Delivered
ORD003102,2025-08-03,,BlueDart,In Transit/Lost
ORD003103,2025-04-06,,Shadowfax,In Transit/Lost
ORD003104,2026-02-16,2026-02-23,Ekart,Delivered
ORD003106,2025-11-02,,Shadowfax,In Transit/Lost
ORD003107,2026-01-14,2026-01-16,BlueDart,Delivered
ORD003108,2026-01-23,2026-01-24,Shadowfax,Delivered
ORD003110,2026-06-26,2026-06-28,Delhivery,Delivered
ORD003111,2026-01-30,2026-01-30,Ekart,Delivered
ORD003112,2026-02-27,2026-02-27,Ekart,Delivered
ORD003113,2026-07-16,2026-07-16,BlueDart,Delivered
ORD003115,2026-04-30,2026-04-30,Shadowfax,Delivered
ORD003116,2026-04-08,2026-04-08,BlueDart,Delivered
ORD003117,2026-09-05,2026-09-05,Shadowfax,Delivered
ORD003120,2025-10-08,,BlueDart,In Transit/Lost
ORD003121,2026-07-22,,BlueDart,In Transit/Lost
ORD003122,2026-08-10,2026-08-17,BlueDart,Delivered
ORD003123,2025-09-12,,Delhivery,In Transit/Lost
ORD003124,2025-10-02,2025-10-02,BlueDart,Delivered
ORD003125,2026-08-23,2026-08-23,BlueDart,Delivered
ORD003126,2025-06-05,2025-06-05,Shadowfax,Delivered
ORD003127,2026-07-03,2026-07-03,Ekart,Delivered
ORD003128,2026-09-06,2026-09-06,Shadowfax,Delivered
ORD003129,2025-08-05,2025-08-12,BlueDart,Delivered
ORD003130,2026-01-07,2026-01-07,Delhivery,Delivered
ORD003131,2025-05-31,2025-06-03,Shadowfax,Delivered
ORD003132,2026-09-05,2026-09-05,Delhivery,Delivered
ORD003133,2026-05-23,,Ekart,In Transit/Lost
ORD003134,2025-12-22,,Shadowfax,In Transit/Lost
ORD003135,2025-12-04,2025-12-04,Delhivery,Delivered
ORD003136,2025-09-10,2025-09-10,Shadowfax,Delivered
ORD003137,2026-06-03,2026-06-03,Delhivery,Delivered
ORD003138,2026-02-12,2026-02-15,Ekart,Delivered
ORD003140,2026-04-17,,Xpressbees,In Transit/Lost
ORD003141,2026-03-09,2026-03-09,Ekart,Delivered
ORD003142,2026-01-18,,Xpressbees,In Transit/Lost
ORD003143,2026-09-06,2026-09-06,Xpressbees,Delivered
ORD003144,2025-12-02,2025-12-02,Ekart,Delivered
ORD003145,2026-01-27,2026-01-27,Ekart,Delivered
ORD003146,2025-04-21,2025-04-21,Delhivery,Delivered
ORD003147,2026-02-23,2026-02-23,Ekart,Delivered
ORD003148,2025-12-18,2025-12-19,Xpressbees,Delivered
ORD003149,2025-11-13,,Shadowfax,In Transit/Lost
ORD003150,2026-08-20,2026-08-20,Shadowfax,Delivered
ORD003151,2025-06-23,2025-06-24,BlueDart,Delivered
ORD003152,2026-01-19,2026-01-20,BlueDart,Delivered
ORD003153,2026-01-18,2026-01-19,Xpressbees,Delivered
ORD003154,2025-04-23,,Delhivery,In Transit/Lost
ORD003155,2025-09-27,2025-09-27,BlueDart,Delivered
ORD003156,2026-07-06,,Shadowfax,In Transit/Lost
ORD003157,2025-06-11,2025-06-11,BlueDart,Delivered
ORD003159,2025-04-27,2025-04-27,Shadowfax,Delivered
ORD003160,2026-04-18,,Ekart,In Transit/Lost
ORD003161,2026-01-26,2026-01-27,Ekart,Delivered
ORD003162,2026-08-17,2026-08-17,Ekart,Delivered
ORD003163,2026-04-22,2026-04-22,Ekart,Delivered
ORD003164,2026-04-15,,BlueDart,In Transit/Lost
ORD003165,2025-12-16,2025-12-16,Delhivery,Delivered
ORD003166,2026-04-10,2026-04-10,Xpressbees,Delivered
ORD003167,2026-08-14,2026-08-14,BlueDart,Delivered
ORD003168,2026-09-08,2026-09-08,Delhivery,Delivered
ORD003169,2025-07-17,2025-07-18,Ekart,Delivered
ORD003170,2025-11-22,,BlueDart,In Transit/Lost
ORD003171,2026-01-09,,Shadowfax,In Transit/Lost
ORD003172,2026-03-25,2026-03-25,Delhivery,Delivered
ORD003173,2025-09-17,2025-09-24,Delhivery,Delivered
ORD003174,2026-01-27,2026-01-27,Xpressbees,Delivered
ORD003176,2026-08-17,2026-08-18,Ekart,Delivered
ORD003177,2025-06-10,2025-06-10,Ekart,Delivered
ORD003178,2026-01-09,2026-01-09,Xpressbees,Delivered
ORD003179,2026-03-25,,Delhivery,In Transit/Lost
ORD003180,2025-09-11,2025-09-12,Delhivery,Delivered
ORD003181,2025-03-28,2025-03-31,Xpressbees,Delivered
ORD003182,2026-02-18,2026-02-21,Delhivery,Delivered
ORD003183,2026-04-11,2026-04-11,Xpressbees,Delivered
ORD003184,2025-10-02,2025-10-02,Delhivery,Delivered
ORD003185,2025-05-28,2025-05-28,Ekart,Delivered
ORD003186,2026-09-03,2026-09-03,Delhivery,Delivered
ORD003187,2026-02-19,2026-02-20,Ekart,Delivered
ORD003188,2026-01-05,2026-01-05,Xpressbees,Delivered
ORD003189,2026-04-22,2026-04-22,Xpressbees,Delivered
ORD003190,2026-04-23,2026-04-24,Delhivery,Delivered
ORD003191,2025-08-04,2025-08-04,Shadowfax,Delivered
ORD003192,2026-02-10,2026-02-10,Shadowfax,Delivered
ORD003193,2026-05-07,2026-05-10,BlueDart,Delivered
ORD003194,2025-06-27,2025-06-30,Xpressbees,Delivered
ORD003195,2025-06-28,2025-06-30,Xpressbees,Delivered
ORD003196,2026-03-10,2026-03-10,Delhivery,Delivered
ORD003197,2025-12-15,2025-12-15,Ekart,Delivered
ORD003198,2025-05-26,2025-05-27,Shadowfax,Delivered
ORD003199,2025-05-10,2025-05-13,BlueDart,Delivered
ORD003200,2026-08-15,2026-08-15,Xpressbees,Delivered
ORD003201,2026-01-27,2026-01-29,Xpressbees,Delivered
ORD003202,2026-08-18,2026-08-18,BlueDart,Delivered
ORD003204,2025-11-01,2025-11-02,Ekart,Delivered
ORD003205,2026-04-04,2026-04-04,Delhivery,Delivered
ORD003206,2025-06-07,2025-06-08,BlueDart,Delivered
ORD003207,2025-09-26,2025-09-26,BlueDart,Delivered
ORD003208,2025-05-16,2025-05-18,Ekart,Delivered
ORD003210,2026-04-10,2026-04-11,Ekart,Delivered
ORD003211,2026-07-11,2026-07-18,BlueDart,Delivered
ORD003212,2025-12-19,2025-12-22,Ekart,Delivered
ORD003213,2025-07-03,2025-07-03,Xpressbees,Delivered
ORD003214,2025-10-25,2025-10-27,Shadowfax,Delivered
ORD003215,2025-07-26,2025-07-26,Delhivery,Delivered
ORD003217,2026-03-01,2026-03-01,BlueDart,Delivered
ORD003218,2025-09-22,2025-09-25,Delhivery,Delivered
ORD003219,2026-05-02,,BlueDart,In Transit/Lost
ORD003220,2026-01-02,2026-01-02,Delhivery,Delivered
ORD003221,2025-04-04,,BlueDart,In Transit/Lost
ORD003222,2026-02-16,2026-02-16,Shadowfax,Delivered
ORD003223,2026-09-05,2026-09-05,BlueDart,Delivered
ORD003224,2025-04-25,2025-04-28,Shadowfax,Delivered
ORD003225,2025-10-11,2025-10-11,Shadowfax,Delivered
ORD003226,2025-06-23,,Shadowfax,In Transit/Lost
ORD003227,2026-08-26,2026-08-26,Xpressbees,Delivered
ORD003229,2025-03-27,2025-03-30,Shadowfax,Delivered
ORD003230,2025-10-18,2025-10-19,Xpressbees,Delivered
ORD003231,2025-04-08,2025-04-08,Shadowfax,Delivered
ORD003232,2026-07-26,2026-08-02,BlueDart,Delivered
ORD003233,2026-01-24,2026-01-24,Xpressbees,Delivered
ORD003234,2026-06-30,2026-06-30,Delhivery,Delivered
ORD003235,2026-08-22,2026-08-22,BlueDart,Delivered
ORD003236,2025-07-05,2025-07-05,Ekart,Delivered
ORD003237,2026-02-22,2026-02-22,Shadowfax,Delivered
ORD003238,2025-06-30,2025-07-03,Ekart,Delivered
ORD003239,2025-07-21,2025-07-21,BlueDart,Delivered
ORD003240,2025-09-28,,Shadowfax,In Transit/Lost
ORD003241,2026-07-07,2026-07-07,Ekart,Delivered
ORD003242,2026-07-29,,Ekart,In Transit/Lost
ORD003243,2026-02-10,2026-02-17,Delhivery,Delivered
ORD003244,2026-01-28,2026-01-28,Ekart,Delivered
ORD003245,2026-07-20,2026-07-20,Xpressbees,Delivered
ORD003246,2026-04-09,2026-04-16,Delhivery,Delivered
ORD003247,2026-07-13,2026-07-13,Delhivery,Delivered
ORD003248,2025-06-26,2025-06-26,Delhivery,Delivered
ORD003249,2025-06-11,2025-06-13,BlueDart,Delivered
ORD003250,2026-06-09,2026-06-12,BlueDart,Delivered
ORD003251,2025-04-10,2025-04-17,Delhivery,Delivered
ORD003252,2025-04-15,2025-04-16,BlueDart,Delivered
ORD003253,2026-01-08,,Delhivery,In Transit/Lost
ORD003254,2026-08-24,,Xpressbees,In Transit/Lost
ORD003255,2026-08-13,2026-08-14,BlueDart,Delivered
ORD003256,2026-06-01,2026-06-01,Xpressbees,Delivered
ORD003257,2025-09-07,2025-09-07,Ekart,Delivered
ORD003258,2025-08-27,2025-08-30,Shadowfax,Delivered
ORD003259,2025-09-30,2025-09-30,Delhivery,Delivered
ORD003260,2025-06-28,2025-06-29,Shadowfax,Delivered
ORD003261,2025-12-27,2025-12-27,Ekart,Delivered
ORD003262,2026-07-23,2026-07-23,Xpressbees,Delivered
ORD003263,2025-12-17,2025-12-17,Xpressbees,Delivered
ORD003265,2026-09-12,2026-09-12,Shadowfax,Delivered
ORD003266,2026-08-02,,Ekart,In Transit/Lost
ORD003267,2026-08-14,2026-08-14,BlueDart,Delivered
ORD003268,2026-08-07,2026-08-09,Ekart,Delivered
ORD003269,2026-01-14,2026-01-14,Shadowfax,Delivered
ORD003270,2025-10-21,2025-10-21,Xpressbees,Delivered
ORD003271,2025-11-19,,Ekart,In Transit/Lost
ORD003272,2025-05-27,,Shadowfax,In Transit/Lost
ORD003275,2025-10-07,2025-10-07,Shadowfax,Delivered
ORD003276,2025-08-02,,Shadowfax,In Transit/Lost
ORD003277,2026-06-09,2026-06-09,Xpressbees,Delivered
ORD003278,2025-07-05,,Shadowfax,In Transit/Lost
ORD003279,2025-10-28,,Shadowfax,In Transit/Lost
ORD003280,2025-10-02,2025-10-05,Ekart,Delivered
ORD003281,2026-08-02,2026-08-02,BlueDart,Delivered
ORD003282,2026-08-02,2026-08-03,Delhivery,Delivered
ORD003283,2026-06-04,2026-06-04,Delhivery,Delivered
ORD003284,2026-07-30,2026-08-02,Xpressbees,Delivered
ORD003285,2026-04-10,,BlueDart,In Transit/Lost
ORD003286,2026-06-21,2026-06-21,Xpressbees,Delivered
ORD003287,2025-05-15,2025-05-15,Shadowfax,Delivered
ORD003289,2026-03-19,2026-03-19,Xpressbees,Delivered
ORD003291,2026-01-03,2026-01-05,Ekart,Delivered
ORD003292,2026-01-28,2026-01-28,Delhivery,Delivered
ORD003293,2026-01-04,2026-01-06,Ekart,Delivered
ORD003295,2026-01-12,2026-01-12,Xpressbees,Delivered
ORD003296,2025-07-10,,Ekart,In Transit/Lost
ORD003297,2025-09-13,2025-09-15,Ekart,Delivered
ORD003298,2025-11-21,2025-11-21,Delhivery,Delivered
ORD003299,2025-07-08,,BlueDart,In Transit/Lost
ORD003300,2026-08-17,2026-08-17,Shadowfax,Delivered
ORD003301,2025-11-10,2025-11-10,Shadowfax,Delivered
ORD003302,2025-11-13,,Ekart,In Transit/Lost
ORD003303,2025-05-07,2025-05-07,Delhivery,Delivered
ORD003304,2025-04-06,2025-04-07,BlueDart,Delivered
ORD003305,2025-05-18,2025-05-18,Shadowfax,Delivered
ORD003306,2026-01-23,2026-01-23,Delhivery,Delivered
ORD003307,2026-02-15,2026-02-16,Delhivery,Delivered
ORD003308,2025-09-04,2025-09-04,Ekart,Delivered
ORD003309,2026-09-09,2026-09-09,Delhivery,Delivered
ORD003310,2026-05-15,2026-05-15,BlueDart,Delivered
ORD003311,2026-05-15,2026-05-15,BlueDart,Delivered
ORD003312,2026-04-07,2026-04-10,Ekart,Delivered
ORD003313,2026-01-01,2026-01-04,Xpressbees,Delivered
ORD003314,2025-04-16,2025-04-16,Ekart,Delivered
ORD003315,2026-08-17,2026-08-18,BlueDart,Delivered
ORD003317,2026-02-05,2026-02-05,Xpressbees,Delivered
ORD003318,2026-07-22,2026-07-25,Delhivery,Delivered
ORD003319,2026-01-10,2026-01-10,Ekart,Delivered
ORD003320,2026-03-05,2026-03-05,Shadowfax,Delivered
ORD003322,2026-01-08,2026-01-08,BlueDart,Delivered
ORD003323,2025-04-20,,Xpressbees,In Transit/Lost
ORD003324,2025-09-03,2025-09-03,Shadowfax,Delivered
ORD003325,2025-07-02,2025-07-02,Xpressbees,Delivered
ORD003326,2026-08-28,2026-08-28,BlueDart,Delivered
ORD003327,2025-04-20,2025-04-21,BlueDart,Delivered
ORD003328,2026-06-11,2026-06-12,Shadowfax,Delivered
ORD003329,2026-07-07,2026-07-08,Ekart,Delivered
ORD003330,2026-04-25,2026-04-28,Shadowfax,Delivered
ORD003331,2025-12-30,2025-12-30,BlueDart,Delivered
ORD003332,2025-06-28,2025-06-28,Ekart,Delivered
ORD003334,2026-04-05,2026-04-05,Delhivery,Delivered
ORD003335,2026-07-30,,BlueDart,In Transit/Lost
ORD003336,2025-05-18,,Shadowfax,In Transit/Lost
ORD003337,2026-08-20,2026-08-20,Xpressbees,Delivered
ORD003338,2026-07-17,2026-07-17,Delhivery,Delivered
ORD003339,2026-04-13,2026-04-13,Delhivery,Delivered
ORD003340,2025-05-02,2025-05-09,Xpressbees,Delivered
ORD003341,2025-07-13,2025-07-13,Delhivery,Delivered
ORD003342,2025-07-13,2025-07-20,Delhivery,Delivered
ORD003343,2026-03-05,2026-03-05,BlueDart,Delivered
ORD003344,2025-04-02,2025-04-09,Ekart,Delivered
ORD003345,2026-08-03,2026-08-03,BlueDart,Delivered
ORD003346,2025-07-12,,Delhivery,In Transit/Lost
ORD003347,2026-03-30,2026-04-06,Ekart,Delivered
ORD003348,2026-08-04,2026-08-04,Xpressbees,Delivered
ORD003350,2025-08-01,2025-08-01,Xpressbees,Delivered
ORD003351,2026-06-08,2026-06-08,Ekart,Delivered
ORD003352,2026-06-17,2026-06-20,Ekart,Delivered
ORD003353,2026-09-05,2026-09-07,BlueDart,Delivered
ORD003354,2026-09-08,2026-09-08,BlueDart,Delivered
ORD003355,2026-06-13,2026-06-16,Ekart,Delivered
ORD003356,2025-10-11,2025-10-13,Shadowfax,Delivered
ORD003357,2026-06-21,2026-06-23,Ekart,Delivered
ORD003358,2025-04-19,2025-04-19,Ekart,Delivered
ORD003359,2025-06-08,2025-06-15,BlueDart,Delivered
ORD003360,2025-08-02,2025-08-03,Xpressbees,Delivered
ORD003361,2026-03-21,2026-03-21,Delhivery,Delivered
ORD003362,2026-07-13,2026-07-13,Delhivery,Delivered
ORD003363,2025-11-08,2025-11-08,Ekart,Delivered
ORD003364,2026-01-28,2026-01-28,Xpressbees,Delivered
ORD003365,2026-07-04,2026-07-04,BlueDart,Delivered
ORD003366,2026-02-27,,Ekart,In Transit/Lost
ORD003367,2025-07-11,,Ekart,In Transit/Lost
ORD003369,2026-04-25,2026-04-25,Xpressbees,Delivered
ORD003370,2025-08-18,2025-08-21,Ekart,Delivered
ORD003371,2026-03-31,2026-03-31,Delhivery,Delivered
ORD003372,2025-11-03,2025-11-06,Ekart,Delivered
ORD003373,2025-11-03,2025-11-10,Xpressbees,Delivered
ORD003374,2025-08-23,,Xpressbees,In Transit/Lost
ORD003375,2026-07-25,2026-07-25,Xpressbees,Delivered
ORD003376,2026-06-08,2026-06-08,BlueDart,Delivered
ORD003377,2025-12-11,2025-12-14,BlueDart,Delivered
ORD003378,2026-02-11,2026-02-11,Shadowfax,Delivered
ORD003379,2026-02-25,2026-02-27,Delhivery,Delivered
ORD003380,2025-10-23,2025-10-24,Xpressbees,Delivered
ORD003381,2026-04-02,2026-04-03,Ekart,Delivered
ORD003382,2025-11-22,,Ekart,In Transit/Lost
ORD003383,2026-03-16,2026-03-16,Xpressbees,Delivered
ORD003384,2025-07-21,2025-07-28,BlueDart,Delivered
ORD003385,2026-03-04,2026-03-05,BlueDart,Delivered
ORD003386,2025-05-27,2025-05-27,BlueDart,Delivered
ORD003388,2025-12-12,2025-12-19,Ekart,Delivered
ORD003389,2025-07-03,2025-07-03,Delhivery,Delivered
ORD003390,2025-09-18,2025-09-18,Ekart,Delivered
ORD003391,2026-08-15,2026-08-16,Ekart,Delivered
ORD003392,2025-08-11,2025-08-11,Shadowfax,Delivered
ORD003393,2026-03-27,2026-03-29,Shadowfax,Delivered
ORD003394,2026-08-07,2026-08-07,BlueDart,Delivered
ORD003395,2025-10-26,,Delhivery,In Transit/Lost
ORD003396,2026-01-06,2026-01-06,BlueDart,Delivered
ORD003397,2025-08-23,2025-08-26,BlueDart,Delivered
ORD003398,2026-01-26,2026-01-27,Delhivery,Delivered
ORD003399,2025-05-21,2025-05-22,Delhivery,Delivered
ORD003400,2025-05-29,2025-05-29,BlueDart,Delivered
ORD003401,2026-06-11,2026-06-11,BlueDart,Delivered
ORD003402,2026-07-14,2026-07-15,Ekart,Delivered
ORD003403,2026-08-18,2026-08-18,BlueDart,Delivered
ORD003404,2026-01-19,2026-01-21,BlueDart,Delivered
ORD003405,2025-12-19,2025-12-20,Xpressbees,Delivered
ORD003406,2025-06-02,,BlueDart,In Transit/Lost
ORD003407,2026-09-12,2026-09-12,Ekart,Delivered
ORD003408,2025-12-02,2025-12-02,Xpressbees,Delivered
ORD003409,2025-05-23,2025-05-23,Ekart,Delivered
ORD003410,2025-07-27,2025-07-27,Delhivery,Delivered
ORD003411,2026-06-18,2026-06-18,Shadowfax,Delivered
ORD003412,2025-06-30,2025-06-30,Shadowfax,Delivered
ORD003414,2026-06-03,2026-06-05,Delhivery,Delivered
ORD003415,2025-08-03,2025-08-03,Shadowfax,Delivered
ORD003416,2026-02-18,2026-02-18,Delhivery,Delivered
ORD003417,2025-11-16,2025-11-16,Shadowfax,Delivered
ORD003418,2025-06-08,,Shadowfax,In Transit/Lost
ORD003419,2026-02-08,2026-02-10,Xpressbees,Delivered
ORD003420,2025-04-17,2025-04-17,Ekart,Delivered
ORD003421,2026-08-09,2026-08-16,Ekart,Delivered
ORD003423,2025-07-05,2025-07-05,BlueDart,Delivered
ORD003424,2025-07-15,2025-07-15,Shadowfax,Delivered
ORD003425,2025-09-11,,Delhivery,In Transit/Lost
ORD003426,2026-01-25,2026-01-27,Ekart,Delivered
ORD003427,2026-08-17,2026-08-19,Xpressbees,Delivered
ORD003428,2025-09-24,,BlueDart,In Transit/Lost
ORD003429,2026-08-20,2026-08-23,Shadowfax,Delivered
ORD003430,2026-08-04,2026-08-11,Xpressbees,Delivered
ORD003431,2025-09-29,2025-09-29,BlueDart,Delivered
ORD003432,2025-07-12,,Ekart,In Transit/Lost
ORD003433,2026-03-08,2026-03-10,Delhivery,Delivered
ORD003434,2025-10-21,,BlueDart,In Transit/Lost
ORD003435,2025-06-16,2025-06-19,Ekart,Delivered
ORD003436,2025-08-27,2025-08-29,Shadowfax,Delivered
ORD003437,2025-04-27,2025-04-27,Xpressbees,Delivered
ORD003438,2025-07-01,2025-07-01,Delhivery,Delivered
ORD003439,2025-07-08,2025-07-08,Xpressbees,Delivered
ORD003440,2026-03-16,2026-03-19,Xpressbees,Delivered
ORD003441,2025-11-14,2025-11-17,Shadowfax,Delivered
ORD003442,2026-07-06,2026-07-08,Delhivery,Delivered
ORD003443,2025-04-30,2025-05-03,Ekart,Delivered
ORD003444,2025-08-04,2025-08-05,Shadowfax,Delivered
ORD003445,2026-01-04,,Delhivery,In Transit/Lost
ORD003446,2026-01-17,2026-01-17,BlueDart,Delivered
ORD003447,2025-06-10,2025-06-10,Shadowfax,Delivered
ORD003448,2026-08-28,2026-08-28,Delhivery,Delivered
ORD003449,2025-04-22,,Shadowfax,In Transit/Lost
ORD003450,2026-03-27,2026-03-30,Ekart,Delivered
ORD003451,2025-11-02,2025-11-02,Xpressbees,Delivered
ORD003452,2026-01-08,2026-01-08,Delhivery,Delivered
ORD003454,2025-06-25,2025-06-26,Shadowfax,Delivered
ORD003455,2026-08-10,2026-08-13,Xpressbees,Delivered
ORD003456,2025-10-09,,BlueDart,In Transit/Lost
ORD003457,2025-06-09,2025-06-09,Xpressbees,Delivered
ORD003458,2025-05-18,2025-05-18,Ekart,Delivered
ORD003459,2025-07-30,2025-07-30,Shadowfax,Delivered
ORD003460,2025-10-14,2025-10-14,Delhivery,Delivered
ORD003461,2026-01-21,2026-01-21,Ekart,Delivered
ORD003462,2026-06-06,,Delhivery,In Transit/Lost
ORD003464,2025-05-28,2025-05-30,Ekart,Delivered
ORD003466,2026-02-27,2026-02-27,Shadowfax,Delivered
ORD003467,2026-01-23,2026-01-23,Xpressbees,Delivered
ORD003468,2025-05-02,,Delhivery,In Transit/Lost
ORD003469,2026-03-08,2026-03-15,Xpressbees,Delivered
ORD003470,2026-07-28,2026-07-28,Delhivery,Delivered
ORD003471,2026-08-13,2026-08-13,Delhivery,Delivered
ORD003472,2026-03-07,2026-03-08,Xpressbees,Delivered
ORD003473,2025-08-25,2025-08-28,Delhivery,Delivered
ORD003474,2026-02-21,2026-02-23,Xpressbees,Delivered
ORD003475,2025-11-22,2025-11-25,Shadowfax,Delivered
ORD003476,2026-05-01,,Shadowfax,In Transit/Lost
ORD003478,2026-02-19,2026-02-19,Shadowfax,Delivered
ORD003479,2025-09-25,2025-09-25,Shadowfax,Delivered
ORD003480,2026-09-10,2026-09-11,Ekart,Delivered
ORD003481,2025-11-25,2025-11-28,Ekart,Delivered
ORD003482,2026-08-04,,Xpressbees,In Transit/Lost
ORD003483,2025-06-16,2025-06-16,Shadowfax,Delivered
ORD003484,2026-01-09,2026-01-12,Xpressbees,Delivered
ORD003485,2025-10-04,,Delhivery,In Transit/Lost
ORD003486,2025-06-11,2025-06-11,Ekart,Delivered
ORD003487,2026-03-04,2026-03-11,BlueDart,Delivered
ORD003489,2026-08-28,2026-08-28,Delhivery,Delivered
ORD003490,2026-09-16,2026-09-16,Xpressbees,Delivered
ORD003491,2026-07-15,2026-07-15,Delhivery,Delivered
ORD003492,2025-10-09,2025-10-11,Ekart,Delivered
ORD003493,2025-04-05,,Delhivery,In Transit/Lost
ORD003494,2026-06-02,2026-06-02,Ekart,Delivered
ORD003495,2025-06-11,,BlueDart,In Transit/Lost
ORD003497,2026-04-13,,Xpressbees,In Transit/Lost
ORD003498,2026-01-11,2026-01-11,Xpressbees,Delivered
ORD003499,2025-07-26,2025-07-26,Xpressbees,Delivered
ORD003500,2025-10-26,2025-11-02,BlueDart,Delivered
ORD003501,2026-06-19,2026-06-26,Shadowfax,Delivered
ORD003502,2025-09-29,2025-09-30,Shadowfax,Delivered
ORD003503,2026-08-14,2026-08-16,Xpressbees,Delivered
ORD003504,2025-11-06,,BlueDart,In Transit/Lost
ORD003505,2025-11-05,2025-11-07,Ekart,Delivered
ORD003506,2026-04-26,2026-04-26,BlueDart,Delivered
ORD003507,2025-11-18,2025-11-18,Shadowfax,Delivered
ORD003509,2025-10-07,2025-10-07,Xpressbees,Delivered
ORD003510,2025-09-15,2025-09-15,Shadowfax,Delivered
ORD003511,2025-10-25,2025-10-27,BlueDart,Delivered
ORD003512,2026-04-19,2026-04-26,Shadowfax,Delivered
ORD003514,2025-07-21,2025-07-21,Delhivery,Delivered
ORD003515,2025-07-04,2025-07-04,Shadowfax,Delivered
ORD003516,2025-07-07,2025-07-07,Delhivery,Delivered
ORD003517,2026-07-07,,Xpressbees,In Transit/Lost
ORD003518,2026-03-16,2026-03-17,Shadowfax,Delivered
ORD003519,2026-02-20,2026-02-20,Ekart,Delivered
ORD003520,2026-07-25,2026-07-25,Ekart,Delivered
ORD003521,2026-01-16,2026-01-16,Shadowfax,Delivered
ORD003522,2026-05-09,2026-05-10,BlueDart,Delivered
ORD003523,2025-11-01,2025-11-03,Ekart,Delivered
ORD003524,2026-03-08,2026-03-08,Delhivery,Delivered
ORD003526,2025-06-07,2025-06-07,Shadowfax,Delivered
ORD003528,2026-03-13,2026-03-16,Shadowfax,Delivered
ORD003530,2026-06-16,2026-06-16,Xpressbees,Delivered
ORD003531,2026-05-15,2026-05-15,Xpressbees,Delivered
ORD003532,2026-02-25,2026-02-28,Xpressbees,Delivered
ORD003533,2025-04-21,2025-04-21,Shadowfax,Delivered
ORD003534,2025-07-20,2025-07-27,Xpressbees,Delivered
ORD003536,2025-06-15,2025-06-15,Shadowfax,Delivered
ORD003537,2025-10-19,2025-10-26,Delhivery,Delivered
ORD003538,2025-12-29,2025-12-29,Ekart,Delivered
ORD003539,2025-06-29,2025-07-01,Xpressbees,Delivered
ORD003540,2025-11-17,2025-11-17,Xpressbees,Delivered
ORD003541,2026-04-03,2026-04-10,Xpressbees,Delivered
ORD003542,2025-10-18,2025-10-18,Shadowfax,Delivered
ORD003543,2026-03-18,,Shadowfax,In Transit/Lost
ORD003544,2025-08-20,,Ekart,In Transit/Lost
ORD003545,2026-04-29,,Delhivery,In Transit/Lost
ORD003546,2026-01-22,2026-01-22,Ekart,Delivered
ORD003547,2025-06-15,2025-06-15,Delhivery,Delivered
ORD003548,2025-10-27,2025-10-27,Shadowfax,Delivered
ORD003549,2026-05-21,,BlueDart,In Transit/Lost
ORD003550,2025-07-07,2025-07-14,Ekart,Delivered
ORD003551,2025-11-03,2025-11-03,Xpressbees,Delivered
ORD003552,2025-12-02,2025-12-04,BlueDart,Delivered
ORD003553,2026-07-05,2026-07-05,BlueDart,Delivered
ORD003555,2026-08-08,2026-08-08,Delhivery,Delivered
ORD003556,2025-09-10,2025-09-10,Ekart,Delivered
ORD003557,2026-08-11,2026-08-12,BlueDart,Delivered
ORD003558,2026-02-17,,Delhivery,In Transit/Lost
ORD003559,2026-04-26,2026-04-26,Shadowfax,Delivered
ORD003560,2026-07-11,2026-07-11,BlueDart,Delivered
ORD003561,2026-03-23,2026-03-25,Delhivery,Delivered
ORD003562,2026-05-21,2026-05-22,Shadowfax,Delivered
ORD003563,2025-05-10,2025-05-10,Xpressbees,Delivered
ORD003564,2025-03-27,2025-03-28,Delhivery,Delivered
ORD003565,2026-07-01,2026-07-01,Xpressbees,Delivered
ORD003566,2025-04-21,2025-04-21,BlueDart,Delivered
ORD003567,2026-06-26,,Shadowfax,In Transit/Lost
ORD003569,2026-07-22,2026-07-22,Xpressbees,Delivered
ORD003570,2025-07-12,2025-07-12,Delhivery,Delivered
ORD003571,2025-06-14,2025-06-14,Xpressbees,Delivered
ORD003572,2025-07-19,2025-07-20,Ekart,Delivered
ORD003573,2026-06-22,2026-06-25,Xpressbees,Delivered
ORD003574,2025-10-05,,BlueDart,In Transit/Lost
ORD003575,2026-07-26,2026-07-26,Shadowfax,Delivered
ORD003576,2026-02-02,2026-02-05,Shadowfax,Delivered
ORD003577,2026-06-13,2026-06-13,Delhivery,Delivered
ORD003579,2026-04-07,2026-04-08,Delhivery,Delivered
ORD003581,2025-05-19,2025-05-19,BlueDart,Delivered
ORD003582,2026-01-21,2026-01-24,Shadowfax,Delivered
ORD003583,2026-07-23,2026-07-26,Xpressbees,Delivered
ORD003584,2025-06-16,2025-06-19,Xpressbees,Delivered
ORD003585,2025-11-04,2025-11-11,Shadowfax,Delivered
ORD003587,2026-02-21,2026-02-21,Delhivery,Delivered
ORD003588,2025-06-18,2025-06-18,Shadowfax,Delivered
ORD003590,2025-12-01,2025-12-04,Xpressbees,Delivered
ORD003591,2026-09-06,2026-09-06,Ekart,Delivered
ORD003592,2026-04-02,2026-04-02,Ekart,Delivered
ORD003593,2026-07-25,2026-07-25,BlueDart,Delivered
ORD003595,2026-03-18,2026-03-18,Ekart,Delivered
ORD003596,2025-06-13,2025-06-13,Shadowfax,Delivered
ORD003597,2025-11-20,2025-11-20,BlueDart,Delivered
ORD003598,2026-05-08,2026-05-15,Delhivery,Delivered
ORD003599,2025-06-04,2025-06-05,Xpressbees,Delivered
ORD003600,2025-10-15,2025-10-15,Ekart,Delivered
ORD003601,2025-10-15,2025-10-16,Xpressbees,Delivered
ORD003602,2025-06-26,,BlueDart,In Transit/Lost
ORD003603,2025-04-05,2025-04-06,Delhivery,Delivered
ORD003604,2026-03-30,2026-03-30,BlueDart,Delivered
ORD003605,2026-06-10,2026-06-10,Xpressbees,Delivered
ORD003606,2026-08-07,2026-08-10,Shadowfax,Delivered
ORD003607,2026-02-04,2026-02-04,Ekart,Delivered
ORD003608,2025-06-30,2025-07-07,Delhivery,Delivered
ORD003609,2026-07-20,,Xpressbees,In Transit/Lost
ORD003610,2026-08-29,2026-08-29,BlueDart,Delivered
ORD003611,2026-08-18,2026-08-20,Shadowfax,Delivered
ORD003612,2026-01-26,2026-01-29,Ekart,Delivered
ORD003613,2026-07-15,2026-07-15,Delhivery,Delivered
ORD003614,2026-09-08,2026-09-10,Shadowfax,Delivered
ORD003615,2026-07-17,2026-07-18,Xpressbees,Delivered
ORD003616,2025-05-02,2025-05-02,Ekart,Delivered
ORD003617,2025-06-06,2025-06-09,Delhivery,Delivered
ORD003618,2025-09-04,2025-09-04,Ekart,Delivered
ORD003619,2025-10-22,2025-10-23,Delhivery,Delivered
ORD003620,2025-06-13,,BlueDart,In Transit/Lost
ORD003621,2026-09-13,2026-09-13,Ekart,Delivered
ORD003622,2026-05-27,2026-06-03,BlueDart,Delivered
ORD003623,2026-03-21,2026-03-23,BlueDart,Delivered
ORD003624,2026-08-26,2026-08-26,BlueDart,Delivered
ORD003625,2025-09-12,2025-09-19,Xpressbees,Delivered
ORD003626,2026-04-11,2026-04-11,Shadowfax,Delivered
ORD003627,2026-08-17,2026-08-17,Ekart,Delivered
ORD003628,2025-05-06,2025-05-06,Shadowfax,Delivered
ORD003630,2026-05-30,2026-05-30,Ekart,Delivered
ORD003631,2025-04-02,2025-04-02,Ekart,Delivered
ORD003632,2026-07-18,2026-07-18,Shadowfax,Delivered
ORD003633,2025-11-03,,Delhivery,In Transit/Lost
ORD003634,2025-06-23,2025-06-23,Ekart,Delivered
ORD003635,2026-06-26,2026-06-26,Delhivery,Delivered
ORD003638,2025-12-31,2025-12-31,Xpressbees,Delivered
ORD003639,2026-07-31,,Xpressbees,In Transit/Lost
ORD003640,2025-12-14,2025-12-14,Xpressbees,Delivered
ORD003641,2026-07-26,,BlueDart,In Transit/Lost
ORD003643,2025-08-01,2025-08-01,Ekart,Delivered
ORD003645,2025-11-23,2025-11-26,Ekart,Delivered
ORD003646,2025-11-11,2025-11-12,Delhivery,Delivered
ORD003647,2025-04-15,2025-04-15,Delhivery,Delivered
ORD003648,2026-05-04,2026-05-04,Ekart,Delivered
ORD003650,2025-11-28,2025-11-30,Shadowfax,Delivered
ORD003651,2025-05-08,2025-05-08,Ekart,Delivered
ORD003652,2026-01-17,,Delhivery,In Transit/Lost
ORD003653,2025-06-02,2025-06-04,BlueDart,Delivered
ORD003654,2026-09-02,2026-09-03,Ekart,Delivered
ORD003657,2025-04-03,2025-04-04,Shadowfax,Delivered
ORD003658,2025-10-14,2025-10-15,Delhivery,Delivered
ORD003659,2026-07-25,2026-08-01,Delhivery,Delivered
ORD003660,2025-10-15,2025-10-16,Delhivery,Delivered
ORD003661,2025-04-12,2025-04-12,Ekart,Delivered
ORD003662,2026-03-22,2026-03-25,Ekart,Delivered
ORD003663,2026-04-04,2026-04-11,Delhivery,Delivered
ORD003664,2025-09-23,2025-09-23,Shadowfax,Delivered
ORD003665,2026-05-30,2026-06-01,BlueDart,Delivered
ORD003666,2026-06-29,2026-06-29,Xpressbees,Delivered
ORD003668,2025-10-30,2025-10-30,Ekart,Delivered
ORD003670,2026-08-16,,BlueDart,In Transit/Lost
ORD003671,2026-04-15,2026-04-17,BlueDart,Delivered
ORD003672,2026-01-16,2026-01-16,Ekart,Delivered
ORD003674,2025-08-16,2025-08-16,Xpressbees,Delivered
ORD003675,2026-07-30,2026-07-30,Ekart,Delivered
ORD003676,2026-08-02,2026-08-02,Ekart,Delivered
ORD003677,2025-05-09,2025-05-10,Shadowfax,Delivered
ORD003678,2026-03-18,2026-03-18,BlueDart,Delivered
ORD003679,2025-09-11,,Ekart,In Transit/Lost
ORD003680,2025-12-23,2025-12-25,BlueDart,Delivered
ORD003681,2025-05-23,2025-05-23,Delhivery,Delivered
ORD003682,2026-06-04,2026-06-11,Xpressbees,Delivered
ORD003683,2026-06-01,2026-06-02,Delhivery,Delivered
ORD003684,2025-05-22,2025-05-22,BlueDart,Delivered
ORD003685,2025-05-04,2025-05-04,Ekart,Delivered
ORD003686,2025-10-12,,Ekart,In Transit/Lost
ORD003687,2025-06-17,2025-06-17,Delhivery,Delivered
ORD003688,2026-05-31,2026-06-02,Xpressbees,Delivered
ORD003689,2026-05-20,2026-05-20,BlueDart,Delivered
ORD003690,2026-07-04,2026-07-04,Ekart,Delivered
ORD003691,2025-03-31,2025-04-03,Ekart,Delivered
ORD003692,2025-04-02,2025-04-02,BlueDart,Delivered
ORD003693,2026-06-01,2026-06-03,Delhivery,Delivered
ORD003694,2026-07-06,2026-07-09,Ekart,Delivered
ORD003695,2026-02-22,2026-02-22,BlueDart,Delivered
ORD003696,2025-06-18,2025-06-18,Xpressbees,Delivered
ORD003697,2026-02-24,2026-02-25,BlueDart,Delivered
ORD003699,2025-11-26,2025-11-28,Shadowfax,Delivered
ORD003700,2026-07-10,,Shadowfax,In Transit/Lost
ORD003701,2026-05-21,2026-05-21,Xpressbees,Delivered
ORD003702,2025-05-21,2025-05-22,Xpressbees,Delivered
ORD003703,2025-05-29,2025-05-30,Delhivery,Delivered
ORD003704,2026-04-10,2026-04-11,BlueDart,Delivered
ORD003705,2025-07-09,2025-07-09,Shadowfax,Delivered
ORD003706,2026-05-01,2026-05-03,Delhivery,Delivered
ORD003707,2025-05-05,,Xpressbees,In Transit/Lost
ORD003708,2025-05-11,,Delhivery,In Transit/Lost
ORD003709,2026-08-19,,Ekart,In Transit/Lost
ORD003710,2025-03-26,2025-03-26,Shadowfax,Delivered
ORD003711,2026-05-25,2026-05-26,Delhivery,Delivered
ORD003713,2025-04-18,2025-04-18,Xpressbees,Delivered
ORD003714,2025-05-04,2025-05-07,Delhivery,Delivered
ORD003715,2025-09-14,2025-09-14,Ekart,Delivered
ORD003716,2026-01-05,,Shadowfax,In Transit/Lost
ORD003717,2025-12-05,,BlueDart,In Transit/Lost
ORD003718,2025-07-07,2025-07-09,Delhivery,Delivered
ORD003719,2026-09-10,2026-09-10,Shadowfax,Delivered
ORD003720,2026-02-14,2026-02-14,Delhivery,Delivered
ORD003721,2025-07-02,,Delhivery,In Transit/Lost
ORD003722,2025-08-28,2025-08-28,Ekart,Delivered
ORD003723,2026-03-23,2026-03-23,Ekart,Delivered
ORD003724,2026-07-03,,BlueDart,In Transit/Lost
ORD003725,2025-04-26,2025-04-28,Delhivery,Delivered
ORD003726,2025-07-02,,Delhivery,In Transit/Lost
ORD003727,2025-03-29,2025-03-30,Ekart,Delivered
ORD003728,2025-06-28,2025-07-01,Xpressbees,Delivered
ORD003729,2025-07-10,2025-07-10,Ekart,Delivered
ORD003730,2025-06-11,,Ekart,In Transit/Lost
ORD003731,2026-01-10,2026-01-12,Delhivery,Delivered
ORD003732,2026-08-30,2026-09-06,Delhivery,Delivered
ORD003733,2026-04-05,,Ekart,In Transit/Lost
ORD003734,2026-04-07,2026-04-07,Delhivery,Delivered
ORD003735,2025-05-02,2025-05-04,BlueDart,Delivered
ORD003736,2025-07-03,2025-07-10,Shadowfax,Delivered
ORD003737,2025-09-13,2025-09-13,BlueDart,Delivered
ORD003738,2026-09-10,2026-09-13,BlueDart,Delivered
ORD003739,2025-06-20,2025-06-20,Ekart,Delivered
ORD003740,2026-03-01,2026-03-01,Xpressbees,Delivered
ORD003741,2026-02-08,2026-02-15,Delhivery,Delivered
ORD003742,2026-02-10,,Shadowfax,In Transit/Lost
ORD003743,2025-12-21,2025-12-24,Xpressbees,Delivered
ORD003744,2025-08-25,2025-08-26,Shadowfax,Delivered
ORD003746,2026-06-12,2026-06-13,BlueDart,Delivered
ORD003747,2026-04-26,2026-04-26,Ekart,Delivered
ORD003748,2026-01-03,,Xpressbees,In Transit/Lost
ORD003749,2026-03-12,2026-03-12,Ekart,Delivered
ORD003750,2026-08-29,2026-08-30,Delhivery,Delivered
ORD003751,2025-08-08,2025-08-08,Xpressbees,Delivered
ORD003753,2025-04-28,2025-04-28,Delhivery,Delivered
ORD003754,2025-04-26,2025-04-28,BlueDart,Delivered
ORD003755,2025-09-27,2025-09-27,Ekart,Delivered
ORD003756,2026-04-24,2026-04-24,Ekart,Delivered
ORD003757,2026-02-20,2026-02-20,Shadowfax,Delivered
ORD003758,2026-06-07,2026-06-07,Ekart,Delivered
ORD003759,2025-05-05,2025-05-05,Shadowfax,Delivered
ORD003760,2026-05-10,2026-05-10,Ekart,Delivered
ORD003761,2026-04-15,2026-04-15,Xpressbees,Delivered
ORD003762,2025-03-30,,Delhivery,In Transit/Lost
ORD003763,2026-04-28,2026-04-28,Xpressbees,Delivered
ORD003764,2025-05-09,2025-05-09,Shadowfax,Delivered
ORD003765,2026-02-06,2026-02-06,BlueDart,Delivered
ORD003766,2026-07-30,2026-07-31,Xpressbees,Delivered
ORD003767,2025-10-05,2025-10-06,Ekart,Delivered
ORD003768,2026-03-28,,Shadowfax,In Transit/Lost
ORD003771,2025-08-11,2025-08-11,Delhivery,Delivered
ORD003772,2026-06-22,2026-06-23,Shadowfax,Delivered
ORD003773,2025-11-23,,Delhivery,In Transit/Lost
ORD003774,2026-04-27,,BlueDart,In Transit/Lost
ORD003775,2025-12-08,2025-12-11,Xpressbees,Delivered
ORD003776,2025-12-19,2025-12-19,Ekart,Delivered
ORD003777,2026-05-10,2026-05-10,BlueDart,Delivered
ORD003778,2025-09-09,2025-09-10,Ekart,Delivered
ORD003779,2026-09-14,2026-09-14,Shadowfax,Delivered
ORD003780,2025-07-03,2025-07-03,Xpressbees,Delivered
ORD003781,2026-02-05,2026-02-06,BlueDart,Delivered
ORD003782,2025-04-17,2025-04-20,Shadowfax,Delivered
ORD003783,2025-10-02,2025-10-09,BlueDart,Delivered
ORD003784,2025-11-30,2025-11-30,Shadowfax,Delivered
ORD003785,2025-11-28,2025-11-28,BlueDart,Delivered
ORD003786,2026-08-03,2026-08-03,Ekart,Delivered
ORD003787,2026-06-23,2026-06-24,Xpressbees,Delivered
ORD003788,2026-09-01,,BlueDart,In Transit/Lost
ORD003789,2025-11-30,2025-12-02,Delhivery,Delivered
ORD003790,2026-07-23,2026-07-26,Shadowfax,Delivered
ORD003791,2025-11-23,,BlueDart,In Transit/Lost
ORD003793,2026-05-05,2026-05-07,Xpressbees,Delivered
ORD003794,2025-11-07,2025-11-07,Delhivery,Delivered
ORD003795,2025-04-08,2025-04-09,BlueDart,Delivered
ORD003797,2025-09-11,2025-09-18,Shadowfax,Delivered
ORD003798,2026-09-08,2026-09-08,Xpressbees,Delivered
ORD003799,2026-03-02,2026-03-03,BlueDart,Delivered
ORD003800,2025-10-26,2025-10-26,Xpressbees,Delivered
ORD003801,2025-03-31,2025-03-31,Ekart,Delivered
ORD003802,2026-05-27,2026-05-29,Xpressbees,Delivered
ORD003803,2026-03-15,2026-03-15,Delhivery,Delivered
ORD003804,2025-06-24,2025-06-26,Delhivery,Delivered
ORD003805,2026-02-06,2026-02-06,BlueDart,Delivered
ORD003806,2025-06-30,2025-06-30,Delhivery,Delivered
ORD003807,2025-05-15,2025-05-18,BlueDart,Delivered
ORD003808,2025-10-21,2025-10-21,Shadowfax,Delivered
ORD003809,2025-06-11,2025-06-12,Xpressbees,Delivered
ORD003810,2025-09-22,2025-09-22,Xpressbees,Delivered
ORD003811,2025-04-06,2025-04-13,Delhivery,Delivered
ORD003813,2025-09-04,2025-09-04,Delhivery,Delivered
ORD003814,2026-08-22,2026-08-25,BlueDart,Delivered
ORD003815,2026-01-14,,Shadowfax,In Transit/Lost
ORD003816,2025-07-26,,Shadowfax,In Transit/Lost
ORD003817,2025-12-10,2025-12-10,Delhivery,Delivered
ORD003819,2025-11-12,2025-11-13,Delhivery,Delivered
ORD003821,2025-06-18,2025-06-18,BlueDart,Delivered
ORD003822,2026-08-31,2026-08-31,Xpressbees,Delivered
ORD003823,2025-04-27,2025-04-27,Xpressbees,Delivered
ORD003824,2026-08-27,2026-08-27,Delhivery,Delivered
ORD003825,2025-05-01,2025-05-03,Shadowfax,Delivered
ORD003826,2025-09-14,,Xpressbees,In Transit/Lost
ORD003827,2025-12-05,2025-12-06,Xpressbees,Delivered
ORD003828,2025-08-29,,Ekart,In Transit/Lost
ORD003829,2025-07-30,2025-07-30,Xpressbees,Delivered
ORD003830,2026-08-16,,Xpressbees,In Transit/Lost
ORD003831,2026-06-02,2026-06-02,Shadowfax,Delivered
ORD003833,2025-03-30,2025-03-30,Delhivery,Delivered
ORD003834,2025-09-08,2025-09-08,BlueDart,Delivered
ORD003836,2026-03-01,,Shadowfax,In Transit/Lost
ORD003837,2026-03-28,2026-03-28,Delhivery,Delivered
ORD003838,2025-11-10,2025-11-10,Xpressbees,Delivered
ORD003839,2025-05-29,2025-05-29,Shadowfax,Delivered
ORD003840,2025-06-02,2025-06-02,Ekart,Delivered
ORD003841,2025-08-23,2025-08-23,BlueDart,Delivered
ORD003842,2026-04-19,2026-04-19,Ekart,Delivered
ORD003843,2026-06-04,2026-06-05,Shadowfax,Delivered
ORD003844,2026-07-02,,BlueDart,In Transit/Lost
ORD003845,2025-10-10,2025-10-10,Xpressbees,Delivered
ORD003846,2026-09-01,2026-09-02,Shadowfax,Delivered
ORD003847,2025-04-27,2025-04-27,Xpressbees,Delivered
ORD003848,2025-11-19,2025-11-22,Delhivery,Delivered
ORD003849,2025-11-06,2025-11-06,Delhivery,Delivered
ORD003850,2025-07-16,2025-07-18,Ekart,Delivered
ORD003851,2025-09-17,2025-09-18,Xpressbees,Delivered
ORD003852,2025-07-29,2025-08-01,Shadowfax,Delivered
ORD003853,2026-07-08,2026-07-08,Delhivery,Delivered
ORD003854,2025-09-07,2025-09-09,BlueDart,Delivered
ORD003855,2026-08-01,2026-08-02,Shadowfax,Delivered
ORD003856,2026-09-02,2026-09-02,Ekart,Delivered
ORD003857,2026-05-21,2026-05-28,Xpressbees,Delivered
ORD003858,2026-01-17,2026-01-18,Xpressbees,Delivered
ORD003859,2026-01-31,2026-01-31,Shadowfax,Delivered
ORD003860,2025-09-20,2025-09-20,Delhivery,Delivered
ORD003862,2025-05-30,2025-06-02,Delhivery,Delivered
ORD003863,2025-09-14,2025-09-17,Xpressbees,Delivered
ORD003865,2026-08-29,,Delhivery,In Transit/Lost
ORD003866,2025-07-27,2025-07-27,Ekart,Delivered
ORD003867,2026-02-08,2026-02-10,Shadowfax,Delivered
ORD003869,2026-06-09,2026-06-11,Delhivery,Delivered
ORD003870,2025-12-11,2025-12-11,Delhivery,Delivered
ORD003873,2025-12-26,2025-12-26,Ekart,Delivered
ORD003874,2025-05-16,,Delhivery,In Transit/Lost
ORD003875,2026-05-05,2026-05-05,Xpressbees,Delivered
ORD003876,2026-02-24,2026-02-27,Ekart,Delivered
ORD003877,2025-05-07,2025-05-07,BlueDart,Delivered
ORD003878,2025-12-14,,Ekart,In Transit/Lost
ORD003879,2026-02-13,2026-02-14,Ekart,Delivered
ORD003880,2026-07-17,2026-07-17,BlueDart,Delivered
ORD003881,2026-08-22,2026-08-23,BlueDart,Delivered
ORD003882,2025-08-16,2025-08-18,Ekart,Delivered
ORD003883,2025-11-20,,Ekart,In Transit/Lost
ORD003884,2026-05-17,,Ekart,In Transit/Lost
ORD003885,2026-05-24,2026-05-24,Xpressbees,Delivered
ORD003886,2025-08-21,2025-08-21,Delhivery,Delivered
ORD003887,2025-06-11,2025-06-12,Xpressbees,Delivered
ORD003888,2026-06-26,2026-06-26,BlueDart,Delivered
ORD003889,2025-04-25,2025-04-25,BlueDart,Delivered
ORD003890,2025-08-05,2025-08-12,Xpressbees,Delivered
ORD003891,2026-03-01,2026-03-03,Ekart,Delivered
ORD003892,2025-09-16,2025-09-16,Delhivery,Delivered
ORD003893,2026-06-13,2026-06-13,Delhivery,Delivered
ORD003894,2025-12-10,,BlueDart,In Transit/Lost
ORD003895,2025-06-10,2025-06-11,Xpressbees,Delivered
ORD003896,2025-08-19,,BlueDart,In Transit/Lost
ORD003897,2025-09-14,2025-09-14,Shadowfax,Delivered
ORD003898,2026-09-06,2026-09-09,Ekart,Delivered
ORD003899,2026-02-13,2026-02-20,Xpressbees,Delivered
ORD003900,2026-01-06,2026-01-08,Shadowfax,Delivered
ORD003901,2026-06-12,2026-06-13,Shadowfax,Delivered
ORD003902,2026-03-06,,BlueDart,In Transit/Lost
ORD003903,2026-08-23,2026-08-24,Xpressbees,Delivered
ORD003904,2026-02-09,,BlueDart,In Transit/Lost
ORD003905,2025-05-29,2025-05-29,Delhivery,Delivered
ORD003906,2026-04-23,,Shadowfax,In Transit/Lost
ORD003907,2026-04-25,,Delhivery,In Transit/Lost
ORD003909,2026-05-29,2026-05-29,BlueDart,Delivered
ORD003910,2025-08-22,2025-08-25,BlueDart,Delivered
ORD003911,2026-05-23,,Shadowfax,In Transit/Lost
ORD003912,2025-11-07,2025-11-07,Xpressbees,Delivered
ORD003913,2026-06-08,2026-06-08,Shadowfax,Delivered
ORD003914,2025-03-31,2025-03-31,Delhivery,Delivered
ORD003915,2025-08-10,2025-08-10,BlueDart,Delivered
ORD003916,2025-06-09,,Ekart,In Transit/Lost
ORD003917,2025-04-05,2025-04-05,BlueDart,Delivered
ORD003919,2026-05-08,2026-05-11,Xpressbees,Delivered
ORD003920,2025-05-05,2025-05-07,Xpressbees,Delivered
ORD003921,2025-11-30,,Delhivery,In Transit/Lost
ORD003922,2026-07-29,,Delhivery,In Transit/Lost
ORD003923,2025-06-12,2025-06-12,Xpressbees,Delivered
ORD003924,2026-02-23,2026-02-25,BlueDart,Delivered
ORD003925,2026-01-17,2026-01-17,Ekart,Delivered
ORD003926,2026-02-08,2026-02-08,Delhivery,Delivered
ORD003927,2026-05-09,2026-05-09,Xpressbees,Delivered
ORD003928,2025-05-20,2025-05-20,Ekart,Delivered
ORD003929,2025-08-20,2025-08-23,BlueDart,Delivered
ORD003930,2025-08-20,,Ekart,In Transit/Lost
ORD003931,2026-04-09,2026-04-12,Shadowfax,Delivered
ORD003932,2025-11-23,2025-11-23,BlueDart,Delivered
ORD003933,2025-06-20,2025-06-20,BlueDart,Delivered
ORD003934,2025-06-03,2025-06-10,Xpressbees,Delivered
ORD003935,2026-08-23,2026-08-24,Xpressbees,Delivered
ORD003936,2025-05-30,2025-05-31,Ekart,Delivered
ORD003937,2026-07-05,2026-07-05,Ekart,Delivered
ORD003938,2026-01-18,2026-01-19,Delhivery,Delivered
ORD003939,2025-10-11,2025-10-12,Ekart,Delivered
ORD003940,2025-09-10,2025-09-10,BlueDart,Delivered
ORD003941,2026-04-18,2026-04-18,Shadowfax,Delivered
ORD003942,2026-01-15,2026-01-15,Shadowfax,Delivered
ORD003943,2026-02-27,2026-02-27,Shadowfax,Delivered
ORD003944,2026-03-10,,Ekart,In Transit/Lost
ORD003945,2025-10-25,2025-10-25,Delhivery,Delivered
ORD003946,2025-09-17,2025-09-18,Xpressbees,Delivered
ORD003947,2026-06-20,2026-06-20,Delhivery,Delivered
ORD003948,2025-04-10,,BlueDart,In Transit/Lost
ORD003949,2025-08-22,2025-08-22,Xpressbees,Delivered
ORD003951,2026-01-27,2026-02-03,Ekart,Delivered
ORD003952,2026-07-15,2026-07-15,Shadowfax,Delivered
ORD003953,2025-04-23,2025-04-23,Shadowfax,Delivered
ORD003954,2026-04-15,2026-04-15,Shadowfax,Delivered
ORD003955,2025-06-03,,Shadowfax,In Transit/Lost
ORD003956,2025-04-26,2025-04-26,Xpressbees,Delivered
ORD003957,2025-04-28,2025-04-29,BlueDart,Delivered
ORD003958,2025-06-13,2025-06-20,BlueDart,Delivered
ORD003961,2025-07-29,2025-07-29,Shadowfax,Delivered
ORD003962,2026-05-06,2026-05-08,Ekart,Delivered
ORD003963,2026-09-01,2026-09-01,Delhivery,Delivered
ORD003965,2025-11-01,2025-11-01,BlueDart,Delivered
ORD003966,2026-05-02,2026-05-02,Delhivery,Delivered
ORD003967,2025-12-14,2025-12-14,BlueDart,Delivered
ORD003968,2026-01-13,2026-01-16,Shadowfax,Delivered
ORD003970,2026-03-05,2026-03-05,Ekart,Delivered
ORD003971,2025-10-23,2025-10-23,BlueDart,Delivered
ORD003972,2025-06-15,2025-06-18,Shadowfax,Delivered
ORD003973,2026-06-10,2026-06-13,Delhivery,Delivered
ORD003974,2026-06-05,2026-06-05,Delhivery,Delivered
ORD003976,2025-05-27,2025-05-27,Xpressbees,Delivered
ORD003977,2026-07-30,2026-07-30,Shadowfax,Delivered
ORD003978,2025-08-12,2025-08-15,Delhivery,Delivered
ORD003979,2025-08-01,2025-08-01,BlueDart,Delivered
ORD003980,2026-03-07,2026-03-08,Xpressbees,Delivered
ORD003981,2026-01-18,2026-01-18,Shadowfax,Delivered
ORD003982,2025-04-23,2025-04-30,Ekart,Delivered
ORD003983,2026-06-21,2026-06-21,Ekart,Delivered
ORD003985,2025-04-14,2025-04-14,Shadowfax,Delivered
ORD003986,2025-07-22,2025-07-22,Ekart,Delivered
ORD003987,2025-07-26,2025-07-28,Shadowfax,Delivered
ORD003988,2025-06-16,2025-06-16,BlueDart,Delivered
ORD003989,2026-07-08,2026-07-10,Shadowfax,Delivered
ORD003990,2025-12-21,2025-12-21,Xpressbees,Delivered
ORD003991,2025-09-13,,BlueDart,In Transit/Lost
ORD003992,2026-05-07,,Shadowfax,In Transit/Lost
ORD003993,2026-03-21,2026-03-23,Shadowfax,Delivered
ORD003994,2025-04-04,,Xpressbees,In Transit/Lost
ORD003995,2026-05-10,,Shadowfax,In Transit/Lost
ORD003996,2025-12-13,2025-12-15,Delhivery,Delivered
ORD003997,2026-03-20,2026-03-20,BlueDart,Delivered
ORD003998,2026-04-05,2026-04-06,Xpressbees,Delivered
ORD004000,2025-04-14,2025-04-14,Ekart,Delivered
ORD004001,2026-02-04,2026-02-04,Shadowfax,Delivered
ORD004002,2025-07-16,2025-07-16,Delhivery,Delivered
ORD004003,2026-02-02,2026-02-03,Delhivery,Delivered
ORD004004,2025-03-29,2025-03-29,BlueDart,Delivered
ORD004005,2026-04-05,,Shadowfax,In Transit/Lost
ORD004006,2026-02-02,2026-02-03,Delhivery,Delivered
ORD004007,2025-10-08,2025-10-10,Shadowfax,Delivered
ORD004008,2026-07-23,2026-07-23,Xpressbees,Delivered
ORD004009,2025-06-22,2025-06-22,Ekart,Delivered
ORD004010,2025-07-16,2025-07-16,Ekart,Delivered
ORD004011,2026-01-06,2026-01-13,Delhivery,Delivered
ORD004012,2026-07-30,2026-08-02,Delhivery,Delivered
ORD004013,2026-05-01,2026-05-01,Ekart,Delivered
ORD004014,2025-08-23,2025-08-23,Ekart,Delivered
ORD004015,2026-01-19,2026-01-19,Shadowfax,Delivered
ORD004016,2025-12-23,2025-12-24,Ekart,Delivered
ORD004018,2025-07-11,2025-07-11,Delhivery,Delivered
ORD004021,2025-09-17,2025-09-17,Shadowfax,Delivered
ORD004022,2025-08-10,,Ekart,In Transit/Lost
ORD004023,2025-05-28,2025-05-29,Shadowfax,Delivered
ORD004024,2025-08-25,,Shadowfax,In Transit/Lost
ORD004025,2025-04-09,2025-04-09,Delhivery,Delivered
ORD004026,2026-02-11,2026-02-18,Ekart,Delivered
ORD004027,2026-03-12,2026-03-13,Shadowfax,Delivered
ORD004028,2025-12-25,,BlueDart,In Transit/Lost
ORD004030,2025-06-30,2025-06-30,BlueDart,Delivered
ORD004031,2025-04-17,2025-04-19,BlueDart,Delivered
ORD004033,2026-04-28,2026-04-28,Shadowfax,Delivered
ORD004034,2026-07-08,2026-07-09,Delhivery,Delivered
ORD004035,2025-07-09,2025-07-09,Delhivery,Delivered
ORD004036,2026-01-24,2026-01-24,Delhivery,Delivered
ORD004037,2026-04-30,,Shadowfax,In Transit/Lost
ORD004039,2026-03-23,2026-03-26,Xpressbees,Delivered
ORD004040,2026-07-16,2026-07-16,Shadowfax,Delivered
ORD004041,2026-06-09,2026-06-09,Shadowfax,Delivered
ORD004042,2025-10-04,2025-10-05,Ekart,Delivered
ORD004044,2026-02-27,2026-02-27,Ekart,Delivered
ORD004045,2026-01-24,2026-01-24,Shadowfax,Delivered
ORD004047,2025-08-06,2025-08-08,Xpressbees,Delivered
ORD004048,2025-12-23,2025-12-23,Shadowfax,Delivered
ORD004049,2025-09-09,2025-09-16,BlueDart,Delivered
ORD004050,2025-07-18,2025-07-18,Delhivery,Delivered
ORD004051,2025-06-29,2025-06-29,Shadowfax,Delivered
ORD004052,2025-09-19,2025-09-19,BlueDart,Delivered
ORD004053,2025-12-18,,Shadowfax,In Transit/Lost
ORD004054,2026-04-15,2026-04-15,Shadowfax,Delivered
ORD004055,2026-04-15,2026-04-15,Xpressbees,Delivered
ORD004056,2025-11-25,,Shadowfax,In Transit/Lost
ORD004057,2025-10-20,2025-10-20,Ekart,Delivered
ORD004058,2026-05-06,2026-05-06,Xpressbees,Delivered
ORD004059,2026-08-02,,BlueDart,In Transit/Lost
ORD004060,2025-12-09,,Ekart,In Transit/Lost
ORD004061,2026-02-11,2026-02-11,Ekart,Delivered
ORD004062,2026-05-28,2026-05-28,Xpressbees,Delivered
ORD004064,2026-08-13,2026-08-13,Ekart,Delivered
ORD004065,2025-05-03,2025-05-10,Ekart,Delivered
ORD004066,2025-05-19,2025-05-20,Delhivery,Delivered
ORD004067,2025-03-25,2025-03-25,Ekart,Delivered
ORD004068,2025-04-11,2025-04-11,Ekart,Delivered
ORD004069,2025-04-20,2025-04-23,BlueDart,Delivered
ORD004070,2025-04-01,,BlueDart,In Transit/Lost
ORD004071,2025-08-18,2025-08-18,Xpressbees,Delivered
ORD004072,2025-03-26,2025-03-26,Ekart,Delivered
ORD004073,2025-11-20,,BlueDart,In Transit/Lost
ORD004074,2026-04-20,2026-04-23,Xpressbees,Delivered
ORD004075,2026-08-27,,Ekart,In Transit/Lost
ORD004076,2025-05-14,2025-05-14,Ekart,Delivered
ORD004077,2025-10-07,2025-10-09,BlueDart,Delivered
ORD004078,2026-03-09,2026-03-09,Shadowfax,Delivered
ORD004079,2026-09-01,2026-09-03,Delhivery,Delivered
ORD004081,2025-10-11,2025-10-18,Xpressbees,Delivered
ORD004085,2025-04-13,,Shadowfax,In Transit/Lost
ORD004086,2025-05-27,,Delhivery,In Transit/Lost
ORD004087,2025-06-07,2025-06-07,Xpressbees,Delivered
ORD004088,2025-11-25,2025-11-28,Shadowfax,Delivered
ORD004089,2026-08-08,2026-08-11,Xpressbees,Delivered
ORD004090,2026-09-04,2026-09-04,Ekart,Delivered
ORD004091,2026-07-30,,Delhivery,In Transit/Lost
ORD004093,2026-03-01,,Shadowfax,In Transit/Lost
ORD004094,2026-08-20,2026-08-20,BlueDart,Delivered
ORD004095,2026-05-25,2026-05-25,BlueDart,Delivered
ORD004096,2026-07-11,,Xpressbees,In Transit/Lost
ORD004097,2026-08-11,2026-08-13,Xpressbees,Delivered
ORD004098,2025-06-25,2025-06-25,Ekart,Delivered
ORD004099,2025-05-23,2025-05-23,Ekart,Delivered
ORD004100,2026-04-21,2026-04-21,Ekart,Delivered
ORD004101,2025-11-26,2025-11-26,Shadowfax,Delivered
ORD004102,2026-07-17,2026-07-17,Shadowfax,Delivered
ORD004103,2026-04-04,,BlueDart,In Transit/Lost
ORD004104,2025-08-18,2025-08-18,Delhivery,Delivered
ORD004105,2025-04-06,2025-04-06,Shadowfax,Delivered
ORD004106,2026-01-24,,Xpressbees,In Transit/Lost
ORD004107,2025-04-26,2025-04-26,Shadowfax,Delivered
ORD004108,2026-04-01,2026-04-03,BlueDart,Delivered
ORD004109,2025-07-18,2025-07-18,Shadowfax,Delivered
ORD004110,2025-10-23,2025-10-23,BlueDart,Delivered
ORD004112,2025-04-12,2025-04-15,Ekart,Delivered
ORD004113,2025-11-13,,Delhivery,In Transit/Lost
ORD004114,2025-11-30,2025-12-07,Delhivery,Delivered
ORD004115,2025-06-26,2025-06-26,BlueDart,Delivered
ORD004116,2025-04-01,2025-04-01,Xpressbees,Delivered
ORD004117,2026-07-20,2026-07-21,Ekart,Delivered
ORD004119,2026-08-25,,Xpressbees,In Transit/Lost
ORD004120,2026-07-12,2026-07-12,Xpressbees,Delivered
ORD004121,2026-04-10,2026-04-10,BlueDart,Delivered
ORD004123,2025-07-10,,Xpressbees,In Transit/Lost
ORD004125,2026-03-22,,Xpressbees,In Transit/Lost
ORD004127,2025-07-04,,Shadowfax,In Transit/Lost
ORD004128,2026-03-31,2026-03-31,BlueDart,Delivered
ORD004129,2026-06-04,2026-06-04,BlueDart,Delivered
ORD004130,2026-09-14,,Ekart,In Transit/Lost
ORD004131,2025-04-16,2025-04-23,BlueDart,Delivered
ORD004132,2026-01-23,2026-01-26,Shadowfax,Delivered
ORD004133,2026-07-01,2026-07-02,Delhivery,Delivered
ORD004134,2026-01-18,2026-01-18,Shadowfax,Delivered
ORD004135,2026-04-07,2026-04-07,Shadowfax,Delivered
ORD004136,2026-05-25,2026-05-27,Xpressbees,Delivered
ORD004137,2026-04-16,2026-04-17,Delhivery,Delivered
ORD004138,2026-04-27,2026-04-27,BlueDart,Delivered
ORD004139,2025-08-24,2025-08-24,Delhivery,Delivered
ORD004140,2025-05-09,2025-05-16,Xpressbees,Delivered
ORD004141,2025-10-07,2025-10-07,Delhivery,Delivered
ORD004142,2026-06-11,2026-06-12,Xpressbees,Delivered
ORD004143,2026-01-14,2026-01-16,BlueDart,Delivered
ORD004144,2025-10-12,2025-10-12,BlueDart,Delivered
ORD004146,2026-04-20,2026-04-20,Shadowfax,Delivered
ORD004148,2025-09-13,,Shadowfax,In Transit/Lost
ORD004150,2025-10-28,2025-10-28,BlueDart,Delivered
ORD004151,2026-02-01,2026-02-01,Delhivery,Delivered
ORD004152,2025-10-12,2025-10-14,Xpressbees,Delivered
ORD004153,2026-09-07,2026-09-07,Ekart,Delivered
ORD004154,2026-05-13,2026-05-13,Shadowfax,Delivered
ORD004155,2025-06-11,2025-06-12,Xpressbees,Delivered
ORD004156,2026-03-22,2026-03-24,Ekart,Delivered
ORD004157,2026-07-18,2026-07-19,Ekart,Delivered
ORD004158,2026-03-22,2026-03-29,Shadowfax,Delivered
ORD004159,2025-10-31,2025-11-01,Delhivery,Delivered
ORD004160,2026-08-25,2026-08-25,Ekart,Delivered
ORD004161,2025-05-10,2025-05-11,Ekart,Delivered
ORD004162,2025-08-09,2025-08-11,Ekart,Delivered
ORD004163,2025-06-07,2025-06-07,Xpressbees,Delivered
ORD004164,2026-08-06,2026-08-06,Ekart,Delivered
ORD004165,2026-03-07,2026-03-07,BlueDart,Delivered
ORD004166,2025-11-21,2025-11-21,Delhivery,Delivered
ORD004167,2026-01-11,2026-01-11,Shadowfax,Delivered
ORD004168,2026-03-25,,BlueDart,In Transit/Lost
ORD004170,2025-09-27,2025-09-27,Xpressbees,Delivered
ORD004171,2026-07-31,2026-08-07,Shadowfax,Delivered
ORD004172,2026-09-06,2026-09-06,BlueDart,Delivered
ORD004173,2025-06-11,2025-06-13,BlueDart,Delivered
ORD004174,2025-09-26,,Xpressbees,In Transit/Lost
ORD004175,2026-03-02,,BlueDart,In Transit/Lost
ORD004176,2026-04-29,,Xpressbees,In Transit/Lost
ORD004177,2026-06-25,2026-06-25,BlueDart,Delivered
ORD004178,2026-01-28,2026-01-28,Delhivery,Delivered
ORD004179,2026-09-04,,BlueDart,In Transit/Lost
ORD004180,2026-05-24,2026-05-26,Shadowfax,Delivered
ORD004183,2026-06-11,2026-06-11,Shadowfax,Delivered
ORD004184,2026-07-11,2026-07-11,Ekart,Delivered
ORD004185,2026-09-08,2026-09-08,Ekart,Delivered
ORD004186,2026-01-12,2026-01-12,Xpressbees,Delivered
ORD004188,2026-01-27,2026-01-27,Ekart,Delivered
ORD004189,2025-08-10,,Ekart,In Transit/Lost
ORD004190,2026-01-17,2026-01-19,BlueDart,Delivered
ORD004191,2026-08-13,,Xpressbees,In Transit/Lost
ORD004193,2026-03-28,,BlueDart,In Transit/Lost
ORD004194,2026-05-24,2026-05-24,Delhivery,Delivered
ORD004195,2025-12-14,2025-12-14,Ekart,Delivered
ORD004197,2026-06-17,,Shadowfax,In Transit/Lost
ORD004198,2025-10-13,2025-10-13,Delhivery,Delivered
ORD004199,2026-08-12,2026-08-12,BlueDart,Delivered
ORD004200,2026-01-01,2026-01-01,Delhivery,Delivered
ORD004201,2026-06-08,2026-06-08,Delhivery,Delivered
ORD004202,2025-07-21,2025-07-22,BlueDart,Delivered
ORD004203,2025-09-28,,BlueDart,In Transit/Lost
ORD004204,2025-10-29,2025-10-30,BlueDart,Delivered
ORD004205,2026-05-02,2026-05-09,BlueDart,Delivered
ORD004206,2025-05-20,2025-05-22,Ekart,Delivered
ORD004207,2026-03-03,2026-03-05,Shadowfax,Delivered
ORD004209,2026-06-19,2026-06-19,Xpressbees,Delivered
ORD004211,2025-07-03,2025-07-04,BlueDart,Delivered
ORD004212,2025-03-26,2025-03-28,Delhivery,Delivered
ORD004213,2026-05-25,2026-05-26,Xpressbees,Delivered
ORD004214,2025-12-23,2025-12-23,Ekart,Delivered
ORD004215,2025-05-23,2025-05-23,Shadowfax,Delivered
ORD004216,2025-06-10,2025-06-11,BlueDart,Delivered
ORD004217,2025-04-30,2025-04-30,BlueDart,Delivered
ORD004218,2026-08-18,2026-08-18,Ekart,Delivered
ORD004219,2025-08-01,2025-08-01,Xpressbees,Delivered
ORD004221,2026-06-12,2026-06-12,Ekart,Delivered
ORD004222,2026-01-12,2026-01-12,Delhivery,Delivered
ORD004223,2025-05-16,2025-05-16,Delhivery,Delivered
ORD004224,2026-06-07,2026-06-10,Xpressbees,Delivered
ORD004226,2025-04-09,,Ekart,In Transit/Lost
ORD004227,2025-05-29,2025-06-05,Xpressbees,Delivered
ORD004228,2025-07-03,2025-07-06,Delhivery,Delivered
ORD004229,2026-05-17,,Ekart,In Transit/Lost
ORD004230,2025-05-02,,BlueDart,In Transit/Lost
ORD004231,2025-08-09,2025-08-09,Shadowfax,Delivered
ORD004232,2026-08-20,2026-08-22,Shadowfax,Delivered
ORD004233,2025-11-06,2025-11-08,Shadowfax,Delivered
ORD004235,2025-10-29,2025-11-01,Shadowfax,Delivered
ORD004236,2026-04-03,2026-04-03,Ekart,Delivered
ORD004237,2025-09-02,2025-09-02,Ekart,Delivered
ORD004238,2025-10-19,2025-10-19,BlueDart,Delivered
ORD004239,2025-07-16,2025-07-16,Delhivery,Delivered
ORD004240,2025-11-12,,BlueDart,In Transit/Lost
ORD004241,2026-02-07,2026-02-07,Xpressbees,Delivered
ORD004242,2025-12-08,,Delhivery,In Transit/Lost
ORD004244,2025-04-16,2025-04-16,Ekart,Delivered
ORD004245,2025-12-13,2025-12-16,Shadowfax,Delivered
ORD004246,2025-04-10,2025-04-11,Shadowfax,Delivered
ORD004247,2025-09-11,2025-09-11,Ekart,Delivered
ORD004248,2025-04-08,2025-04-15,Delhivery,Delivered
ORD004249,2026-04-07,2026-04-10,Ekart,Delivered
ORD004250,2026-07-04,2026-07-04,Ekart,Delivered
ORD004251,2025-10-16,2025-10-18,Delhivery,Delivered
ORD004252,2026-01-10,2026-01-10,Shadowfax,Delivered
ORD004253,2025-05-17,2025-05-17,Ekart,Delivered
ORD004255,2026-02-20,,Shadowfax,In Transit/Lost
ORD004256,2025-09-29,2025-09-29,BlueDart,Delivered
ORD004257,2026-09-01,2026-09-02,Delhivery,Delivered
ORD004258,2025-12-15,2025-12-16,Delhivery,Delivered
ORD004259,2025-04-08,2025-04-09,BlueDart,Delivered
ORD004260,2025-04-13,2025-04-13,Shadowfax,Delivered
ORD004261,2025-12-13,2025-12-13,Delhivery,Delivered
ORD004262,2026-07-27,2026-07-27,Shadowfax,Delivered
ORD004263,2025-12-05,,Ekart,In Transit/Lost
ORD004264,2026-01-11,,Xpressbees,In Transit/Lost
ORD004265,2025-05-09,2025-05-12,Delhivery,Delivered
ORD004266,2026-04-21,2026-04-21,Ekart,Delivered
ORD004267,2026-04-16,2026-04-18,Xpressbees,Delivered
ORD004268,2026-08-05,2026-08-08,Xpressbees,Delivered
ORD004269,2025-11-23,2025-11-23,Delhivery,Delivered
ORD004270,2026-05-01,2026-05-01,Shadowfax,Delivered
ORD004272,2026-09-07,2026-09-08,BlueDart,Delivered
ORD004273,2025-04-12,2025-04-12,Xpressbees,Delivered
ORD004275,2026-05-19,2026-05-19,Ekart,Delivered
ORD004276,2026-06-30,2026-07-01,BlueDart,Delivered
ORD004277,2025-07-18,2025-07-18,Delhivery,Delivered
ORD004278,2025-10-30,,Shadowfax,In Transit/Lost
ORD004280,2025-06-01,2025-06-02,Shadowfax,Delivered
ORD004281,2026-07-01,2026-07-01,Delhivery,Delivered
ORD004282,2026-05-19,2026-05-19,Xpressbees,Delivered
ORD004283,2026-08-12,2026-08-12,Delhivery,Delivered
ORD004285,2025-12-21,2025-12-22,Delhivery,Delivered
ORD004286,2025-11-30,2025-12-03,Shadowfax,Delivered
ORD004287,2026-04-03,2026-04-03,Ekart,Delivered
ORD004288,2025-10-20,2025-10-22,Ekart,Delivered
ORD004289,2026-08-07,2026-08-09,Delhivery,Delivered
ORD004291,2025-04-21,2025-04-21,Shadowfax,Delivered
ORD004292,2026-02-04,2026-02-04,Xpressbees,Delivered
ORD004293,2026-04-06,2026-04-06,Ekart,Delivered
ORD004294,2025-12-16,2025-12-16,Shadowfax,Delivered
ORD004296,2025-08-28,2025-08-29,Ekart,Delivered
ORD004297,2025-06-21,2025-06-21,BlueDart,Delivered
ORD004299,2025-09-17,2025-09-17,Shadowfax,Delivered
ORD004300,2025-05-24,2025-05-24,BlueDart,Delivered
ORD004301,2025-06-14,2025-06-16,Xpressbees,Delivered
ORD004302,2026-06-18,2026-06-18,BlueDart,Delivered
ORD004303,2025-07-09,2025-07-12,Ekart,Delivered
ORD004304,2025-12-12,2025-12-12,Ekart,Delivered
ORD004305,2025-03-26,2025-03-26,Delhivery,Delivered
ORD004306,2026-05-16,2026-05-23,Ekart,Delivered
ORD004308,2026-07-27,2026-07-29,Delhivery,Delivered
ORD004309,2026-05-15,2026-05-16,BlueDart,Delivered
ORD004310,2025-04-18,2025-04-18,BlueDart,Delivered
ORD004312,2025-09-25,,Ekart,In Transit/Lost
ORD004314,2026-06-24,,Ekart,In Transit/Lost
ORD004316,2025-11-21,2025-11-22,Xpressbees,Delivered
ORD004317,2026-04-07,2026-04-07,Xpressbees,Delivered
ORD004318,2026-07-29,2026-07-29,Xpressbees,Delivered
ORD004319,2025-05-16,2025-05-19,BlueDart,Delivered
ORD004320,2025-06-07,2025-06-08,Delhivery,Delivered
ORD004321,2026-04-26,2026-04-27,Xpressbees,Delivered
ORD004322,2026-08-16,2026-08-16,Shadowfax,Delivered
ORD004324,2025-11-15,2025-11-16,Ekart,Delivered
ORD004325,2025-10-08,2025-10-08,BlueDart,Delivered
ORD004326,2026-04-05,2026-04-05,Delhivery,Delivered
ORD004327,2025-04-06,2025-04-07,Ekart,Delivered
ORD004328,2026-01-01,,BlueDart,In Transit/Lost
ORD004329,2026-04-02,2026-04-02,Ekart,Delivered
ORD004330,2026-03-02,2026-03-02,Xpressbees,Delivered
ORD004331,2025-05-19,2025-05-19,Delhivery,Delivered
ORD004332,2025-12-05,2025-12-07,Shadowfax,Delivered
ORD004333,2025-08-22,2025-08-22,BlueDart,Delivered
ORD004334,2026-01-18,2026-01-19,BlueDart,Delivered
ORD004335,2025-11-08,,Xpressbees,In Transit/Lost
ORD004336,2025-04-27,2025-04-28,Delhivery,Delivered
ORD004337,2025-08-11,2025-08-11,Shadowfax,Delivered
ORD004338,2026-08-20,,Delhivery,In Transit/Lost
ORD004339,2025-10-03,2025-10-04,Ekart,Delivered
ORD004341,2026-08-02,2026-08-02,Ekart,Delivered
ORD004342,2026-07-27,2026-07-27,Xpressbees,Delivered
ORD004343,2026-07-08,,Shadowfax,In Transit/Lost
ORD004344,2025-05-30,2025-06-01,BlueDart,Delivered
ORD004345,2025-06-19,2025-06-20,Xpressbees,Delivered
ORD004346,2026-01-26,2026-01-26,Shadowfax,Delivered
ORD004347,2026-03-18,2026-03-19,Xpressbees,Delivered
ORD004348,2025-11-20,2025-11-23,Delhivery,Delivered
ORD004350,2025-10-10,2025-10-10,Shadowfax,Delivered
ORD004351,2025-08-13,,Xpressbees,In Transit/Lost
ORD004352,2025-04-29,2025-05-06,Xpressbees,Delivered
ORD004353,2026-05-26,,Ekart,In Transit/Lost
ORD004354,2025-07-04,,Ekart,In Transit/Lost
ORD004355,2025-11-04,2025-11-07,Ekart,Delivered
ORD004356,2026-01-20,2026-01-20,Shadowfax,Delivered
ORD004357,2025-07-26,2025-07-26,Shadowfax,Delivered
ORD004358,2025-06-12,2025-06-14,Xpressbees,Delivered
ORD004359,2025-06-04,2025-06-05,Delhivery,Delivered
ORD004360,2026-04-06,2026-04-06,Shadowfax,Delivered
ORD004361,2025-03-29,2025-03-29,Delhivery,Delivered
ORD004362,2025-04-27,2025-04-28,Ekart,Delivered
ORD004363,2026-05-22,2026-05-25,Ekart,Delivered
ORD004364,2025-05-23,2025-05-23,Xpressbees,Delivered
ORD004365,2026-03-19,,BlueDart,In Transit/Lost
ORD004367,2025-03-30,2025-03-30,Delhivery,Delivered
ORD004368,2026-07-11,2026-07-11,Ekart,Delivered
ORD004369,2025-06-07,2025-06-08,Ekart,Delivered
ORD004370,2026-08-05,2026-08-05,Xpressbees,Delivered
ORD004371,2026-07-03,,Ekart,In Transit/Lost
ORD004373,2025-07-02,2025-07-04,Delhivery,Delivered
ORD004374,2025-12-07,2025-12-07,Shadowfax,Delivered
ORD004375,2025-12-06,2025-12-06,Ekart,Delivered
ORD004376,2025-05-16,2025-05-16,Delhivery,Delivered
ORD004377,2025-10-18,2025-10-19,Delhivery,Delivered
ORD004378,2026-03-03,2026-03-05,Ekart,Delivered
ORD004379,2026-01-11,2026-01-13,BlueDart,Delivered
ORD004380,2026-06-01,2026-06-01,Shadowfax,Delivered
ORD004382,2025-05-30,2025-05-30,BlueDart,Delivered
ORD004383,2025-12-23,2025-12-26,BlueDart,Delivered
ORD004385,2025-04-28,2025-04-28,Ekart,Delivered
ORD004386,2025-12-25,2025-12-27,Shadowfax,Delivered
ORD004387,2026-09-07,2026-09-09,Ekart,Delivered
ORD004388,2026-01-25,2026-01-25,Shadowfax,Delivered
ORD004389,2025-08-04,2025-08-07,Delhivery,Delivered
ORD004390,2026-05-04,2026-05-07,Shadowfax,Delivered
ORD004391,2026-06-22,2026-06-22,Delhivery,Delivered
ORD004392,2025-10-07,2025-10-07,Xpressbees,Delivered
ORD004393,2025-07-25,,Delhivery,In Transit/Lost
ORD004394,2025-08-12,,Shadowfax,In Transit/Lost
ORD004395,2025-04-24,2025-04-27,Shadowfax,Delivered
ORD004396,2025-11-14,2025-11-14,Xpressbees,Delivered
ORD004398,2026-05-21,2026-05-24,Ekart,Delivered
ORD004399,2025-04-08,2025-04-09,Ekart,Delivered
ORD004400,2026-03-20,2026-03-20,BlueDart,Delivered
ORD004401,2026-08-10,2026-08-12,Ekart,Delivered
ORD004402,2025-10-23,2025-10-23,Shadowfax,Delivered
ORD004403,2026-02-13,2026-02-13,Shadowfax,Delivered
ORD004404,2026-07-06,2026-07-06,BlueDart,Delivered
ORD004406,2025-05-31,2025-06-01,BlueDart,Delivered
ORD004407,2026-02-21,2026-02-22,BlueDart,Delivered
ORD004408,2026-05-23,2026-05-24,BlueDart,Delivered
ORD004409,2026-07-18,2026-07-20,BlueDart,Delivered
ORD004410,2026-03-07,2026-03-07,Ekart,Delivered
ORD004411,2026-05-05,2026-05-05,Xpressbees,Delivered
ORD004412,2025-06-16,2025-06-16,Xpressbees,Delivered
ORD004413,2026-02-11,2026-02-13,Xpressbees,Delivered
ORD004414,2025-08-28,2025-08-28,Shadowfax,Delivered
ORD004415,2026-05-16,2026-05-16,Ekart,Delivered
ORD004418,2025-04-30,2025-05-03,Xpressbees,Delivered
ORD004419,2025-05-09,2025-05-12,Shadowfax,Delivered
ORD004420,2026-07-20,2026-07-22,Shadowfax,Delivered
ORD004421,2025-06-12,2025-06-14,Xpressbees,Delivered
ORD004422,2026-03-04,2026-03-04,Xpressbees,Delivered
ORD004423,2025-10-09,2025-10-10,Xpressbees,Delivered
ORD004424,2025-10-24,2025-10-26,Delhivery,Delivered
ORD004425,2025-11-30,2025-11-30,Delhivery,Delivered
ORD004426,2026-06-01,2026-06-01,Delhivery,Delivered
ORD004427,2026-08-03,2026-08-06,BlueDart,Delivered
ORD004429,2026-01-06,2026-01-13,BlueDart,Delivered
ORD004430,2025-09-18,2025-09-18,Delhivery,Delivered
ORD004431,2025-09-08,2025-09-09,BlueDart,Delivered
ORD004432,2026-08-18,2026-08-18,Delhivery,Delivered
ORD004435,2026-07-07,2026-07-07,BlueDart,Delivered
ORD004436,2026-04-01,2026-04-08,Ekart,Delivered
ORD004437,2026-04-04,2026-04-04,Ekart,Delivered
ORD004438,2026-08-05,,Xpressbees,In Transit/Lost
ORD004439,2026-02-15,2026-02-17,Ekart,Delivered
ORD004440,2026-03-16,2026-03-18,Xpressbees,Delivered
ORD004441,2026-01-26,2026-01-26,Xpressbees,Delivered
ORD004442,2025-12-04,2025-12-04,Ekart,Delivered
ORD004443,2025-05-12,2025-05-15,Xpressbees,Delivered
ORD004445,2025-09-23,2025-09-23,Shadowfax,Delivered
ORD004446,2025-12-28,2025-12-28,Shadowfax,Delivered
ORD004447,2026-02-27,2026-02-27,BlueDart,Delivered
ORD004448,2025-08-05,2025-08-05,Xpressbees,Delivered
ORD004449,2025-08-14,2025-08-15,Delhivery,Delivered
ORD004450,2025-08-17,,Xpressbees,In Transit/Lost
ORD004452,2025-12-26,,Shadowfax,In Transit/Lost
ORD004453,2025-09-08,2025-09-08,Delhivery,Delivered
ORD004454,2026-07-26,2026-08-02,BlueDart,Delivered
ORD004455,2026-07-27,2026-07-29,Shadowfax,Delivered
ORD004457,2025-09-28,2025-09-28,Shadowfax,Delivered
ORD004458,2025-09-06,2025-09-06,BlueDart,Delivered
ORD004459,2026-06-12,2026-06-15,Delhivery,Delivered
ORD004460,2025-12-27,2025-12-30,BlueDart,Delivered
ORD004461,2025-10-31,2025-10-31,Delhivery,Delivered
ORD004462,2025-08-12,2025-08-12,Delhivery,Delivered
ORD004463,2025-11-07,,Xpressbees,In Transit/Lost
ORD004464,2026-03-16,2026-03-16,Xpressbees,Delivered
ORD004465,2026-05-12,,Xpressbees,In Transit/Lost
ORD004466,2026-07-17,2026-07-18,Shadowfax,Delivered
ORD004467,2025-06-07,2025-06-10,Delhivery,Delivered
ORD004468,2026-05-13,,Shadowfax,In Transit/Lost
ORD004469,2025-08-31,2025-08-31,Delhivery,Delivered
ORD004470,2026-04-01,2026-04-01,Delhivery,Delivered
ORD004471,2025-10-06,2025-10-08,BlueDart,Delivered
ORD004472,2026-01-10,,Shadowfax,In Transit/Lost
ORD004473,2025-09-15,2025-09-15,Ekart,Delivered
ORD004474,2026-05-27,2026-05-30,Ekart,Delivered
ORD004475,2026-02-03,2026-02-03,Ekart,Delivered
ORD004476,2025-06-25,2025-06-26,Delhivery,Delivered
ORD004477,2026-04-18,2026-04-21,BlueDart,Delivered
ORD004478,2026-07-12,,Shadowfax,In Transit/Lost
ORD004479,2026-03-05,,Ekart,In Transit/Lost
ORD004480,2025-07-15,2025-07-17,Ekart,Delivered
ORD004481,2026-05-23,2026-05-23,Shadowfax,Delivered
ORD004482,2026-06-15,2026-06-18,BlueDart,Delivered
ORD004483,2025-06-30,2025-07-07,Ekart,Delivered
ORD004484,2026-03-09,2026-03-10,Ekart,Delivered
ORD004485,2025-12-18,2025-12-19,Delhivery,Delivered
ORD004486,2025-08-05,2025-08-06,Ekart,Delivered
ORD004487,2025-12-11,2025-12-13,Xpressbees,Delivered
ORD004488,2025-08-17,2025-08-17,Xpressbees,Delivered
ORD004489,2026-01-24,,Ekart,In Transit/Lost
ORD004490,2026-01-07,2026-01-07,Xpressbees,Delivered
ORD004491,2025-06-13,2025-06-13,Shadowfax,Delivered
ORD004492,2026-02-15,2026-02-15,Delhivery,Delivered
ORD004493,2025-08-09,2025-08-09,BlueDart,Delivered
ORD004496,2026-09-05,2026-09-05,Delhivery,Delivered
ORD004497,2025-03-25,2025-03-25,Ekart,Delivered
ORD004498,2025-07-05,2025-07-05,BlueDart,Delivered
ORD004499,2026-08-09,2026-08-12,Xpressbees,Delivered
ORD004500,2026-08-08,2026-08-08,Shadowfax,Delivered
ORD004501,2025-11-25,2025-11-26,Ekart,Delivered
ORD004502,2026-09-10,2026-09-12,Ekart,Delivered
ORD004504,2025-08-22,2025-08-22,Shadowfax,Delivered
ORD004506,2025-07-09,,Delhivery,In Transit/Lost
ORD004508,2025-11-11,,Shadowfax,In Transit/Lost
ORD004509,2026-09-07,2026-09-07,Shadowfax,Delivered
ORD004510,2026-02-07,2026-02-07,Delhivery,Delivered
ORD004511,2025-12-08,,Ekart,In Transit/Lost
ORD004512,2025-10-18,2025-10-18,Xpressbees,Delivered
ORD004513,2025-05-28,2025-05-29,BlueDart,Delivered
ORD004514,2025-07-01,2025-07-08,Delhivery,Delivered
ORD004515,2025-10-06,2025-10-06,Delhivery,Delivered
ORD004518,2026-06-25,2026-06-25,Xpressbees,Delivered
ORD004519,2025-08-19,2025-08-21,Delhivery,Delivered
ORD004520,2026-01-16,2026-01-16,Ekart,Delivered
ORD004521,2025-08-15,2025-08-18,Xpressbees,Delivered
ORD004522,2026-05-20,2026-05-20,Delhivery,Delivered
ORD004523,2026-08-07,2026-08-07,Shadowfax,Delivered
ORD004524,2026-03-31,2026-03-31,Xpressbees,Delivered
ORD004526,2026-07-18,2026-07-20,Xpressbees,Delivered
ORD004527,2026-01-24,2026-01-24,Xpressbees,Delivered
ORD004528,2025-03-31,2025-03-31,Ekart,Delivered
ORD004529,2025-09-23,2025-09-24,BlueDart,Delivered
ORD004530,2026-02-25,2026-02-25,Xpressbees,Delivered
ORD004531,2025-08-21,2025-08-23,BlueDart,Delivered
ORD004532,2025-11-13,2025-11-15,Delhivery,Delivered
ORD004533,2025-07-27,2025-07-27,Xpressbees,Delivered
ORD004534,2026-02-19,,Ekart,In Transit/Lost
ORD004535,2026-01-28,2026-01-28,Shadowfax,Delivered
ORD004536,2025-08-14,2025-08-14,BlueDart,Delivered
ORD004538,2026-06-23,2026-06-30,Delhivery,Delivered
ORD004539,2025-06-12,2025-06-13,BlueDart,Delivered
ORD004540,2026-01-16,2026-01-16,Ekart,Delivered
ORD004541,2025-09-13,,Xpressbees,In Transit/Lost
ORD004542,2025-07-21,2025-07-22,BlueDart,Delivered
ORD004543,2026-06-02,2026-06-02,Shadowfax,Delivered
ORD004544,2026-06-12,2026-06-12,BlueDart,Delivered
ORD004545,2025-07-11,2025-07-12,BlueDart,Delivered
ORD004546,2026-02-19,2026-02-19,Ekart,Delivered
ORD004547,2026-08-21,,BlueDart,In Transit/Lost
ORD004548,2025-05-11,2025-05-18,Xpressbees,Delivered
ORD004549,2026-04-29,2026-04-29,Shadowfax,Delivered
ORD004550,2026-09-05,2026-09-08,Delhivery,Delivered
ORD004551,2025-08-15,2025-08-15,Delhivery,Delivered
ORD004552,2025-12-10,2025-12-10,BlueDart,Delivered
ORD004553,2025-05-16,2025-05-16,Xpressbees,Delivered
ORD004554,2026-06-22,2026-06-22,Xpressbees,Delivered
ORD004555,2025-07-22,2025-07-22,Shadowfax,Delivered
ORD004556,2025-11-26,,Xpressbees,In Transit/Lost
ORD004558,2025-06-27,2025-06-29,BlueDart,Delivered
ORD004559,2025-07-21,2025-07-28,Delhivery,Delivered
ORD004560,2025-05-19,2025-05-19,Shadowfax,Delivered
ORD004561,2025-07-29,2025-07-29,BlueDart,Delivered
ORD004562,2025-09-08,2025-09-08,BlueDart,Delivered
ORD004563,2026-02-02,2026-02-02,Xpressbees,Delivered
ORD004564,2026-02-12,2026-02-15,Ekart,Delivered
ORD004565,2025-10-18,2025-10-19,BlueDart,Delivered
ORD004566,2025-07-16,2025-07-16,Xpressbees,Delivered
ORD004567,2025-05-16,2025-05-16,Ekart,Delivered
ORD004568,2025-05-08,2025-05-08,Ekart,Delivered
ORD004569,2026-04-14,2026-04-14,Ekart,Delivered
ORD004570,2025-11-16,2025-11-16,BlueDart,Delivered
ORD004571,2026-04-26,,BlueDart,In Transit/Lost
ORD004572,2025-10-16,,BlueDart,In Transit/Lost
ORD004573,2026-02-20,2026-02-21,Delhivery,Delivered
ORD004574,2025-10-17,2025-10-17,BlueDart,Delivered
ORD004575,2026-01-12,2026-01-12,Xpressbees,Delivered
ORD004576,2025-08-18,2025-08-19,Xpressbees,Delivered
ORD004577,2026-07-13,2026-07-16,Xpressbees,Delivered
ORD004578,2025-12-14,2025-12-21,Shadowfax,Delivered
ORD004579,2026-05-26,2026-05-26,Ekart,Delivered
ORD004580,2026-01-02,2026-01-02,Ekart,Delivered
ORD004581,2025-09-12,2025-09-12,Shadowfax,Delivered
ORD004582,2025-12-17,2025-12-17,Shadowfax,Delivered
ORD004583,2026-02-20,2026-02-20,Ekart,Delivered
ORD004584,2026-06-20,2026-06-20,Shadowfax,Delivered
ORD004585,2026-02-16,2026-02-16,Xpressbees,Delivered
ORD004586,2025-10-10,,Ekart,In Transit/Lost
ORD004587,2026-04-08,2026-04-08,Shadowfax,Delivered
ORD004588,2026-02-10,2026-02-10,Delhivery,Delivered
ORD004589,2026-04-04,2026-04-04,BlueDart,Delivered
ORD004590,2025-10-15,2025-10-15,BlueDart,Delivered
ORD004591,2026-05-25,2026-05-25,BlueDart,Delivered
ORD004592,2025-07-12,,Delhivery,In Transit/Lost
ORD004593,2025-09-08,2025-09-08,Shadowfax,Delivered
ORD004594,2025-10-30,2025-10-30,Delhivery,Delivered
ORD004596,2025-08-28,2025-08-29,BlueDart,Delivered
ORD004598,2026-02-12,2026-02-13,Xpressbees,Delivered
ORD004599,2025-12-04,2025-12-06,Shadowfax,Delivered
ORD004600,2025-04-05,2025-04-12,Ekart,Delivered
ORD004601,2026-08-12,2026-08-14,Delhivery,Delivered
ORD004602,2025-08-03,2025-08-10,BlueDart,Delivered
ORD004603,2026-04-04,2026-04-05,Xpressbees,Delivered
ORD004604,2025-11-22,2025-11-22,Xpressbees,Delivered
ORD004605,2026-05-31,2026-06-01,BlueDart,Delivered
ORD004606,2025-10-19,2025-10-19,BlueDart,Delivered
ORD004607,2025-09-27,,BlueDart,In Transit/Lost
ORD004608,2025-10-14,2025-10-14,Delhivery,Delivered
ORD004609,2025-12-15,2025-12-15,Xpressbees,Delivered
ORD004610,2026-04-21,,BlueDart,In Transit/Lost
ORD004611,2026-07-28,2026-07-28,Xpressbees,Delivered
ORD004612,2025-05-12,2025-05-12,Xpressbees,Delivered
ORD004613,2025-08-08,2025-08-11,Xpressbees,Delivered
ORD004614,2025-07-25,2025-07-25,BlueDart,Delivered
ORD004615,2025-10-07,2025-10-10,Delhivery,Delivered
ORD004616,2026-09-12,,Ekart,In Transit/Lost
ORD004617,2025-12-09,,Delhivery,In Transit/Lost
ORD004618,2025-06-23,2025-06-23,Ekart,Delivered
ORD004619,2026-06-28,2026-07-01,Ekart,Delivered
ORD004620,2026-03-07,2026-03-07,Delhivery,Delivered
ORD004621,2026-02-09,2026-02-11,Delhivery,Delivered
ORD004622,2026-06-05,2026-06-07,Delhivery,Delivered
ORD004624,2026-09-04,2026-09-06,Delhivery,Delivered
ORD004625,2025-10-06,2025-10-08,Shadowfax,Delivered
ORD004626,2026-05-10,2026-05-11,Shadowfax,Delivered
ORD004628,2026-08-02,2026-08-05,Ekart,Delivered
ORD004629,2025-05-14,2025-05-14,Ekart,Delivered
ORD004630,2026-04-03,2026-04-03,Xpressbees,Delivered
ORD004631,2025-04-22,2025-04-22,Ekart,Delivered
ORD004633,2026-08-10,2026-08-11,Ekart,Delivered
ORD004634,2025-11-24,2025-12-01,Xpressbees,Delivered
ORD004635,2025-08-31,2025-08-31,BlueDart,Delivered
ORD004636,2026-06-30,2026-07-02,Xpressbees,Delivered
ORD004637,2025-08-23,2025-08-23,BlueDart,Delivered
ORD004639,2025-07-25,2025-07-25,Shadowfax,Delivered
ORD004640,2025-09-09,2025-09-09,Delhivery,Delivered
ORD004641,2025-12-31,2026-01-01,Ekart,Delivered
ORD004642,2025-07-27,2025-07-29,BlueDart,Delivered
ORD004643,2025-05-13,2025-05-13,Shadowfax,Delivered
ORD004644,2025-04-21,2025-04-21,Ekart,Delivered
ORD004646,2026-05-21,2026-05-21,BlueDart,Delivered
ORD004647,2026-08-23,2026-08-23,Delhivery,Delivered
ORD004648,2026-08-16,2026-08-16,BlueDart,Delivered
ORD004649,2025-06-29,2025-06-29,Xpressbees,Delivered
ORD004650,2026-01-15,2026-01-16,Xpressbees,Delivered
ORD004651,2026-08-15,2026-08-22,BlueDart,Delivered
ORD004652,2026-07-22,2026-07-25,Ekart,Delivered
ORD004653,2025-07-30,2025-08-06,Xpressbees,Delivered
ORD004654,2026-06-02,2026-06-02,Shadowfax,Delivered
ORD004655,2025-07-09,2025-07-09,BlueDart,Delivered
ORD004657,2025-05-01,,Shadowfax,In Transit/Lost
ORD004658,2025-05-16,2025-05-19,Ekart,Delivered
ORD004659,2026-06-08,2026-06-15,BlueDart,Delivered
ORD004660,2025-06-30,2025-06-30,Shadowfax,Delivered
ORD004661,2025-05-29,2025-05-29,Xpressbees,Delivered
ORD004663,2026-05-07,2026-05-07,Ekart,Delivered
ORD004664,2026-04-19,2026-04-21,Ekart,Delivered
ORD004665,2025-06-13,2025-06-14,Shadowfax,Delivered
ORD004666,2026-08-11,2026-08-14,Shadowfax,Delivered
ORD004667,2025-08-02,2025-08-02,Shadowfax,Delivered
ORD004668,2025-03-30,2025-04-02,Delhivery,Delivered
ORD004669,2026-06-27,,Shadowfax,In Transit/Lost
ORD004670,2026-05-11,2026-05-12,Xpressbees,Delivered
ORD004671,2025-12-26,2025-12-27,Delhivery,Delivered
ORD004672,2025-04-06,2025-04-06,Delhivery,Delivered
ORD004673,2025-12-20,2025-12-20,Xpressbees,Delivered
ORD004674,2025-04-25,2025-04-26,BlueDart,Delivered
ORD004675,2025-06-05,,Shadowfax,In Transit/Lost
ORD004676,2025-04-19,2025-04-21,Shadowfax,Delivered
ORD004677,2025-06-17,2025-06-19,Delhivery,Delivered
ORD004678,2025-06-03,2025-06-04,Delhivery,Delivered
ORD004679,2026-07-01,2026-07-08,BlueDart,Delivered
ORD004680,2026-06-17,2026-06-17,Shadowfax,Delivered
ORD004681,2026-01-27,2026-01-27,Delhivery,Delivered
ORD004682,2025-08-21,2025-08-24,Shadowfax,Delivered
ORD004683,2025-08-02,2025-08-02,BlueDart,Delivered
ORD004684,2025-06-25,2025-06-25,Delhivery,Delivered
ORD004685,2025-05-21,2025-05-22,Xpressbees,Delivered
ORD004686,2025-08-05,2025-08-07,Delhivery,Delivered
ORD004687,2026-03-06,2026-03-08,Delhivery,Delivered
ORD004689,2025-04-28,2025-04-29,BlueDart,Delivered
ORD004690,2025-10-14,2025-10-14,Ekart,Delivered
ORD004691,2025-03-25,2025-03-26,Delhivery,Delivered
ORD004692,2025-11-27,2025-12-04,Ekart,Delivered
ORD004693,2026-05-31,,Shadowfax,In Transit/Lost
ORD004694,2026-03-26,2026-03-26,BlueDart,Delivered
ORD004695,2025-10-24,2025-10-25,Ekart,Delivered
ORD004696,2026-01-11,2026-01-12,Xpressbees,Delivered
ORD004697,2025-10-29,2025-10-31,Shadowfax,Delivered
ORD004698,2026-01-03,2026-01-04,Ekart,Delivered
ORD004699,2026-08-25,2026-08-25,BlueDart,Delivered
ORD004700,2026-08-14,2026-08-14,BlueDart,Delivered
ORD004701,2025-10-02,2025-10-03,Xpressbees,Delivered
ORD004702,2026-02-13,2026-02-15,Xpressbees,Delivered
ORD004703,2026-04-16,2026-04-18,Shadowfax,Delivered
ORD004704,2026-05-03,2026-05-03,BlueDart,Delivered
ORD004705,2026-05-03,2026-05-03,Xpressbees,Delivered
ORD004706,2025-12-30,2025-12-30,Delhivery,Delivered
ORD004708,2025-12-22,,BlueDart,In Transit/Lost
ORD004709,2025-12-19,2025-12-19,Ekart,Delivered
ORD004710,2026-06-02,2026-06-05,Delhivery,Delivered
ORD004711,2025-07-12,2025-07-12,BlueDart,Delivered
ORD004712,2026-02-09,2026-02-11,Shadowfax,Delivered
ORD004713,2025-10-08,2025-10-08,Ekart,Delivered
ORD004714,2025-09-02,2025-09-02,Delhivery,Delivered
ORD004715,2026-02-12,2026-02-13,BlueDart,Delivered
ORD004716,2025-11-02,2025-11-02,Ekart,Delivered
ORD004718,2025-10-12,2025-10-12,BlueDart,Delivered
ORD004719,2025-09-10,2025-09-10,Xpressbees,Delivered
ORD004721,2025-04-01,,Xpressbees,In Transit/Lost
ORD004723,2026-03-03,,BlueDart,In Transit/Lost
ORD004724,2025-06-12,,BlueDart,In Transit/Lost
ORD004725,2026-07-06,2026-07-13,Xpressbees,Delivered
ORD004726,2026-05-23,2026-05-23,Xpressbees,Delivered
ORD004727,2026-05-01,2026-05-01,Delhivery,Delivered
ORD004728,2026-03-10,2026-03-10,Xpressbees,Delivered
ORD004729,2025-09-04,2025-09-04,Delhivery,Delivered
ORD004730,2025-08-03,,Delhivery,In Transit/Lost
ORD004731,2025-04-02,2025-04-02,Ekart,Delivered
ORD004732,2025-07-24,,BlueDart,In Transit/Lost
ORD004733,2025-11-16,2025-11-17,BlueDart,Delivered
ORD004734,2025-12-12,2025-12-12,BlueDart,Delivered
ORD004735,2025-12-01,2025-12-04,BlueDart,Delivered
ORD004736,2025-11-29,2025-11-29,BlueDart,Delivered
ORD004737,2026-07-13,2026-07-13,Ekart,Delivered
ORD004738,2025-11-29,2025-11-29,Xpressbees,Delivered
ORD004739,2025-11-04,2025-11-05,Xpressbees,Delivered
ORD004740,2025-04-21,2025-04-24,BlueDart,Delivered
ORD004741,2026-08-18,2026-08-18,Ekart,Delivered
ORD004742,2026-07-21,2026-07-22,Xpressbees,Delivered
ORD004743,2026-08-06,,Shadowfax,In Transit/Lost
ORD004744,2025-08-31,2025-09-03,BlueDart,Delivered
ORD004745,2025-04-20,2025-04-20,Xpressbees,Delivered
ORD004746,2025-11-29,2025-11-29,BlueDart,Delivered
ORD004747,2025-10-18,2025-10-20,Shadowfax,Delivered
ORD004748,2026-03-10,2026-03-11,Ekart,Delivered
ORD004749,2025-11-12,2025-11-12,Shadowfax,Delivered
ORD004751,2025-10-03,2025-10-03,Ekart,Delivered
ORD004752,2025-12-24,2025-12-24,Ekart,Delivered
ORD004753,2025-12-05,2025-12-12,Ekart,Delivered
ORD004754,2026-08-12,2026-08-12,BlueDart,Delivered
ORD004755,2026-07-08,2026-07-08,Ekart,Delivered
ORD004757,2025-09-29,2025-09-29,Ekart,Delivered
ORD004758,2025-07-05,2025-07-05,Ekart,Delivered
ORD004759,2026-08-05,2026-08-05,BlueDart,Delivered
ORD004760,2025-06-22,2025-06-23,Ekart,Delivered
ORD004761,2026-09-09,2026-09-09,BlueDart,Delivered
ORD004762,2025-06-10,2025-06-13,Ekart,Delivered
ORD004764,2025-08-18,2025-08-18,Xpressbees,Delivered
ORD004766,2025-07-22,2025-07-22,Ekart,Delivered
ORD004767,2026-01-01,2026-01-01,Shadowfax,Delivered
ORD004768,2025-04-06,,Ekart,In Transit/Lost
ORD004769,2025-10-26,2025-10-26,Shadowfax,Delivered
ORD004771,2025-11-29,2025-11-30,BlueDart,Delivered
ORD004772,2026-02-22,2026-02-22,Shadowfax,Delivered
ORD004773,2025-08-23,2025-08-25,BlueDart,Delivered
ORD004774,2025-04-22,2025-04-29,BlueDart,Delivered
ORD004775,2025-12-27,2025-12-27,Delhivery,Delivered
ORD004776,2025-05-31,2025-06-01,Xpressbees,Delivered
ORD004777,2025-11-16,2025-11-19,Xpressbees,Delivered
ORD004778,2025-12-14,,BlueDart,In Transit/Lost
ORD004780,2025-04-12,2025-04-12,Delhivery,Delivered
ORD004781,2026-05-17,2026-05-17,Delhivery,Delivered
ORD004782,2026-04-21,2026-04-21,Delhivery,Delivered
ORD004783,2026-01-25,2026-01-26,Ekart,Delivered
ORD004784,2025-04-29,2025-05-01,Xpressbees,Delivered
ORD004786,2026-08-10,2026-08-17,Ekart,Delivered
ORD004787,2025-10-13,2025-10-14,Shadowfax,Delivered
ORD004788,2026-03-16,2026-03-18,Shadowfax,Delivered
ORD004790,2026-04-19,2026-04-20,Delhivery,Delivered
ORD004791,2025-08-17,2025-08-17,Ekart,Delivered
ORD004792,2025-06-08,2025-06-08,Delhivery,Delivered
ORD004793,2026-08-01,,BlueDart,In Transit/Lost
ORD004794,2025-05-14,2025-05-17,Shadowfax,Delivered
ORD004795,2025-10-17,2025-10-18,Delhivery,Delivered
ORD004796,2025-10-21,2025-10-23,Ekart,Delivered
ORD004797,2025-04-15,2025-04-18,Delhivery,Delivered
ORD004799,2026-08-19,2026-08-19,Shadowfax,Delivered
ORD004800,2025-07-07,2025-07-07,Delhivery,Delivered
ORD004801,2026-01-25,2026-01-25,Shadowfax,Delivered
ORD004802,2025-11-06,2025-11-09,BlueDart,Delivered
ORD004803,2026-06-11,2026-06-12,Delhivery,Delivered
ORD004804,2025-06-12,2025-06-13,Delhivery,Delivered
ORD004805,2026-01-14,2026-01-21,Shadowfax,Delivered
ORD004806,2025-08-09,2025-08-12,Delhivery,Delivered
ORD004807,2026-07-31,2026-07-31,Xpressbees,Delivered
ORD004809,2025-04-29,2025-04-29,BlueDart,Delivered
ORD004810,2026-06-30,2026-07-03,Shadowfax,Delivered
ORD004811,2025-08-15,2025-08-17,Xpressbees,Delivered
ORD004812,2025-12-11,2025-12-18,Shadowfax,Delivered
ORD004814,2025-12-03,2025-12-03,Shadowfax,Delivered
ORD004815,2026-09-05,2026-09-05,BlueDart,Delivered
ORD004816,2026-08-05,2026-08-05,Ekart,Delivered
ORD004817,2025-12-15,2025-12-17,Xpressbees,Delivered
ORD004818,2025-05-06,2025-05-06,BlueDart,Delivered
ORD004819,2025-11-29,,BlueDart,In Transit/Lost
ORD004820,2026-07-24,2026-07-24,Shadowfax,Delivered
ORD004821,2026-02-22,2026-02-22,Delhivery,Delivered
ORD004822,2026-09-05,2026-09-05,Ekart,Delivered
ORD004823,2026-06-28,,Shadowfax,In Transit/Lost
ORD004824,2026-08-24,2026-08-31,Delhivery,Delivered
ORD004825,2025-08-12,2025-08-12,Xpressbees,Delivered
ORD004826,2026-01-20,,Shadowfax,In Transit/Lost
ORD004828,2026-06-07,2026-06-07,Xpressbees,Delivered
ORD004829,2025-09-20,2025-09-20,Xpressbees,Delivered
ORD004830,2026-03-20,2026-03-27,Shadowfax,Delivered
ORD004831,2026-01-03,2026-01-03,Shadowfax,Delivered
ORD004832,2026-03-21,2026-03-23,Shadowfax,Delivered
ORD004833,2026-06-18,2026-06-18,Delhivery,Delivered
ORD004834,2026-02-05,2026-02-05,BlueDart,Delivered
ORD004835,2026-03-29,2026-04-05,Xpressbees,Delivered
ORD004836,2026-06-03,,BlueDart,In Transit/Lost
ORD004837,2026-05-20,2026-05-20,Shadowfax,Delivered
ORD004838,2025-08-02,2025-08-03,Xpressbees,Delivered
ORD004839,2026-06-06,2026-06-06,Shadowfax,Delivered
ORD004840,2025-11-12,,Delhivery,In Transit/Lost
ORD004841,2025-08-17,2025-08-17,Ekart,Delivered
ORD004842,2026-08-14,2026-08-14,Xpressbees,Delivered
ORD004843,2025-09-02,2025-09-03,BlueDart,Delivered
ORD004844,2026-09-02,2026-09-02,Delhivery,Delivered
ORD004845,2026-09-10,2026-09-13,BlueDart,Delivered
ORD004846,2025-04-20,2025-04-20,Ekart,Delivered
ORD004847,2026-02-06,2026-02-06,Shadowfax,Delivered
ORD004848,2026-05-30,2026-06-02,Shadowfax,Delivered
ORD004850,2026-06-13,2026-06-14,BlueDart,Delivered
ORD004851,2026-01-19,,Delhivery,In Transit/Lost
ORD004852,2026-06-23,2026-06-23,Xpressbees,Delivered
ORD004853,2025-07-20,2025-07-22,Ekart,Delivered
ORD004854,2026-08-21,2026-08-21,Shadowfax,Delivered
ORD004855,2025-11-29,,Delhivery,In Transit/Lost
ORD004856,2025-06-14,2025-06-14,Ekart,Delivered
ORD004858,2026-01-11,,Delhivery,In Transit/Lost
ORD004859,2025-10-07,2025-10-07,Xpressbees,Delivered
ORD004861,2025-11-06,2025-11-07,Delhivery,Delivered
ORD004862,2025-09-18,2025-09-19,BlueDart,Delivered
ORD004863,2025-05-08,2025-05-09,Shadowfax,Delivered
ORD004864,2025-06-19,2025-06-19,Xpressbees,Delivered
ORD004865,2025-12-08,2025-12-08,Delhivery,Delivered
ORD004866,2026-08-07,2026-08-14,BlueDart,Delivered
ORD004867,2025-04-30,2025-05-02,BlueDart,Delivered
ORD004868,2025-09-11,2025-09-11,Delhivery,Delivered
ORD004870,2025-11-15,2025-11-15,Shadowfax,Delivered
ORD004871,2026-06-08,,Xpressbees,In Transit/Lost
ORD004872,2025-06-14,2025-06-17,Shadowfax,Delivered
ORD004873,2025-12-03,2025-12-03,Delhivery,Delivered
ORD004874,2025-04-11,2025-04-12,Ekart,Delivered
ORD004875,2026-08-12,,Shadowfax,In Transit/Lost
ORD004876,2025-05-26,2025-05-26,Shadowfax,Delivered
ORD004877,2025-07-31,2025-08-02,Ekart,Delivered
ORD004878,2026-07-11,2026-07-12,Delhivery,Delivered
ORD004879,2025-12-13,2025-12-20,Shadowfax,Delivered
ORD004881,2026-02-03,2026-02-06,BlueDart,Delivered
ORD004882,2025-10-28,2025-10-30,Xpressbees,Delivered
ORD004883,2026-06-26,2026-07-03,BlueDart,Delivered
ORD004884,2025-08-24,,Ekart,In Transit/Lost
ORD004886,2025-06-22,2025-06-22,Shadowfax,Delivered
ORD004887,2025-06-17,,Ekart,In Transit/Lost
ORD004888,2025-09-16,2025-09-16,BlueDart,Delivered
ORD004889,2025-10-14,2025-10-15,Xpressbees,Delivered
ORD004890,2025-05-08,2025-05-08,Xpressbees,Delivered
ORD004892,2026-05-26,2026-05-26,Shadowfax,Delivered
ORD004893,2025-03-28,2025-03-28,Ekart,Delivered
ORD004894,2026-01-11,2026-01-14,Delhivery,Delivered
ORD004895,2025-12-14,2025-12-14,Shadowfax,Delivered
ORD004896,2025-05-14,2025-05-16,BlueDart,Delivered
ORD004897,2026-08-29,,Delhivery,In Transit/Lost
ORD004898,2026-06-03,2026-06-10,Ekart,Delivered
ORD004899,2026-03-07,2026-03-07,BlueDart,Delivered
ORD004900,2026-09-09,2026-09-09,BlueDart,Delivered
ORD004901,2025-03-27,2025-03-30,Delhivery,Delivered
ORD004902,2025-06-29,2025-07-01,Xpressbees,Delivered
ORD004903,2025-06-06,2025-06-06,Xpressbees,Delivered
ORD004904,2026-09-08,2026-09-10,Xpressbees,Delivered
ORD004905,2025-10-08,2025-10-10,BlueDart,Delivered
ORD004907,2026-06-15,2026-06-15,Delhivery,Delivered
ORD004908,2025-10-01,2025-10-08,Ekart,Delivered
ORD004910,2025-04-13,2025-04-13,BlueDart,Delivered
ORD004911,2026-07-20,2026-07-27,BlueDart,Delivered
ORD004912,2025-09-17,2025-09-17,Xpressbees,Delivered
ORD004913,2025-04-16,2025-04-17,Ekart,Delivered
ORD004914,2026-01-31,2026-01-31,Shadowfax,Delivered
ORD004915,2026-09-07,2026-09-14,Xpressbees,Delivered
ORD004916,2026-02-17,2026-02-20,Shadowfax,Delivered
ORD004917,2026-06-09,2026-06-09,Ekart,Delivered
ORD004918,2025-07-06,2025-07-07,Delhivery,Delivered
ORD004919,2025-06-24,2025-06-24,Ekart,Delivered
ORD004920,2025-10-23,2025-10-23,Shadowfax,Delivered
ORD004921,2026-09-13,2026-09-14,Ekart,Delivered
ORD004923,2026-02-07,2026-02-07,Shadowfax,Delivered
ORD004924,2026-02-20,2026-02-20,BlueDart,Delivered
ORD004925,2026-01-03,2026-01-04,BlueDart,Delivered
ORD004926,2026-06-15,2026-06-15,Xpressbees,Delivered
ORD004927,2025-08-23,2025-08-23,BlueDart,Delivered
ORD004928,2025-04-29,2025-04-29,Delhivery,Delivered
ORD004929,2026-02-16,2026-02-16,Delhivery,Delivered
ORD004930,2025-08-12,2025-08-12,Shadowfax,Delivered
ORD004932,2026-04-05,,Delhivery,In Transit/Lost
ORD004933,2025-05-15,2025-05-15,BlueDart,Delivered
ORD004934,2026-02-15,2026-02-18,Ekart,Delivered
ORD004936,2025-04-09,2025-04-11,Shadowfax,Delivered
ORD004937,2026-06-27,2026-06-30,Ekart,Delivered
ORD004938,2026-03-20,2026-03-22,Ekart,Delivered
ORD004939,2026-04-03,2026-04-03,Ekart,Delivered
ORD004940,2026-06-03,,Ekart,In Transit/Lost
ORD004941,2025-10-02,2025-10-02,Shadowfax,Delivered
ORD004942,2025-12-24,2025-12-24,Xpressbees,Delivered
ORD004943,2025-08-29,2025-08-30,Shadowfax,Delivered
ORD004944,2026-04-08,2026-04-10,Shadowfax,Delivered
ORD004945,2025-10-27,,Ekart,In Transit/Lost
ORD004948,2026-09-06,2026-09-06,BlueDart,Delivered
ORD004949,2025-09-06,,Shadowfax,In Transit/Lost
ORD004950,2025-09-16,2025-09-17,Ekart,Delivered
ORD004951,2025-08-01,2025-08-01,Delhivery,Delivered
ORD004952,2025-06-12,2025-06-15,Shadowfax,Delivered
ORD004954,2025-05-04,2025-05-04,Ekart,Delivered
ORD004955,2026-02-06,2026-02-13,Shadowfax,Delivered
ORD004957,2025-05-21,2025-05-21,BlueDart,Delivered
ORD004958,2025-11-21,2025-11-28,Xpressbees,Delivered
ORD004959,2025-06-13,2025-06-13,Ekart,Delivered
ORD004960,2025-05-01,2025-05-01,BlueDart,Delivered
ORD004961,2026-05-12,2026-05-12,Xpressbees,Delivered
ORD004962,2026-03-30,2026-03-30,Xpressbees,Delivered
ORD004963,2026-01-29,2026-01-31,Delhivery,Delivered
ORD004964,2026-04-15,2026-04-17,BlueDart,Delivered
ORD004967,2026-03-05,2026-03-08,BlueDart,Delivered
ORD004968,2026-08-15,2026-08-18,Xpressbees,Delivered
ORD004971,2026-08-12,2026-08-12,BlueDart,Delivered
ORD004972,2025-07-15,2025-07-18,Ekart,Delivered
ORD004973,2025-12-04,,BlueDart,In Transit/Lost
ORD004974,2025-04-13,2025-04-13,BlueDart,Delivered
ORD004975,2025-06-17,,Delhivery,In Transit/Lost
ORD004976,2025-07-04,2025-07-04,Xpressbees,Delivered
ORD004977,2025-04-29,2025-05-02,BlueDart,Delivered
ORD004978,2025-04-10,2025-04-10,BlueDart,Delivered
ORD004979,2026-06-29,2026-07-06,Shadowfax,Delivered
ORD004980,2025-08-09,2025-08-09,Shadowfax,Delivered
ORD004981,2025-07-03,,Ekart,In Transit/Lost
ORD004982,2025-12-16,,Delhivery,In Transit/Lost
ORD004983,2026-03-14,2026-03-16,Delhivery,Delivered
ORD004984,2025-10-25,,Shadowfax,In Transit/Lost
ORD004985,2026-04-11,2026-04-11,Ekart,Delivered
ORD004986,2025-09-15,2025-09-15,BlueDart,Delivered
ORD004987,2025-06-05,2025-06-06,BlueDart,Delivered
ORD004989,2026-08-28,2026-08-28,Delhivery,Delivered
ORD004990,2025-11-08,2025-11-10,Ekart,Delivered
ORD004991,2025-09-10,2025-09-13,BlueDart,Delivered
ORD004992,2026-07-30,2026-07-30,Ekart,Delivered
ORD004994,2026-04-04,2026-04-04,Shadowfax,Delivered
ORD004995,2025-03-28,2025-03-29,Ekart,Delivered
ORD004996,2026-05-21,2026-05-21,BlueDart,Delivered
ORD004997,2026-08-20,2026-08-27,Delhivery,Delivered
ORD004998,2025-11-03,2025-11-04,Delhivery,Delivered
ORD004999,2025-12-10,2025-12-10,Delhivery,Delivered
ORD005000,2026-09-08,2026-09-09,Ekart,Delivered
ORD005001,2025-06-11,2025-06-11,Shadowfax,Delivered
ORD005003,2025-08-02,2025-08-02,Delhivery,Delivered
ORD005004,2026-02-15,2026-02-18,Ekart,Delivered
ORD005005,2026-08-23,2026-08-23,BlueDart,Delivered
ORD005006,2026-07-27,,Xpressbees,In Transit/Lost
ORD005007,2026-04-18,2026-04-21,Shadowfax,Delivered
ORD005008,2025-11-04,2025-11-07,Shadowfax,Delivered
ORD005009,2026-05-13,2026-05-20,Xpressbees,Delivered
ORD005010,2026-02-27,2026-02-28,Shadowfax,Delivered
ORD005011,2026-04-11,2026-04-11,BlueDart,Delivered
ORD005012,2026-06-01,2026-06-01,Ekart,Delivered
ORD005013,2025-10-12,2025-10-12,Xpressbees,Delivered
ORD005015,2025-12-11,,Shadowfax,In Transit/Lost
ORD005017,2025-12-21,2025-12-21,BlueDart,Delivered
ORD005018,2025-07-15,2025-07-15,BlueDart,Delivered
ORD005019,2025-09-21,2025-09-21,BlueDart,Delivered
ORD005020,2026-03-14,2026-03-14,Delhivery,Delivered
ORD005021,2026-04-25,2026-04-25,Ekart,Delivered
ORD005022,2025-12-21,2025-12-21,Delhivery,Delivered
ORD005023,2026-01-04,2026-01-04,Delhivery,Delivered
ORD005024,2026-07-16,2026-07-16,Ekart,Delivered
ORD005025,2026-09-10,2026-09-12,Delhivery,Delivered
ORD005026,2026-02-18,2026-02-18,BlueDart,Delivered
ORD005027,2026-02-19,2026-02-19,Ekart,Delivered
ORD005028,2025-11-12,2025-11-13,Ekart,Delivered
ORD005029,2026-08-20,2026-08-27,Delhivery,Delivered
ORD005030,2026-05-30,2026-06-02,Delhivery,Delivered
ORD005032,2026-04-18,2026-04-18,Ekart,Delivered
ORD005034,2026-01-10,2026-01-10,Ekart,Delivered
ORD005035,2026-05-08,2026-05-08,Xpressbees,Delivered
ORD005036,2025-04-16,2025-04-16,Ekart,Delivered
ORD005038,2025-10-30,2025-11-01,Xpressbees,Delivered
ORD005039,2026-02-25,2026-02-25,Ekart,Delivered
ORD005040,2026-05-24,2026-05-27,Xpressbees,Delivered
ORD005041,2025-12-07,,Delhivery,In Transit/Lost
ORD005042,2026-07-13,2026-07-16,BlueDart,Delivered
ORD005043,2026-08-07,2026-08-08,Ekart,Delivered
ORD005045,2026-02-15,2026-02-15,Delhivery,Delivered
ORD005046,2025-07-27,2025-07-27,BlueDart,Delivered
ORD005047,2025-09-12,2025-09-12,Ekart,Delivered
ORD005048,2026-02-07,,Shadowfax,In Transit/Lost
ORD005049,2025-11-21,2025-11-28,Xpressbees,Delivered
ORD005050,2025-09-02,2025-09-09,BlueDart,Delivered
ORD005051,2026-03-13,2026-03-13,Ekart,Delivered
ORD005052,2025-04-13,2025-04-13,Ekart,Delivered
ORD005053,2025-07-27,2025-07-27,Delhivery,Delivered
ORD005054,2026-07-26,2026-07-26,Ekart,Delivered
ORD005055,2025-08-08,,Xpressbees,In Transit/Lost
ORD005056,2025-08-14,2025-08-14,BlueDart,Delivered
ORD005057,2026-01-06,2026-01-06,Xpressbees,Delivered
ORD005058,2025-04-15,2025-04-15,Shadowfax,Delivered
ORD005059,2026-08-20,2026-08-20,Ekart,Delivered
ORD005060,2025-11-21,2025-11-21,BlueDart,Delivered
ORD005061,2025-10-25,,Shadowfax,In Transit/Lost
ORD005062,2025-11-13,2025-11-15,Shadowfax,Delivered
ORD005063,2026-08-23,2026-08-25,BlueDart,Delivered
ORD005064,2026-06-01,2026-06-04,Xpressbees,Delivered
ORD005065,2025-08-19,2025-08-19,BlueDart,Delivered
ORD005066,2026-06-07,2026-06-07,Ekart,Delivered
ORD005067,2026-01-15,2026-01-15,Ekart,Delivered
ORD005068,2025-11-05,2025-11-05,BlueDart,Delivered
ORD005069,2025-12-21,2025-12-21,Shadowfax,Delivered
ORD005070,2026-08-20,2026-08-27,Delhivery,Delivered
ORD005071,2026-05-26,2026-05-26,Delhivery,Delivered
ORD005072,2026-03-06,2026-03-06,BlueDart,Delivered
ORD005073,2025-09-04,2025-09-06,Xpressbees,Delivered
ORD005074,2026-02-12,2026-02-13,Ekart,Delivered
ORD005076,2026-09-09,2026-09-09,Delhivery,Delivered
ORD005077,2025-07-18,,Xpressbees,In Transit/Lost
ORD005078,2026-03-18,,Shadowfax,In Transit/Lost
ORD005079,2025-08-25,2025-08-26,Xpressbees,Delivered
ORD005080,2025-05-25,2025-05-27,Shadowfax,Delivered
ORD005081,2025-07-30,2025-07-31,Xpressbees,Delivered
ORD005082,2026-09-09,,Shadowfax,In Transit/Lost
ORD005083,2026-01-20,2026-01-20,Shadowfax,Delivered
ORD005084,2025-09-16,2025-09-16,BlueDart,Delivered
ORD005085,2026-01-13,2026-01-16,BlueDart,Delivered
ORD005086,2025-07-09,,Shadowfax,In Transit/Lost
ORD005087,2026-03-27,2026-03-29,Shadowfax,Delivered
ORD005088,2025-05-08,2025-05-08,Delhivery,Delivered
ORD005089,2026-03-07,2026-03-07,Shadowfax,Delivered
ORD005090,2026-08-19,2026-08-19,Xpressbees,Delivered
ORD005091,2025-04-05,2025-04-07,Shadowfax,Delivered
ORD005092,2025-06-03,2025-06-03,Xpressbees,Delivered
ORD005093,2026-05-02,,Xpressbees,In Transit/Lost
ORD005095,2026-03-13,2026-03-13,BlueDart,Delivered
ORD005096,2026-03-20,2026-03-20,BlueDart,Delivered
ORD005097,2025-11-05,,BlueDart,In Transit/Lost
ORD005098,2026-07-28,2026-07-30,Xpressbees,Delivered
ORD005099,2025-07-12,2025-07-13,Ekart,Delivered
ORD005100,2025-06-20,2025-06-20,Delhivery,Delivered
ORD005101,2025-05-17,2025-05-17,Delhivery,Delivered
ORD005102,2026-08-10,2026-08-10,Shadowfax,Delivered
ORD005103,2025-09-07,2025-09-09,Delhivery,Delivered
ORD005104,2026-01-09,,Shadowfax,In Transit/Lost
ORD005105,2026-01-14,,Xpressbees,In Transit/Lost
ORD005106,2025-04-29,2025-05-06,Shadowfax,Delivered
ORD005108,2026-07-10,2026-07-10,Ekart,Delivered
ORD005109,2026-06-29,2026-07-01,Ekart,Delivered
ORD005110,2025-03-24,2025-03-27,Delhivery,Delivered
ORD005111,2025-07-31,2025-08-03,BlueDart,Delivered
ORD005112,2026-05-18,2026-05-21,Ekart,Delivered
ORD005113,2026-05-27,2026-05-30,Xpressbees,Delivered
ORD005114,2026-08-16,2026-08-16,Ekart,Delivered
ORD005115,2026-08-29,,Xpressbees,In Transit/Lost
ORD005116,2025-05-25,2025-06-01,Ekart,Delivered
ORD005117,2025-11-22,2025-11-22,BlueDart,Delivered
ORD005118,2025-05-28,,Shadowfax,In Transit/Lost
ORD005119,2026-05-12,2026-05-12,Delhivery,Delivered
ORD005120,2026-05-18,,Delhivery,In Transit/Lost
ORD005121,2025-12-02,2025-12-02,Shadowfax,Delivered
ORD005123,2026-03-20,,Ekart,In Transit/Lost
ORD005124,2025-08-21,2025-08-21,Shadowfax,Delivered
ORD005125,2025-05-08,2025-05-15,Xpressbees,Delivered
ORD005126,2026-05-23,,Ekart,In Transit/Lost
ORD005127,2025-10-02,2025-10-02,BlueDart,Delivered
ORD005128,2025-10-21,,Ekart,In Transit/Lost
ORD005129,2025-07-04,2025-07-05,Shadowfax,Delivered
ORD005130,2026-08-17,2026-08-20,Shadowfax,Delivered
ORD005131,2026-04-18,2026-04-20,Delhivery,Delivered
ORD005133,2026-02-23,2026-02-23,Delhivery,Delivered
ORD005134,2026-08-28,,Shadowfax,In Transit/Lost
ORD005136,2026-09-12,2026-09-12,Delhivery,Delivered
ORD005137,2025-06-18,2025-06-18,BlueDart,Delivered
ORD005138,2025-09-26,2025-09-26,Shadowfax,Delivered
ORD005139,2025-12-30,2025-12-30,BlueDart,Delivered
ORD005140,2026-03-31,2026-03-31,BlueDart,Delivered
ORD005141,2025-07-07,2025-07-14,Xpressbees,Delivered
ORD005142,2026-09-10,2026-09-11,Delhivery,Delivered
ORD005143,2026-05-06,,Delhivery,In Transit/Lost
ORD005144,2025-09-30,,Shadowfax,In Transit/Lost
ORD005146,2025-10-22,2025-10-22,Ekart,Delivered
ORD005147,2026-05-07,2026-05-07,Ekart,Delivered
ORD005148,2025-05-20,2025-05-22,Xpressbees,Delivered
ORD005149,2025-12-26,,Delhivery,In Transit/Lost
ORD005150,2026-06-05,2026-06-05,Shadowfax,Delivered
ORD005151,2025-07-18,,BlueDart,In Transit/Lost
ORD005152,2025-07-03,2025-07-10,BlueDart,Delivered
ORD005153,2026-03-02,2026-03-02,Delhivery,Delivered
ORD005154,2026-05-17,2026-05-17,BlueDart,Delivered
ORD005155,2026-05-02,2026-05-09,Ekart,Delivered
ORD005156,2025-05-01,2025-05-01,Delhivery,Delivered
ORD005157,2026-09-13,2026-09-14,Shadowfax,Delivered
ORD005158,2025-07-23,2025-07-24,Xpressbees,Delivered
ORD005159,2026-03-12,2026-03-12,Delhivery,Delivered
ORD005160,2026-07-31,2026-07-31,Xpressbees,Delivered
ORD005162,2026-05-15,,Delhivery,In Transit/Lost
ORD005163,2025-10-21,,Xpressbees,In Transit/Lost
ORD005164,2026-03-06,2026-03-06,Shadowfax,Delivered
ORD005165,2025-07-08,2025-07-08,Xpressbees,Delivered
ORD005166,2025-04-14,,Shadowfax,In Transit/Lost
ORD005167,2025-11-25,2025-11-25,Shadowfax,Delivered
ORD005168,2025-03-27,2025-03-27,BlueDart,Delivered
ORD005169,2025-10-03,2025-10-04,Shadowfax,Delivered
ORD005170,2026-09-10,2026-09-12,BlueDart,Delivered
ORD005171,2026-08-10,2026-08-17,Delhivery,Delivered
ORD005172,2026-03-10,2026-03-13,BlueDart,Delivered
ORD005173,2025-11-03,,Xpressbees,In Transit/Lost
ORD005174,2026-06-20,2026-06-21,Delhivery,Delivered
ORD005175,2026-08-30,,BlueDart,In Transit/Lost
ORD005176,2026-07-01,,Shadowfax,In Transit/Lost
ORD005177,2025-05-11,2025-05-11,BlueDart,Delivered
ORD005178,2026-06-22,2026-06-22,Delhivery,Delivered
ORD005179,2026-02-08,2026-02-08,Delhivery,Delivered
ORD005180,2026-01-20,2026-01-23,Ekart,Delivered
ORD005181,2025-05-27,,Xpressbees,In Transit/Lost
ORD005182,2025-06-05,2025-06-05,Ekart,Delivered
ORD005183,2025-12-14,2025-12-14,Xpressbees,Delivered
ORD005184,2026-09-12,2026-09-15,BlueDart,Delivered
ORD005185,2026-04-19,2026-04-19,Shadowfax,Delivered
ORD005186,2025-09-23,2025-09-23,Xpressbees,Delivered
ORD005187,2026-02-23,2026-02-23,Ekart,Delivered
ORD005188,2025-04-10,2025-04-12,Ekart,Delivered
ORD005189,2026-06-20,2026-06-20,Xpressbees,Delivered
ORD005190,2025-09-11,2025-09-11,Xpressbees,Delivered
ORD005191,2025-09-10,2025-09-12,BlueDart,Delivered
ORD005192,2026-06-10,2026-06-10,Delhivery,Delivered
ORD005193,2025-08-28,2025-08-30,Delhivery,Delivered
ORD005195,2025-04-22,2025-04-22,Delhivery,Delivered
ORD005196,2025-09-02,2025-09-02,BlueDart,Delivered
ORD005197,2026-08-28,2026-08-28,Delhivery,Delivered
ORD005198,2025-06-05,2025-06-06,Delhivery,Delivered
ORD005199,2025-08-12,2025-08-12,Delhivery,Delivered
ORD005200,2025-10-16,2025-10-16,Ekart,Delivered
ORD005201,2025-06-15,2025-06-15,Delhivery,Delivered
ORD005202,2025-09-25,,Shadowfax,In Transit/Lost
ORD005203,2025-11-02,2025-11-02,Shadowfax,Delivered
ORD005204,2025-05-03,,Delhivery,In Transit/Lost
ORD005205,2026-01-04,2026-01-04,Ekart,Delivered
ORD005206,2025-05-05,2025-05-07,Ekart,Delivered
ORD005207,2025-09-08,2025-09-15,BlueDart,Delivered
ORD005208,2025-08-31,,Shadowfax,In Transit/Lost
ORD005209,2025-04-06,2025-04-13,BlueDart,Delivered
ORD005210,2026-09-03,2026-09-03,Shadowfax,Delivered
ORD005211,2025-09-17,2025-09-17,Delhivery,Delivered
ORD005212,2026-04-13,2026-04-13,Shadowfax,Delivered
ORD005213,2026-07-07,2026-07-08,BlueDart,Delivered
ORD005215,2026-02-13,,BlueDart,In Transit/Lost
ORD005216,2026-06-26,2026-06-27,Shadowfax,Delivered
ORD005217,2025-10-04,2025-10-04,BlueDart,Delivered
ORD005219,2025-08-14,2025-08-15,Shadowfax,Delivered
ORD005220,2025-09-22,2025-09-22,Ekart,Delivered
ORD005221,2026-07-17,2026-07-17,Ekart,Delivered
ORD005222,2025-07-01,,Shadowfax,In Transit/Lost
ORD005223,2025-07-15,2025-07-15,BlueDart,Delivered
ORD005225,2025-07-29,2025-07-29,Shadowfax,Delivered
ORD005226,2025-08-21,2025-08-22,Ekart,Delivered
ORD005227,2026-06-22,2026-06-25,BlueDart,Delivered
ORD005228,2026-01-17,,Shadowfax,In Transit/Lost
ORD005229,2026-01-11,2026-01-12,BlueDart,Delivered
ORD005230,2026-06-29,2026-07-06,Shadowfax,Delivered
ORD005231,2026-06-04,2026-06-04,Xpressbees,Delivered
ORD005232,2026-01-16,2026-01-16,Shadowfax,Delivered
ORD005233,2026-01-28,2026-01-28,Shadowfax,Delivered
ORD005234,2026-03-31,,Xpressbees,In Transit/Lost
ORD005235,2025-09-02,2025-09-02,Xpressbees,Delivered
ORD005237,2025-08-31,2025-08-31,Delhivery,Delivered
ORD005238,2026-07-20,2026-07-27,Shadowfax,Delivered
ORD005239,2026-05-03,2026-05-05,BlueDart,Delivered
ORD005240,2025-04-14,2025-04-14,Shadowfax,Delivered
ORD005241,2026-08-03,2026-08-05,Delhivery,Delivered
ORD005242,2025-11-06,2025-11-08,Xpressbees,Delivered
ORD005243,2026-03-15,2026-03-15,Delhivery,Delivered
ORD005244,2025-08-15,2025-08-17,Ekart,Delivered
ORD005245,2025-04-22,2025-04-23,Shadowfax,Delivered
ORD005246,2025-05-01,2025-05-01,Xpressbees,Delivered
ORD005247,2026-08-17,2026-08-17,Xpressbees,Delivered
ORD005248,2026-02-03,2026-02-06,BlueDart,Delivered
ORD005249,2025-05-22,2025-05-22,Xpressbees,Delivered
ORD005250,2025-12-06,2025-12-06,Ekart,Delivered
ORD005251,2025-12-01,2025-12-03,Xpressbees,Delivered
ORD005252,2025-10-04,,BlueDart,In Transit/Lost
ORD005253,2026-01-09,2026-01-09,BlueDart,Delivered
ORD005254,2025-08-14,2025-08-14,Delhivery,Delivered
ORD005255,2026-02-05,2026-02-05,Ekart,Delivered
ORD005256,2026-01-23,,BlueDart,In Transit/Lost
ORD005257,2026-05-27,2026-05-27,Ekart,Delivered
ORD005258,2025-05-08,2025-05-11,Shadowfax,Delivered
ORD005259,2025-06-21,2025-06-21,BlueDart,Delivered
ORD005262,2026-07-07,2026-07-07,Xpressbees,Delivered
ORD005263,2026-03-01,2026-03-01,Shadowfax,Delivered
ORD005265,2025-07-19,2025-07-19,BlueDart,Delivered
ORD005266,2026-04-09,2026-04-10,Delhivery,Delivered
ORD005267,2025-06-25,2025-06-25,Delhivery,Delivered
ORD005268,2026-08-21,2026-08-22,Delhivery,Delivered
ORD005270,2025-12-23,2025-12-25,Shadowfax,Delivered
ORD005271,2026-09-11,2026-09-14,BlueDart,Delivered
ORD005272,2025-03-28,2025-03-29,Shadowfax,Delivered
ORD005273,2025-12-31,2025-12-31,Shadowfax,Delivered
ORD005274,2025-08-18,,Xpressbees,In Transit/Lost
ORD005275,2026-05-28,2026-05-28,Shadowfax,Delivered
ORD005277,2025-07-03,2025-07-03,BlueDart,Delivered
ORD005279,2025-04-27,2025-04-30,Ekart,Delivered
ORD005280,2025-07-17,2025-07-18,BlueDart,Delivered
ORD005282,2025-07-05,2025-07-05,Shadowfax,Delivered
ORD005283,2026-01-03,2026-01-04,BlueDart,Delivered
ORD005284,2025-09-25,,Xpressbees,In Transit/Lost
ORD005285,2025-10-27,2025-10-27,Ekart,Delivered
ORD005287,2026-07-30,2026-07-30,BlueDart,Delivered
ORD005288,2025-08-28,2025-08-28,Ekart,Delivered
ORD005289,2025-08-07,2025-08-08,BlueDart,Delivered
ORD005290,2026-07-01,,Xpressbees,In Transit/Lost
ORD005291,2025-05-29,,Shadowfax,In Transit/Lost
ORD005294,2025-12-16,2025-12-16,Delhivery,Delivered
ORD005295,2026-09-03,2026-09-03,Delhivery,Delivered
ORD005296,2025-10-30,2025-10-30,Ekart,Delivered
ORD005299,2025-06-02,2025-06-02,Delhivery,Delivered
ORD005300,2025-07-02,2025-07-02,Ekart,Delivered
ORD005301,2026-03-07,2026-03-07,Xpressbees,Delivered
ORD005302,2025-05-26,2025-05-26,Delhivery,Delivered
ORD005303,2026-03-20,2026-03-20,Xpressbees,Delivered
ORD005304,2025-06-05,2025-06-12,Ekart,Delivered
ORD005305,2025-04-14,2025-04-14,Xpressbees,Delivered
ORD005306,2026-09-13,2026-09-13,Xpressbees,Delivered
ORD005307,2026-04-30,2026-04-30,BlueDart,Delivered
ORD005308,2026-04-23,2026-04-25,Ekart,Delivered
ORD005309,2026-03-28,2026-03-28,Delhivery,Delivered
ORD005310,2025-06-03,2025-06-06,Xpressbees,Delivered
ORD005312,2026-08-23,2026-08-23,BlueDart,Delivered
ORD005313,2026-01-30,2026-02-06,Shadowfax,Delivered
ORD005314,2026-03-13,2026-03-13,Ekart,Delivered
ORD005315,2026-04-14,2026-04-15,Delhivery,Delivered
ORD005316,2026-06-17,2026-06-19,Xpressbees,Delivered
ORD005317,2025-04-01,2025-04-01,Delhivery,Delivered
ORD005318,2025-05-21,2025-05-24,Xpressbees,Delivered
ORD005319,2025-07-13,2025-07-13,Xpressbees,Delivered
ORD005322,2026-05-23,2026-05-23,BlueDart,Delivered
ORD005323,2026-07-07,,Xpressbees,In Transit/Lost
ORD005324,2025-09-16,2025-09-19,Shadowfax,Delivered
ORD005326,2026-03-17,2026-03-20,BlueDart,Delivered
ORD005327,2026-03-25,2026-03-25,BlueDart,Delivered
ORD005328,2025-11-17,2025-11-19,Ekart,Delivered
ORD005329,2025-07-12,2025-07-14,Xpressbees,Delivered
ORD005330,2026-03-03,,BlueDart,In Transit/Lost
ORD005331,2025-07-13,2025-07-13,Delhivery,Delivered
ORD005332,2025-10-02,2025-10-02,Shadowfax,Delivered
ORD005334,2026-06-29,2026-06-29,Shadowfax,Delivered
ORD005335,2026-03-17,2026-03-24,BlueDart,Delivered
ORD005336,2025-12-14,2025-12-14,Delhivery,Delivered
ORD005337,2026-08-18,2026-08-19,Ekart,Delivered
ORD005338,2025-11-17,2025-11-17,Shadowfax,Delivered
ORD005339,2025-08-08,2025-08-08,Delhivery,Delivered
ORD005340,2025-11-13,2025-11-16,Ekart,Delivered
ORD005341,2025-06-16,,Xpressbees,In Transit/Lost
ORD005342,2026-05-21,2026-05-23,Shadowfax,Delivered
ORD005344,2026-05-01,2026-05-02,Ekart,Delivered
ORD005345,2026-01-01,,Shadowfax,In Transit/Lost
ORD005346,2025-07-11,2025-07-11,Shadowfax,Delivered
ORD005348,2025-08-26,,Xpressbees,In Transit/Lost
ORD005349,2025-08-23,2025-08-23,Shadowfax,Delivered
ORD005350,2025-06-29,2025-06-29,Delhivery,Delivered
ORD005351,2026-05-13,2026-05-15,BlueDart,Delivered
ORD005352,2025-12-03,2025-12-03,Xpressbees,Delivered
ORD005353,2026-05-10,,Shadowfax,In Transit/Lost
ORD005354,2025-04-27,2025-04-30,Delhivery,Delivered
ORD005355,2025-11-25,2025-12-02,Shadowfax,Delivered
ORD005356,2025-09-03,2025-09-10,Delhivery,Delivered
ORD005357,2025-07-24,2025-07-24,Xpressbees,Delivered
ORD005359,2026-07-05,2026-07-07,Ekart,Delivered
ORD005360,2026-06-21,2026-06-22,Ekart,Delivered
ORD005361,2026-08-26,2026-08-26,BlueDart,Delivered
ORD005362,2025-08-18,2025-08-25,Ekart,Delivered
ORD005363,2025-12-09,2025-12-11,Delhivery,Delivered
ORD005364,2025-11-14,,Xpressbees,In Transit/Lost
ORD005365,2025-06-03,,Shadowfax,In Transit/Lost
ORD005366,2026-05-21,2026-05-21,Xpressbees,Delivered
ORD005367,2026-03-09,2026-03-12,Delhivery,Delivered
ORD005368,2025-10-19,2025-10-26,Shadowfax,Delivered
ORD005369,2026-09-09,,Ekart,In Transit/Lost
ORD005370,2026-01-17,2026-01-17,Shadowfax,Delivered
ORD005372,2025-06-09,2025-06-09,BlueDart,Delivered
ORD005373,2025-08-17,2025-08-17,Shadowfax,Delivered
ORD005374,2025-10-12,,Ekart,In Transit/Lost
ORD005375,2025-08-10,2025-08-13,BlueDart,Delivered
ORD005376,2025-05-15,,Xpressbees,In Transit/Lost
ORD005377,2026-07-03,,Shadowfax,In Transit/Lost
ORD005378,2025-12-28,2025-12-28,Shadowfax,Delivered
ORD005379,2025-09-08,2025-09-11,Shadowfax,Delivered
ORD005380,2025-10-27,,Ekart,In Transit/Lost
ORD005381,2025-04-26,2025-04-29,Shadowfax,Delivered
ORD005382,2026-08-23,,Xpressbees,In Transit/Lost
ORD005383,2025-05-20,2025-05-21,Xpressbees,Delivered
ORD005384,2026-07-24,2026-07-25,Xpressbees,Delivered
ORD005385,2025-08-07,2025-08-07,Xpressbees,Delivered
ORD005386,2025-08-01,2025-08-01,BlueDart,Delivered
ORD005387,2026-08-23,,Xpressbees,In Transit/Lost
ORD005388,2026-08-08,2026-08-09,Shadowfax,Delivered
ORD005389,2026-06-30,2026-07-02,Shadowfax,Delivered
ORD005390,2026-01-30,2026-01-30,Xpressbees,Delivered
ORD005391,2026-08-06,2026-08-07,Xpressbees,Delivered
ORD005393,2026-02-24,2026-02-24,Xpressbees,Delivered
ORD005394,2026-09-03,2026-09-10,Shadowfax,Delivered
ORD005395,2025-03-27,2025-03-27,Shadowfax,Delivered
ORD005397,2025-09-18,2025-09-20,Delhivery,Delivered
ORD005398,2026-03-30,2026-04-01,BlueDart,Delivered
ORD005399,2026-01-18,2026-01-21,Delhivery,Delivered
ORD005400,2026-01-24,2026-01-24,Xpressbees,Delivered
ORD005401,2025-03-24,2025-03-24,Xpressbees,Delivered
ORD005402,2025-07-08,2025-07-08,Shadowfax,Delivered
ORD005403,2025-05-21,2025-05-21,BlueDart,Delivered
ORD005404,2025-09-07,,BlueDart,In Transit/Lost
ORD005405,2026-05-09,2026-05-10,BlueDart,Delivered
ORD005406,2025-08-07,2025-08-07,Delhivery,Delivered
ORD005407,2026-06-01,2026-06-04,Xpressbees,Delivered
ORD005408,2026-02-05,2026-02-05,Ekart,Delivered
ORD005409,2026-02-28,2026-03-01,Xpressbees,Delivered
ORD005410,2026-03-19,2026-03-19,Shadowfax,Delivered
ORD005411,2026-08-24,2026-08-31,Ekart,Delivered
ORD005412,2026-01-24,,Xpressbees,In Transit/Lost
ORD005413,2025-10-03,2025-10-03,Delhivery,Delivered
ORD005414,2025-10-16,2025-10-16,Xpressbees,Delivered
ORD005415,2026-02-25,2026-02-28,BlueDart,Delivered
ORD005416,2026-07-16,2026-07-16,Xpressbees,Delivered
ORD005417,2025-09-17,2025-09-17,Shadowfax,Delivered
ORD005419,2025-10-02,,Delhivery,In Transit/Lost
ORD005420,2026-05-06,,Ekart,In Transit/Lost
ORD005421,2026-01-07,2026-01-08,Delhivery,Delivered
ORD005422,2025-12-16,2025-12-16,Delhivery,Delivered
ORD005423,2025-11-10,2025-11-10,BlueDart,Delivered
ORD005425,2026-03-30,,Shadowfax,In Transit/Lost
ORD005426,2025-05-20,2025-05-23,Xpressbees,Delivered
ORD005427,2026-07-19,2026-07-19,Xpressbees,Delivered
ORD005428,2025-07-28,2025-07-29,Shadowfax,Delivered
ORD005429,2026-07-03,2026-07-05,BlueDart,Delivered
ORD005430,2025-07-11,2025-07-11,Delhivery,Delivered
ORD005431,2025-11-01,2025-11-01,Ekart,Delivered
ORD005432,2026-09-12,2026-09-19,Ekart,Delivered
ORD005433,2025-05-01,2025-05-03,Delhivery,Delivered
ORD005434,2026-03-28,2026-03-29,Delhivery,Delivered
ORD005435,2026-09-02,2026-09-02,BlueDart,Delivered
ORD005436,2025-11-17,2025-11-19,Delhivery,Delivered
ORD005437,2025-06-07,2025-06-10,BlueDart,Delivered
ORD005438,2026-04-25,2026-04-25,Ekart,Delivered
ORD005439,2025-07-18,,BlueDart,In Transit/Lost
ORD005440,2025-05-16,2025-05-16,Ekart,Delivered
ORD005441,2025-08-08,2025-08-09,Shadowfax,Delivered
ORD005442,2026-08-01,2026-08-01,Delhivery,Delivered
ORD005443,2025-11-01,,BlueDart,In Transit/Lost
ORD005444,2026-09-11,2026-09-11,Xpressbees,Delivered
ORD005446,2026-07-18,2026-07-18,Delhivery,Delivered
ORD005447,2026-07-21,2026-07-21,BlueDart,Delivered
ORD005448,2025-05-13,2025-05-14,Shadowfax,Delivered
ORD005449,2026-08-06,2026-08-08,BlueDart,Delivered
ORD005451,2025-05-13,2025-05-15,Shadowfax,Delivered
ORD005453,2026-02-09,2026-02-16,Xpressbees,Delivered
ORD005454,2026-05-03,,Ekart,In Transit/Lost
ORD005455,2026-08-11,2026-08-13,Shadowfax,Delivered
ORD005456,2025-08-01,2025-08-08,Delhivery,Delivered
ORD005458,2025-08-21,2025-08-21,Xpressbees,Delivered
ORD005459,2025-06-24,2025-06-27,Delhivery,Delivered
ORD005460,2026-05-06,2026-05-06,Delhivery,Delivered
ORD005462,2026-08-05,2026-08-12,Delhivery,Delivered
ORD005463,2025-12-14,2025-12-14,Delhivery,Delivered
ORD005464,2026-09-12,2026-09-15,Xpressbees,Delivered
ORD005465,2026-05-29,2026-06-05,Delhivery,Delivered
ORD005466,2026-07-16,,Delhivery,In Transit/Lost
ORD005467,2025-05-17,2025-05-24,Delhivery,Delivered
ORD005468,2025-12-19,2025-12-19,Ekart,Delivered
ORD005469,2025-07-25,2025-07-25,BlueDart,Delivered
ORD005470,2026-01-29,,Delhivery,In Transit/Lost
ORD005471,2025-03-26,,Delhivery,In Transit/Lost
ORD005473,2026-08-11,2026-08-12,BlueDart,Delivered
ORD005474,2026-05-04,2026-05-04,Xpressbees,Delivered
ORD005475,2026-01-19,2026-01-21,Shadowfax,Delivered
ORD005476,2025-06-20,2025-06-22,Ekart,Delivered
ORD005478,2026-09-05,2026-09-06,BlueDart,Delivered
ORD005479,2026-01-26,2026-01-28,Xpressbees,Delivered
ORD005481,2025-07-05,2025-07-05,Delhivery,Delivered
ORD005482,2026-06-12,2026-06-12,Shadowfax,Delivered
ORD005483,2025-07-27,2025-07-28,Xpressbees,Delivered
ORD005484,2025-04-16,,BlueDart,In Transit/Lost
ORD005485,2025-06-29,2025-06-29,Ekart,Delivered
ORD005486,2026-06-15,2026-06-18,Ekart,Delivered
ORD005487,2025-07-08,,Ekart,In Transit/Lost
ORD005488,2025-09-01,2025-09-01,Ekart,Delivered
ORD005489,2025-04-27,2025-04-28,Delhivery,Delivered
ORD005490,2025-11-23,2025-11-25,Xpressbees,Delivered
ORD005491,2026-02-21,2026-02-22,Xpressbees,Delivered
ORD005492,2025-04-09,,Delhivery,In Transit/Lost
ORD005493,2026-04-21,2026-04-21,BlueDart,Delivered
ORD005494,2026-04-20,2026-04-20,Delhivery,Delivered
ORD005495,2025-10-09,2025-10-09,Xpressbees,Delivered
ORD005496,2026-05-06,2026-05-08,BlueDart,Delivered
ORD005498,2026-06-18,2026-06-18,Xpressbees,Delivered
ORD005499,2025-11-12,2025-11-12,Delhivery,Delivered
ORD005500,2026-03-30,2026-04-02,Shadowfax,Delivered
ORD005501,2026-06-16,2026-06-16,Delhivery,Delivered
ORD005503,2025-10-14,2025-10-14,Ekart,Delivered
ORD005504,2025-06-23,2025-06-25,BlueDart,Delivered
ORD005505,2025-04-10,2025-04-11,Shadowfax,Delivered
ORD005506,2025-06-26,2025-06-26,BlueDart,Delivered
ORD005507,2026-06-21,2026-06-21,Shadowfax,Delivered
ORD005509,2025-05-10,2025-05-12,Xpressbees,Delivered
ORD005510,2025-06-16,,Delhivery,In Transit/Lost
ORD005511,2025-05-03,2025-05-03,Xpressbees,Delivered
ORD005512,2025-11-05,2025-11-05,Shadowfax,Delivered
ORD005513,2025-11-12,,Xpressbees,In Transit/Lost
ORD005514,2026-04-07,2026-04-07,Xpressbees,Delivered
ORD005515,2025-06-20,2025-06-21,Ekart,Delivered
ORD005516,2026-04-13,2026-04-13,Shadowfax,Delivered
ORD005517,2026-04-12,2026-04-12,Ekart,Delivered
ORD005518,2026-07-13,,Xpressbees,In Transit/Lost
ORD005519,2026-01-05,2026-01-05,Ekart,Delivered
ORD005522,2026-08-24,2026-08-26,Ekart,Delivered
ORD005523,2026-02-03,2026-02-04,Ekart,Delivered
ORD005524,2025-09-17,2025-09-17,Shadowfax,Delivered
ORD005525,2025-11-24,,Delhivery,In Transit/Lost
ORD005526,2026-06-14,2026-06-15,Delhivery,Delivered
ORD005528,2026-03-14,2026-03-17,Ekart,Delivered
ORD005529,2025-07-19,2025-07-19,Shadowfax,Delivered
ORD005531,2025-06-26,2025-06-26,Delhivery,Delivered
ORD005532,2026-06-20,2026-06-21,Ekart,Delivered
ORD005533,2025-11-20,2025-11-20,Xpressbees,Delivered
ORD005534,2025-09-11,2025-09-11,Shadowfax,Delivered
ORD005535,2026-02-13,2026-02-15,Shadowfax,Delivered
ORD005536,2026-08-06,2026-08-06,Xpressbees,Delivered
ORD005537,2026-05-28,2026-05-30,Delhivery,Delivered
ORD005538,2026-06-17,2026-06-19,Shadowfax,Delivered
ORD005539,2025-07-09,,Xpressbees,In Transit/Lost
ORD005540,2025-08-30,2025-08-30,Delhivery,Delivered
ORD005541,2026-05-16,2026-05-17,Ekart,Delivered
ORD005542,2025-11-29,2025-12-01,Delhivery,Delivered
ORD005543,2025-05-13,2025-05-16,Shadowfax,Delivered
ORD005544,2026-02-02,2026-02-02,BlueDart,Delivered
ORD005545,2026-05-28,2026-05-30,Xpressbees,Delivered
ORD005546,2025-05-30,,Delhivery,In Transit/Lost
ORD005547,2025-04-21,2025-04-21,Shadowfax,Delivered
ORD005548,2026-04-26,2026-04-26,Ekart,Delivered
ORD005549,2026-01-08,,Delhivery,In Transit/Lost
ORD005550,2026-06-29,2026-06-29,Ekart,Delivered
ORD005551,2026-01-22,2026-01-25,Delhivery,Delivered
ORD005552,2025-10-25,2025-10-25,Shadowfax,Delivered
ORD005553,2026-03-09,2026-03-09,BlueDart,Delivered
ORD005554,2026-04-13,,Ekart,In Transit/Lost
ORD005555,2026-06-07,2026-06-07,Xpressbees,Delivered
ORD005556,2025-04-22,2025-04-25,BlueDart,Delivered
ORD005557,2025-06-29,2025-06-29,Ekart,Delivered
ORD005558,2026-07-10,2026-07-10,Shadowfax,Delivered
ORD005559,2026-05-29,2026-05-30,Xpressbees,Delivered
ORD005560,2025-08-02,2025-08-04,Ekart,Delivered
ORD005561,2025-04-20,,Delhivery,In Transit/Lost
ORD005564,2025-05-04,2025-05-04,Xpressbees,Delivered
ORD005565,2026-01-11,2026-01-11,Ekart,Delivered
ORD005566,2025-05-09,2025-05-11,BlueDart,Delivered
ORD005567,2026-01-02,2026-01-02,Ekart,Delivered
ORD005568,2025-05-15,2025-05-15,Ekart,Delivered
ORD005569,2025-08-13,,Ekart,In Transit/Lost
ORD005570,2026-01-13,2026-01-13,Shadowfax,Delivered
ORD005571,2026-06-15,2026-06-15,Shadowfax,Delivered
ORD005572,2025-04-16,2025-04-16,Shadowfax,Delivered
ORD005573,2025-12-12,2025-12-12,Shadowfax,Delivered
ORD005574,2026-06-21,2026-06-21,Shadowfax,Delivered
ORD005575,2025-06-07,,Delhivery,In Transit/Lost
ORD005576,2026-05-23,,Ekart,In Transit/Lost
ORD005577,2026-04-07,2026-04-10,BlueDart,Delivered
ORD005578,2025-05-13,2025-05-14,Delhivery,Delivered
ORD005579,2025-06-10,2025-06-10,Shadowfax,Delivered
ORD005580,2025-11-16,2025-11-19,Xpressbees,Delivered
ORD005582,2026-03-02,2026-03-09,Shadowfax,Delivered
ORD005583,2025-05-07,2025-05-14,Ekart,Delivered
ORD005584,2026-05-07,2026-05-07,Ekart,Delivered
ORD005586,2026-03-28,2026-03-31,Delhivery,Delivered
ORD005587,2026-09-11,2026-09-13,Shadowfax,Delivered
ORD005588,2025-09-23,2025-09-24,Delhivery,Delivered
ORD005589,2025-04-12,2025-04-12,Shadowfax,Delivered
ORD005590,2025-03-31,,BlueDart,In Transit/Lost
ORD005592,2026-03-18,2026-03-18,Delhivery,Delivered
ORD005593,2025-04-06,2025-04-06,Delhivery,Delivered
ORD005594,2026-06-06,2026-06-07,Delhivery,Delivered
ORD005596,2025-09-13,2025-09-16,Shadowfax,Delivered
ORD005598,2026-06-02,2026-06-02,Ekart,Delivered
ORD005599,2026-02-02,2026-02-02,Shadowfax,Delivered
ORD005600,2025-05-06,2025-05-06,Delhivery,Delivered
ORD005601,2025-07-05,,Shadowfax,In Transit/Lost
ORD005602,2026-08-22,2026-08-23,Xpressbees,Delivered
ORD005603,2025-05-16,,Delhivery,In Transit/Lost
ORD005604,2026-05-22,2026-05-22,Xpressbees,Delivered
ORD005605,2026-01-11,2026-01-18,Ekart,Delivered
ORD005606,2025-10-10,2025-10-10,Ekart,Delivered
ORD005607,2026-05-24,2026-05-24,Ekart,Delivered
ORD005609,2026-02-15,,Xpressbees,In Transit/Lost
ORD005610,2026-04-16,,Delhivery,In Transit/Lost
ORD005611,2026-09-08,2026-09-10,Delhivery,Delivered
ORD005612,2025-09-10,2025-09-11,BlueDart,Delivered
ORD005613,2026-03-21,2026-03-21,Ekart,Delivered
ORD005615,2025-12-21,2025-12-23,Delhivery,Delivered
ORD005616,2025-08-27,2025-08-28,Delhivery,Delivered
ORD005618,2025-06-19,2025-06-19,Delhivery,Delivered
ORD005619,2026-01-12,2026-01-13,Xpressbees,Delivered
ORD005620,2025-06-10,2025-06-10,Ekart,Delivered
ORD005621,2026-03-18,2026-03-18,Xpressbees,Delivered
ORD005623,2025-08-26,2025-08-26,Ekart,Delivered
ORD005624,2025-12-30,2025-12-31,Xpressbees,Delivered
ORD005625,2026-05-13,2026-05-13,BlueDart,Delivered
ORD005626,2025-06-14,2025-06-14,BlueDart,Delivered
ORD005628,2025-08-27,2025-08-27,Ekart,Delivered
ORD005629,2026-02-24,2026-02-26,Delhivery,Delivered
ORD005630,2025-04-14,2025-04-15,Shadowfax,Delivered
ORD005631,2025-10-13,,Delhivery,In Transit/Lost
ORD005632,2025-04-14,2025-04-14,Ekart,Delivered
ORD005633,2025-11-12,2025-11-12,Shadowfax,Delivered
ORD005635,2026-02-11,,Delhivery,In Transit/Lost
ORD005636,2025-03-24,2025-03-24,Shadowfax,Delivered
ORD005637,2025-08-14,2025-08-14,Ekart,Delivered
ORD005638,2025-08-05,2025-08-06,Ekart,Delivered
ORD005639,2025-09-27,2025-09-30,Shadowfax,Delivered
ORD005640,2025-09-26,2025-10-03,Xpressbees,Delivered
ORD005641,2025-10-04,2025-10-04,Delhivery,Delivered
ORD005643,2026-01-03,2026-01-05,BlueDart,Delivered
ORD005644,2025-10-27,2025-10-30,Delhivery,Delivered
ORD005645,2026-01-23,2026-01-23,Shadowfax,Delivered
ORD005646,2025-07-30,2025-07-30,Delhivery,Delivered
ORD005647,2025-06-14,2025-06-14,Shadowfax,Delivered
ORD005648,2025-08-17,2025-08-17,Delhivery,Delivered
ORD005649,2025-07-25,,Delhivery,In Transit/Lost
ORD005650,2025-09-14,2025-09-14,Xpressbees,Delivered
ORD005651,2026-03-16,2026-03-16,BlueDart,Delivered
ORD005654,2026-05-23,2026-05-23,Xpressbees,Delivered
ORD005655,2025-10-12,2025-10-12,BlueDart,Delivered
ORD005656,2025-04-17,2025-04-19,Xpressbees,Delivered
ORD005658,2026-02-25,2026-02-26,Shadowfax,Delivered
ORD005659,2025-04-22,,Ekart,In Transit/Lost
ORD005660,2025-07-14,2025-07-14,BlueDart,Delivered
ORD005661,2025-11-01,2025-11-01,Shadowfax,Delivered
ORD005662,2026-06-30,2026-06-30,Ekart,Delivered
ORD005664,2026-02-20,2026-02-20,BlueDart,Delivered
ORD005665,2026-05-24,2026-05-24,Delhivery,Delivered
ORD005666,2025-04-03,2025-04-04,Delhivery,Delivered
ORD005667,2026-02-26,2026-03-01,Ekart,Delivered
ORD005668,2026-03-03,2026-03-05,Delhivery,Delivered
ORD005669,2026-08-14,2026-08-15,Xpressbees,Delivered
ORD005670,2026-08-06,2026-08-07,Delhivery,Delivered
ORD005671,2025-06-30,2025-06-30,Delhivery,Delivered
ORD005672,2025-04-26,2025-04-29,Ekart,Delivered
ORD005673,2025-08-16,2025-08-16,Ekart,Delivered
ORD005674,2025-04-18,2025-04-25,Ekart,Delivered
ORD005675,2025-05-29,2025-05-29,Ekart,Delivered
ORD005676,2025-10-23,2025-10-23,Delhivery,Delivered
ORD005677,2026-06-18,2026-06-25,BlueDart,Delivered
ORD005678,2025-05-31,2025-05-31,Shadowfax,Delivered
ORD005679,2026-01-18,,BlueDart,In Transit/Lost
ORD005680,2026-01-05,2026-01-05,Xpressbees,Delivered
ORD005682,2026-02-23,2026-02-23,Shadowfax,Delivered
ORD005684,2026-06-30,2026-06-30,Xpressbees,Delivered
ORD005685,2025-06-27,2025-06-27,Delhivery,Delivered
ORD005686,2026-08-18,2026-08-21,Ekart,Delivered
ORD005687,2025-12-19,2025-12-19,Delhivery,Delivered
ORD005688,2026-08-09,2026-08-09,BlueDart,Delivered
ORD005689,2025-12-28,2025-12-29,Shadowfax,Delivered
ORD005690,2025-10-16,2025-10-16,BlueDart,Delivered
ORD005691,2026-05-11,2026-05-12,Delhivery,Delivered
ORD005692,2026-01-04,2026-01-06,BlueDart,Delivered
ORD005693,2025-04-26,2025-04-26,Ekart,Delivered
ORD005694,2025-08-15,2025-08-15,BlueDart,Delivered
ORD005695,2025-06-15,,BlueDart,In Transit/Lost
ORD005696,2025-04-27,2025-04-28,Delhivery,Delivered
ORD005697,2026-04-03,,Delhivery,In Transit/Lost
ORD005698,2026-02-21,2026-02-21,Shadowfax,Delivered
ORD005699,2025-08-29,,Xpressbees,In Transit/Lost
ORD005700,2025-06-23,2025-06-26,Shadowfax,Delivered
ORD005701,2026-01-28,2026-01-31,Xpressbees,Delivered
ORD005702,2026-03-22,2026-03-29,Shadowfax,Delivered
ORD005703,2026-04-23,2026-04-30,Delhivery,Delivered
ORD005705,2025-06-19,2025-06-19,BlueDart,Delivered
ORD005706,2025-08-02,2025-08-05,BlueDart,Delivered
ORD005708,2026-04-17,2026-04-17,Delhivery,Delivered
ORD005709,2025-10-07,2025-10-10,Ekart,Delivered
ORD005710,2026-04-20,2026-04-20,Ekart,Delivered
ORD005711,2026-01-05,2026-01-12,Shadowfax,Delivered
ORD005713,2025-09-08,2025-09-08,Ekart,Delivered
ORD005714,2026-05-18,2026-05-19,Xpressbees,Delivered
ORD005716,2026-07-08,2026-07-15,Delhivery,Delivered
ORD005717,2026-06-09,2026-06-11,BlueDart,Delivered
ORD005718,2025-08-29,2025-08-29,BlueDart,Delivered
ORD005720,2025-10-19,2025-10-19,BlueDart,Delivered
ORD005721,2025-09-30,2025-09-30,Shadowfax,Delivered
ORD005723,2026-05-07,2026-05-07,Xpressbees,Delivered
ORD005724,2026-07-03,2026-07-06,Shadowfax,Delivered
ORD005726,2025-10-28,2025-10-28,Ekart,Delivered
ORD005727,2025-07-24,2025-07-24,Delhivery,Delivered
ORD005728,2026-03-25,,Delhivery,In Transit/Lost
ORD005730,2026-03-28,2026-03-28,BlueDart,Delivered
ORD005731,2025-08-30,2025-08-30,Xpressbees,Delivered
ORD005732,2026-08-22,2026-08-25,Delhivery,Delivered
ORD005733,2026-07-28,2026-07-28,BlueDart,Delivered
ORD005735,2025-05-10,2025-05-13,BlueDart,Delivered
ORD005737,2025-11-02,2025-11-03,Shadowfax,Delivered
ORD005738,2025-08-23,2025-08-30,Ekart,Delivered
ORD005739,2025-08-27,2025-08-27,Delhivery,Delivered
ORD005740,2026-01-30,2026-01-30,Delhivery,Delivered
ORD005741,2026-06-05,2026-06-05,BlueDart,Delivered
ORD005742,2025-12-22,2025-12-22,BlueDart,Delivered
ORD005743,2026-08-03,2026-08-03,Ekart,Delivered
ORD005744,2026-05-13,2026-05-14,Delhivery,Delivered
ORD005745,2026-04-21,2026-04-21,Delhivery,Delivered
ORD005747,2026-01-18,2026-01-18,Delhivery,Delivered
ORD005748,2025-12-21,,BlueDart,In Transit/Lost
ORD005749,2025-06-29,2025-06-30,Xpressbees,Delivered
ORD005750,2026-09-07,2026-09-07,BlueDart,Delivered
ORD005751,2025-09-20,2025-09-20,Xpressbees,Delivered
ORD005753,2025-11-30,2025-12-07,BlueDart,Delivered
ORD005754,2026-06-15,2026-06-22,Delhivery,Delivered
ORD005755,2025-04-27,2025-05-04,Shadowfax,Delivered
ORD005756,2026-03-29,2026-03-29,Xpressbees,Delivered
ORD005757,2025-04-12,2025-04-13,Ekart,Delivered
ORD005758,2026-03-28,2026-03-29,BlueDart,Delivered
ORD005760,2026-06-27,2026-06-27,Delhivery,Delivered
ORD005761,2025-07-31,,Ekart,In Transit/Lost
ORD005762,2026-07-30,2026-07-31,BlueDart,Delivered
ORD005763,2025-07-14,2025-07-17,Shadowfax,Delivered
ORD005764,2026-05-13,,Shadowfax,In Transit/Lost
ORD005765,2025-10-01,2025-10-03,Shadowfax,Delivered
ORD005766,2026-06-15,2026-06-17,Ekart,Delivered
ORD005767,2025-08-12,2025-08-13,Ekart,Delivered
ORD005768,2025-09-11,2025-09-18,BlueDart,Delivered
ORD005769,2026-04-11,2026-04-11,Shadowfax,Delivered
ORD005770,2025-10-25,2025-10-28,BlueDart,Delivered
ORD005771,2025-07-20,2025-07-20,Ekart,Delivered
ORD005773,2025-05-18,2025-05-21,Shadowfax,Delivered
ORD005774,2025-05-13,2025-05-13,Ekart,Delivered
ORD005775,2026-02-09,2026-02-09,Shadowfax,Delivered
ORD005776,2026-01-04,2026-01-04,Shadowfax,Delivered
ORD005777,2026-04-17,2026-04-17,Ekart,Delivered
ORD005778,2026-05-22,2026-05-22,Ekart,Delivered
ORD005779,2026-01-11,2026-01-11,Shadowfax,Delivered
ORD005780,2026-02-15,2026-02-15,Delhivery,Delivered
ORD005781,2025-07-11,2025-07-11,Delhivery,Delivered
ORD005782,2026-02-06,2026-02-13,BlueDart,Delivered
ORD005783,2026-02-28,2026-02-28,BlueDart,Delivered
ORD005784,2025-07-07,2025-07-07,Ekart,Delivered
ORD005785,2025-07-19,2025-07-26,Xpressbees,Delivered
ORD005786,2025-10-29,2025-10-31,Ekart,Delivered
ORD005787,2025-09-13,2025-09-20,BlueDart,Delivered
ORD005788,2025-07-23,2025-07-23,Ekart,Delivered
ORD005789,2026-07-15,2026-07-15,Delhivery,Delivered
ORD005790,2026-06-29,2026-07-01,Xpressbees,Delivered
ORD005792,2026-08-23,2026-08-23,Delhivery,Delivered
ORD005793,2026-08-03,2026-08-03,Ekart,Delivered
ORD005794,2026-02-17,2026-02-17,Delhivery,Delivered
ORD005795,2025-12-20,2025-12-20,Xpressbees,Delivered
ORD005796,2026-05-07,2026-05-10,BlueDart,Delivered
ORD005797,2025-09-17,,Shadowfax,In Transit/Lost
ORD005798,2025-10-22,2025-10-24,Xpressbees,Delivered
ORD005799,2025-11-29,,Delhivery,In Transit/Lost
ORD005800,2025-12-18,2025-12-20,Delhivery,Delivered
ORD005801,2025-10-28,2025-10-28,Shadowfax,Delivered
ORD005802,2026-01-15,2026-01-16,BlueDart,Delivered
ORD005803,2026-07-02,,Shadowfax,In Transit/Lost
ORD005804,2026-07-20,2026-07-21,Shadowfax,Delivered
ORD005805,2025-03-28,2025-03-31,Shadowfax,Delivered
ORD005806,2025-07-03,2025-07-03,Delhivery,Delivered
ORD005807,2026-06-09,2026-06-09,Xpressbees,Delivered
ORD005808,2026-09-12,2026-09-19,Shadowfax,Delivered
ORD005809,2025-04-10,2025-04-10,Xpressbees,Delivered
ORD005810,2025-05-21,,Delhivery,In Transit/Lost
ORD005811,2026-05-20,2026-05-23,Ekart,Delivered
ORD005812,2025-05-25,2025-05-25,Shadowfax,Delivered
ORD005813,2025-06-03,2025-06-03,Shadowfax,Delivered
ORD005814,2026-02-10,2026-02-10,BlueDart,Delivered
ORD005815,2026-08-04,2026-08-04,Ekart,Delivered
ORD005816,2025-08-02,2025-08-03,Shadowfax,Delivered
ORD005817,2025-10-14,2025-10-16,Ekart,Delivered
ORD005818,2025-12-05,2025-12-12,Ekart,Delivered
ORD005819,2026-04-06,2026-04-06,Shadowfax,Delivered
ORD005820,2025-08-14,2025-08-14,Delhivery,Delivered
ORD005821,2025-08-23,2025-08-23,Xpressbees,Delivered
ORD005822,2026-09-05,2026-09-05,Delhivery,Delivered
ORD005823,2025-05-28,2025-05-28,Xpressbees,Delivered
ORD005824,2026-04-21,2026-04-21,Delhivery,Delivered
ORD005825,2025-11-05,2025-11-06,BlueDart,Delivered
ORD005826,2025-03-25,2025-03-25,BlueDart,Delivered
ORD005827,2026-02-23,2026-03-02,Shadowfax,Delivered
ORD005828,2025-07-17,2025-07-18,Xpressbees,Delivered
ORD005829,2025-10-09,,Shadowfax,In Transit/Lost
ORD005830,2026-05-26,2026-05-26,Xpressbees,Delivered
ORD005831,2025-06-05,2025-06-05,BlueDart,Delivered
ORD005832,2025-04-25,,BlueDart,In Transit/Lost
ORD005833,2025-09-08,2025-09-08,Shadowfax,Delivered
ORD005834,2025-05-01,2025-05-01,Ekart,Delivered
ORD005835,2025-05-31,2025-05-31,Ekart,Delivered
ORD005836,2026-01-01,,BlueDart,In Transit/Lost
ORD005837,2026-05-16,2026-05-16,BlueDart,Delivered
ORD005838,2025-08-25,,Ekart,In Transit/Lost
ORD005839,2026-01-09,2026-01-09,Delhivery,Delivered
ORD005840,2025-07-24,2025-07-24,BlueDart,Delivered
ORD005841,2025-10-26,2025-10-28,Delhivery,Delivered
ORD005843,2026-06-21,2026-06-21,Ekart,Delivered
ORD005844,2026-02-02,2026-02-02,BlueDart,Delivered
ORD005845,2026-05-05,2026-05-05,BlueDart,Delivered
ORD005846,2025-10-31,2025-11-02,Delhivery,Delivered
ORD005847,2025-06-24,2025-06-24,BlueDart,Delivered
ORD005848,2026-04-19,,Delhivery,In Transit/Lost
ORD005849,2026-08-15,2026-08-22,Xpressbees,Delivered
ORD005850,2026-02-14,2026-02-15,Shadowfax,Delivered
ORD005851,2025-12-21,,Xpressbees,In Transit/Lost
ORD005852,2025-05-02,2025-05-02,Delhivery,Delivered
ORD005853,2025-11-21,,BlueDart,In Transit/Lost
ORD005854,2025-09-20,2025-09-20,Shadowfax,Delivered
ORD005855,2025-11-04,2025-11-11,Shadowfax,Delivered
ORD005856,2025-05-14,2025-05-14,Xpressbees,Delivered
ORD005857,2026-08-12,2026-08-12,BlueDart,Delivered
ORD005858,2026-04-04,,Ekart,In Transit/Lost
ORD005860,2025-08-29,,BlueDart,In Transit/Lost
ORD005861,2025-12-29,2025-12-31,BlueDart,Delivered
ORD005862,2025-10-31,,Delhivery,In Transit/Lost
ORD005863,2026-04-30,,Ekart,In Transit/Lost
ORD005864,2026-06-15,2026-06-15,Shadowfax,Delivered
ORD005865,2026-02-27,,Delhivery,In Transit/Lost
ORD005866,2026-05-17,2026-05-17,Delhivery,Delivered
ORD005867,2025-09-24,2025-09-24,Shadowfax,Delivered
ORD005868,2025-12-14,,Ekart,In Transit/Lost
ORD005869,2025-10-24,,Shadowfax,In Transit/Lost
ORD005870,2025-11-14,2025-11-21,Shadowfax,Delivered
ORD005871,2026-05-26,,Delhivery,In Transit/Lost
ORD005872,2025-04-20,2025-04-20,Ekart,Delivered
ORD005873,2026-04-04,2026-04-05,BlueDart,Delivered
ORD005874,2025-05-25,2025-05-25,Xpressbees,Delivered
ORD005875,2025-06-02,2025-06-02,Ekart,Delivered
ORD005876,2026-05-21,2026-05-21,Xpressbees,Delivered
ORD005877,2025-04-03,2025-04-03,Shadowfax,Delivered
ORD005878,2025-04-16,,Xpressbees,In Transit/Lost
ORD005879,2025-07-08,,Ekart,In Transit/Lost
ORD005880,2026-09-10,2026-09-10,Delhivery,Delivered
ORD005881,2025-12-28,2025-12-28,Delhivery,Delivered
ORD005882,2025-07-10,2025-07-10,Xpressbees,Delivered
ORD005883,2025-10-22,2025-10-22,Shadowfax,Delivered
ORD005884,2026-07-16,,BlueDart,In Transit/Lost
ORD005885,2025-05-12,2025-05-14,Shadowfax,Delivered
ORD005886,2026-07-08,2026-07-08,BlueDart,Delivered
ORD005887,2025-04-06,2025-04-06,Ekart,Delivered
ORD005888,2025-06-14,,BlueDart,In Transit/Lost
ORD005889,2025-11-26,2025-11-26,Ekart,Delivered
ORD005890,2025-09-14,2025-09-14,Xpressbees,Delivered
ORD005891,2026-05-02,,Xpressbees,In Transit/Lost
ORD005892,2025-05-15,2025-05-17,Ekart,Delivered
ORD005893,2025-06-28,2025-07-01,Xpressbees,Delivered
ORD005894,2025-07-20,,Shadowfax,In Transit/Lost
ORD005895,2026-07-23,,Ekart,In Transit/Lost
ORD005896,2025-10-03,2025-10-03,Xpressbees,Delivered
ORD005897,2026-06-09,2026-06-16,Xpressbees,Delivered
ORD005898,2025-12-22,2025-12-23,Xpressbees,Delivered
ORD005899,2025-07-03,2025-07-03,Delhivery,Delivered
ORD005900,2026-01-27,2026-01-27,Ekart,Delivered
ORD005901,2025-12-10,2025-12-10,Delhivery,Delivered
ORD005902,2026-06-24,2026-07-01,Ekart,Delivered
ORD005903,2025-11-08,2025-11-11,Delhivery,Delivered
ORD005904,2026-01-21,2026-01-21,Shadowfax,Delivered
ORD005905,2026-07-25,2026-07-25,BlueDart,Delivered
ORD005906,2026-02-23,2026-02-23,Xpressbees,Delivered
ORD005907,2026-09-07,2026-09-08,BlueDart,Delivered
ORD005908,2026-06-15,2026-06-15,Delhivery,Delivered
ORD005909,2025-08-29,2025-08-31,Delhivery,Delivered
ORD005910,2026-08-27,,Shadowfax,In Transit/Lost
ORD005911,2025-05-26,2025-05-29,Ekart,Delivered
ORD005912,2025-09-04,2025-09-05,Ekart,Delivered
ORD005914,2026-05-28,,BlueDart,In Transit/Lost
ORD005915,2026-09-08,2026-09-08,Delhivery,Delivered
ORD005916,2026-05-19,2026-05-21,BlueDart,Delivered
ORD005917,2025-09-25,,Ekart,In Transit/Lost
ORD005918,2025-08-01,2025-08-02,Ekart,Delivered
ORD005919,2026-07-04,2026-07-04,Xpressbees,Delivered
ORD005920,2026-07-31,2026-07-31,Xpressbees,Delivered
ORD005921,2026-04-26,2026-05-03,BlueDart,Delivered
ORD005922,2026-01-04,2026-01-06,Shadowfax,Delivered
ORD005923,2025-10-31,2025-11-03,Ekart,Delivered
ORD005924,2025-07-16,2025-07-16,Ekart,Delivered
ORD005925,2026-03-08,2026-03-08,Ekart,Delivered
ORD005926,2026-02-19,2026-02-20,Ekart,Delivered
ORD005928,2025-05-20,2025-05-20,Shadowfax,Delivered
ORD005929,2025-10-10,2025-10-10,Delhivery,Delivered
ORD005930,2026-04-02,2026-04-05,Shadowfax,Delivered
ORD005931,2025-04-02,2025-04-02,Ekart,Delivered
ORD005932,2026-06-13,2026-06-14,Delhivery,Delivered
ORD005933,2025-12-22,2025-12-22,Shadowfax,Delivered
ORD005934,2026-09-13,2026-09-14,Ekart,Delivered
ORD005935,2026-02-02,2026-02-09,Ekart,Delivered
ORD005936,2025-04-27,2025-04-27,Ekart,Delivered
ORD005937,2025-08-26,2025-09-02,Delhivery,Delivered
ORD005938,2026-01-28,2026-02-04,Ekart,Delivered
ORD005940,2026-04-12,2026-04-12,Ekart,Delivered
ORD005941,2025-11-22,2025-11-22,Ekart,Delivered
ORD005942,2025-08-08,2025-08-15,Delhivery,Delivered
ORD005943,2026-06-03,2026-06-04,BlueDart,Delivered
ORD005944,2025-10-26,2025-10-26,Delhivery,Delivered
ORD005945,2026-02-10,2026-02-10,Shadowfax,Delivered
ORD005946,2026-01-28,2026-01-29,Ekart,Delivered
ORD005947,2026-08-13,2026-08-14,Xpressbees,Delivered
ORD005948,2025-11-08,,BlueDart,In Transit/Lost
ORD005949,2026-02-26,2026-02-28,Delhivery,Delivered
ORD005950,2026-06-02,2026-06-03,BlueDart,Delivered
ORD005951,2026-07-06,2026-07-06,BlueDart,Delivered
ORD005952,2026-03-14,2026-03-14,Delhivery,Delivered
ORD005953,2026-06-16,2026-06-16,Shadowfax,Delivered
ORD005954,2026-03-04,2026-03-04,Delhivery,Delivered
ORD005955,2026-05-10,2026-05-10,Shadowfax,Delivered
ORD005956,2026-04-29,2026-05-02,Ekart,Delivered
ORD005957,2026-03-25,,Xpressbees,In Transit/Lost
ORD005958,2026-05-07,2026-05-07,Delhivery,Delivered
ORD005959,2026-06-28,2026-06-28,Ekart,Delivered
ORD005960,2025-05-12,2025-05-12,Ekart,Delivered
ORD005961,2026-01-01,2026-01-08,BlueDart,Delivered
ORD005963,2026-05-20,2026-05-20,Delhivery,Delivered
ORD005964,2026-01-30,2026-01-30,Xpressbees,Delivered
ORD005965,2026-03-04,2026-03-05,Shadowfax,Delivered
ORD005966,2026-01-24,,Xpressbees,In Transit/Lost
ORD005967,2025-06-11,2025-06-11,Ekart,Delivered
ORD005968,2026-01-24,2026-01-24,Delhivery,Delivered
ORD005969,2025-08-30,2025-08-30,BlueDart,Delivered
ORD005970,2026-05-14,,Ekart,In Transit/Lost
ORD005972,2026-01-26,2026-01-26,BlueDart,Delivered
ORD005973,2026-05-25,2026-05-25,Xpressbees,Delivered
ORD005974,2026-06-30,,BlueDart,In Transit/Lost
ORD005976,2026-07-18,,BlueDart,In Transit/Lost
ORD005977,2025-05-23,2025-05-26,Xpressbees,Delivered
ORD005978,2026-06-21,2026-06-21,Delhivery,Delivered
ORD005979,2026-06-04,2026-06-05,Shadowfax,Delivered
ORD005981,2026-05-19,2026-05-19,Shadowfax,Delivered
ORD005982,2026-05-17,2026-05-17,Xpressbees,Delivered
ORD005983,2025-11-10,,Ekart,In Transit/Lost
ORD005984,2026-01-24,,Delhivery,In Transit/Lost
ORD005985,2026-08-26,2026-08-28,Shadowfax,Delivered
ORD005986,2025-04-21,2025-04-21,Ekart,Delivered
ORD005988,2025-04-06,2025-04-06,Xpressbees,Delivered
ORD005989,2026-01-21,2026-01-21,BlueDart,Delivered
ORD005990,2025-06-17,2025-06-19,Xpressbees,Delivered
ORD005991,2026-03-04,2026-03-04,Ekart,Delivered
ORD005992,2025-11-26,2025-11-26,Delhivery,Delivered
ORD005994,2026-07-18,2026-07-18,Ekart,Delivered
ORD005996,2025-06-25,2025-06-28,Ekart,Delivered
ORD005997,2025-07-18,,Shadowfax,In Transit/Lost
ORD005998,2026-01-21,2026-01-24,Shadowfax,Delivered
ORD005999,2026-09-11,,Ekart,In Transit/Lost
ORD006000,2025-07-27,2025-07-27,Shadowfax,Delivered
