date,channel,spend,impressions,clicks
2025-03-22,Instagram Ads,4227.42,16970,2530
2025-03-22,Google Ads,11672.81,3276,1078
2025-03-22,Referral,14832.61,20441,2948
2025-03-22,Organic Search,14950.52,42710,2770
2025-03-22,Influencer,4861.47,47175,2916
2025-03-22,Email,8667.81,10182,2861
2025-03-23,Instagram Ads,753.66,25381,1196
2025-03-23,Google Ads,5142.55,18719,2518
2025-03-23,Referral,1759.52,35491,913
2025-03-23,Organic Search,1549.19,7415,1904
2025-03-23,Influencer,13387.31,38376,1216
2025-03-23,Email,13971.65,39251,1253
2025-03-24,Instagram Ads,13603.48,9609,802
2025-03-24,Google Ads,12675.1,16505,626
2025-03-24,Referral,9548.57,38572,1422
2025-03-24,Organic Search,10174.39,31084,1262
2025-03-24,Influencer,2751.62,40299,1730
2025-03-24,Email,11250.62,1230,1189
2025-03-25,Instagram Ads,9419.35,22022,2698
2025-03-25,Google Ads,5445.67,38196,1295
2025-03-25,Referral,14600.37,35829,2721
2025-03-25,Organic Search,10272.66,47541,1217
2025-03-25,Influencer,1473.66,29460,857
2025-03-25,Email,8421.81,12041,2123
2025-03-26,Instagram Ads,10219.73,5161,104
2025-03-26,Google Ads,14963.99,23047,2998
2025-03-26,Referral,12630.02,11538,1474
2025-03-26,Organic Search,1983.21,7861,542
2025-03-26,Influencer,13130.11,34026,2471
2025-03-26,Email,11053.73,19503,1611
2025-03-27,Instagram Ads,2808.93,7900,392
2025-03-27,Google Ads,6793.96,25641,1562
2025-03-27,Referral,12517.53,25172,1648
2025-03-27,Organic Search,3729.98,42216,1794
2025-03-27,Influencer,13083.49,1030,248
2025-03-27,Email,14055.37,20359,2831
2025-03-28,Instagram Ads,12281.7,14271,1359
2025-03-28,Google Ads,8923.94,3656,372
2025-03-28,Referral,5551.91,20354,102
2025-03-28,Organic Search,7147.53,42259,1545
2025-03-28,Influencer,12636.62,22595,2991
2025-03-28,Email,6348.24,19724,425
2025-03-29,Instagram Ads,4337.24,26552,1864
2025-03-29,Google Ads,14964.31,23295,2585
2025-03-29,Referral,14347.27,10538,2876
2025-03-29,Organic Search,7814.36,48310,2833
2025-03-29,Influencer,12593.37,26106,658
2025-03-29,Email,5843.94,32101,1922
2025-03-30,Instagram Ads,4299.72,7649,2739
2025-03-30,Google Ads,6198.91,28744,1540
2025-03-30,Referral,6534.48,26774,1342
2025-03-30,Organic Search,13578.77,27345,1319
2025-03-30,Influencer,697.71,14934,1047
2025-03-30,Email,6051.21,23302,2133
2025-03-31,Instagram Ads,6184.44,30334,524
2025-03-31,Google Ads,1721.38,28684,2386
2025-03-31,Referral,12442.25,31119,2387
2025-03-31,Organic Search,6157.09,15776,2572
2025-03-31,Influencer,13337.87,13037,1199
2025-03-31,Email,13427.42,43112,1715
2025-04-01,Instagram Ads,13973.24,15850,1324
2025-04-01,Google Ads,4609.05,28727,2510
2025-04-01,Referral,13803.24,33980,1342
2025-04-01,Organic Search,1710.77,28234,810
2025-04-01,Influencer,10841.61,14513,2084
2025-04-01,Email,9178.12,19640,1868
2025-04-02,Instagram Ads,6986.4,19985,333
2025-04-02,Google Ads,7746.31,15143,964
2025-04-02,Referral,10642.41,28178,278
2025-04-02,Organic Search,2178.7,31787,2252
2025-04-02,Influencer,14175.03,32317,1619
2025-04-02,Email,11701.31,3957,1556
2025-04-03,Instagram Ads,3613.43,49923,1421
2025-04-03,Google Ads,1029.9,22510,2293
2025-04-03,Referral,12674.23,7541,1803
2025-04-03,Organic Search,10250.81,44464,2767
2025-04-03,Influencer,5756.89,21273,2552
2025-04-03,Email,10954.26,36398,2620
2025-04-04,Instagram Ads,13706.1,4629,2620
2025-04-04,Google Ads,10328.53,8149,2144
2025-04-04,Referral,12767.84,26039,1285
2025-04-04,Organic Search,8536.25,33375,1591
2025-04-04,Influencer,590.18,35276,2788
2025-04-04,Email,14377.13,30609,1652
2025-04-05,Instagram Ads,4935.25,2680,884
2025-04-05,Google Ads,12853.33,14284,2758
2025-04-05,Referral,2949.71,19553,583
2025-04-05,Organic Search,8291.65,29248,1707
2025-04-05,Influencer,3089.54,33723,453
2025-04-05,Email,13776.89,42115,630
2025-04-06,Instagram Ads,1764.17,15661,1729
2025-04-06,Google Ads,6115.58,23061,1832
2025-04-06,Referral,6572.26,16182,2537
2025-04-06,Organic Search,1310.16,45581,231
2025-04-06,Influencer,14006.63,11404,2089
2025-04-06,Email,10368.76,11688,2779
2025-04-07,Instagram Ads,3331.4,25475,2968
2025-04-07,Google Ads,6971.12,5926,1110
2025-04-07,Referral,7163.29,29343,1734
2025-04-07,Organic Search,5613.19,49713,1973
2025-04-07,Influencer,9616.52,28307,1095
2025-04-07,Email,906.22,11251,696
2025-04-08,Instagram Ads,6226.85,47751,2750
2025-04-08,Google Ads,11244.93,9334,851
2025-04-08,Referral,4203.28,39150,2939
2025-04-08,Organic Search,4200.05,23239,1887
2025-04-08,Influencer,3027.27,46162,1125
2025-04-08,Email,9122.54,6724,1915
2025-04-09,Instagram Ads,6742.0,36259,2990
2025-04-09,Google Ads,13671.63,28701,444
2025-04-09,Referral,4868.17,35426,2656
2025-04-09,Organic Search,1559.89,38898,2488
2025-04-09,Influencer,13620.13,23295,2693
2025-04-09,Email,7435.66,5653,2351
2025-04-10,Instagram Ads,4041.72,35037,2662
2025-04-10,Google Ads,11535.51,33185,101
2025-04-10,Referral,3705.83,16663,524
2025-04-10,Organic Search,5585.38,28376,2029
2025-04-10,Influencer,637.18,13666,1067
2025-04-10,Email,9886.9,44876,214
2025-04-11,Instagram Ads,8225.53,22508,404
2025-04-11,Google Ads,9191.04,14058,2274
2025-04-11,Referral,10314.2,4768,1677
2025-04-11,Organic Search,8745.46,46201,798
2025-04-11,Influencer,4960.0,41490,2292
2025-04-11,Email,14278.38,24859,1756
2025-04-12,Instagram Ads,11247.86,6666,310
2025-04-12,Google Ads,1122.22,13733,105
2025-04-12,Referral,14185.13,39555,1855
2025-04-12,Organic Search,13183.23,35597,1626
2025-04-12,Influencer,3587.19,46396,2736
2025-04-12,Email,11577.53,17945,275
2025-04-13,Instagram Ads,12200.05,18559,450
2025-04-13,Google Ads,14010.43,5874,1672
2025-04-13,Referral,6383.63,43094,2815
2025-04-13,Organic Search,1916.6,1234,1677
2025-04-13,Influencer,3413.93,19618,2205
2025-04-13,Email,5566.98,38579,1767
2025-04-14,Instagram Ads,1778.17,1843,1240
2025-04-14,Google Ads,11883.56,2301,2159
2025-04-14,Referral,8647.64,1399,1338
2025-04-14,Organic Search,12753.26,32357,1123
2025-04-14,Influencer,14934.42,45560,2436
2025-04-14,Email,8080.35,47633,2035
2025-04-15,Instagram Ads,5723.17,47426,1086
2025-04-15,Google Ads,11839.34,4505,743
2025-04-15,Referral,4851.57,39658,1048
2025-04-15,Organic Search,7774.59,5367,932
2025-04-15,Influencer,8307.71,40214,632
2025-04-15,Email,7147.64,46118,991
2025-04-16,Instagram Ads,5405.72,19433,1127
2025-04-16,Google Ads,10450.96,23062,2267
2025-04-16,Referral,13629.36,41475,145
2025-04-16,Organic Search,5457.89,49142,1842
2025-04-16,Influencer,13648.92,14254,2720
2025-04-16,Email,1401.66,9179,2472
2025-04-17,Instagram Ads,11325.82,22127,591
2025-04-17,Google Ads,6239.28,19169,2917
2025-04-17,Referral,5612.19,45535,1873
2025-04-17,Organic Search,9781.2,12169,1258
2025-04-17,Influencer,5832.59,42950,1695
2025-04-17,Email,6656.71,29479,927
2025-04-18,Instagram Ads,1181.51,8242,616
2025-04-18,Google Ads,7994.6,6491,1734
2025-04-18,Referral,3333.33,29695,2578
2025-04-18,Organic Search,8988.06,15980,415
2025-04-18,Influencer,14614.72,16882,856
2025-04-18,Email,11435.71,14019,2343
2025-04-19,Instagram Ads,12600.92,26951,2306
2025-04-19,Google Ads,9624.51,26852,2389
2025-04-19,Referral,11579.14,22851,1882
2025-04-19,Organic Search,1074.92,48764,2641
2025-04-19,Influencer,13546.69,8503,1398
2025-04-19,Email,10311.63,47236,1042
2025-04-20,Instagram Ads,4421.81,8829,1804
2025-04-20,Google Ads,2726.67,12613,873
2025-04-20,Referral,11040.56,27549,804
2025-04-20,Organic Search,2294.62,16638,1122
2025-04-20,Influencer,12315.6,16682,1564
2025-04-20,Email,14400.33,6795,758
2025-04-21,Instagram Ads,740.47,22148,2046
2025-04-21,Google Ads,4996.39,9439,332
2025-04-21,Referral,3678.42,36048,1790
2025-04-21,Organic Search,537.78,34044,815
2025-04-21,Influencer,8195.99,30545,595
2025-04-21,Email,11925.8,44496,2143
2025-04-22,Instagram Ads,7011.16,10307,1083
2025-04-22,Google Ads,5865.68,21293,2866
2025-04-22,Referral,5246.42,16287,538
2025-04-22,Organic Search,10297.03,4283,1976
2025-04-22,Influencer,6275.35,39308,2924
2025-04-22,Email,1306.93,2946,111
2025-04-23,Instagram Ads,11602.04,45139,2414
2025-04-23,Google Ads,6091.69,36988,2401
2025-04-23,Referral,6824.32,21055,1130
2025-04-23,Organic Search,3803.46,22161,2450
2025-04-23,Influencer,11643.07,19203,1540
2025-04-23,Email,14319.59,33296,340
2025-04-24,Instagram Ads,6394.14,45098,512
2025-04-24,Google Ads,14133.32,24768,2713
2025-04-24,Referral,9825.27,28898,896
2025-04-24,Organic Search,4065.33,2237,1720
2025-04-24,Influencer,10344.01,6315,120
2025-04-24,Email,11380.08,45080,372
2025-04-25,Instagram Ads,12738.06,45904,720
2025-04-25,Google Ads,3589.26,12784,827
2025-04-25,Referral,812.23,27153,2085
2025-04-25,Organic Search,2813.29,34013,1209
2025-04-25,Influencer,6897.02,3573,2272
2025-04-25,Email,1752.13,39970,223
2025-04-26,Instagram Ads,3367.03,2877,898
2025-04-26,Google Ads,11006.09,18814,574
2025-04-26,Referral,1136.23,10555,2129
2025-04-26,Organic Search,10926.84,23506,2209
2025-04-26,Influencer,11314.48,18993,609
2025-04-26,Email,4731.88,37338,1402
2025-04-27,Instagram Ads,12299.09,7533,2624
2025-04-27,Google Ads,1612.99,29233,2202
2025-04-27,Referral,10933.68,49144,962
2025-04-27,Organic Search,8978.47,5781,317
2025-04-27,Influencer,13217.61,17146,2643
2025-04-27,Email,5973.3,37071,1467
2025-04-28,Instagram Ads,8157.39,16316,844
2025-04-28,Google Ads,14605.34,49713,2840
2025-04-28,Referral,14649.4,26343,1600
2025-04-28,Organic Search,14081.27,32619,1805
2025-04-28,Influencer,14016.38,27163,2224
2025-04-28,Email,2366.23,14614,273
2025-04-29,Instagram Ads,14893.35,49486,2049
2025-04-29,Google Ads,3527.14,1958,1033
2025-04-29,Referral,13558.82,30686,2073
2025-04-29,Organic Search,4714.21,29345,1150
2025-04-29,Influencer,3867.01,44494,1449
2025-04-29,Email,744.47,34961,734
2025-04-30,Instagram Ads,5894.25,30554,175
2025-04-30,Google Ads,4595.92,49166,1430
2025-04-30,Referral,11821.04,17627,720
2025-04-30,Organic Search,8591.08,25066,2645
2025-04-30,Influencer,7922.19,32416,2625
2025-04-30,Email,4183.04,7388,242
2025-05-01,Instagram Ads,8930.41,16296,2277
2025-05-01,Google Ads,1149.57,19448,2860
2025-05-01,Referral,11895.6,39696,2706
2025-05-01,Organic Search,11054.18,49819,2142
2025-05-01,Influencer,9055.95,16229,77
2025-05-01,Email,13218.96,35146,1793
2025-05-02,Instagram Ads,12425.68,36107,167
2025-05-02,Google Ads,11687.32,31719,1555
2025-05-02,Referral,11964.38,15424,2399
2025-05-02,Organic Search,3825.38,47081,2466
2025-05-02,Influencer,8510.67,24638,1589
2025-05-02,Email,7045.82,28766,86
2025-05-03,Instagram Ads,14374.59,47151,1082
2025-05-03,Google Ads,3129.97,3609,2466
2025-05-03,Referral,7964.2,40471,1734
2025-05-03,Organic Search,11378.26,22989,1244
2025-05-03,Influencer,11180.73,35442,2624
2025-05-03,Email,8979.35,20648,2638
2025-05-04,Instagram Ads,3357.59,15169,2154
2025-05-04,Google Ads,9857.57,1543,1553
2025-05-04,Referral,3647.92,27934,997
2025-05-04,Organic Search,4150.74,42320,375
2025-05-04,Influencer,14069.31,46137,1636
2025-05-04,Email,7683.41,3668,1105
2025-05-05,Instagram Ads,11820.07,30101,2720
2025-05-05,Google Ads,10146.17,37313,303
2025-05-05,Referral,5498.36,45904,2927
2025-05-05,Organic Search,4995.46,23808,587
2025-05-05,Influencer,8993.29,25290,2158
2025-05-05,Email,3202.58,18175,2427
2025-05-06,Instagram Ads,2059.5,36807,77
2025-05-06,Google Ads,8597.26,17967,1386
2025-05-06,Referral,8791.29,7338,2715
2025-05-06,Organic Search,7847.08,14267,450
2025-05-06,Influencer,11733.85,3603,1469
2025-05-06,Email,8058.26,32490,1642
2025-05-07,Instagram Ads,11609.04,27201,2513
2025-05-07,Google Ads,11076.06,25898,318
2025-05-07,Referral,8471.85,19323,389
2025-05-07,Organic Search,6070.49,49052,2090
2025-05-07,Influencer,1406.79,7797,2761
2025-05-07,Email,7735.08,37153,2817
2025-05-08,Instagram Ads,7062.3,21460,2797
2025-05-08,Google Ads,10893.55,2960,1388
2025-05-08,Referral,6316.8,13715,581
2025-05-08,Organic Search,6467.68,12681,1182
2025-05-08,Influencer,6631.51,3089,788
2025-05-08,Email,14113.95,23290,2848
2025-05-09,Instagram Ads,9752.66,33303,2273
2025-05-09,Google Ads,11182.0,23085,1003
2025-05-09,Referral,5360.64,37152,1621
2025-05-09,Organic Search,6576.75,31161,924
2025-05-09,Influencer,6684.57,2842,946
2025-05-09,Email,13853.36,7321,505
2025-05-10,Instagram Ads,9756.49,47984,731
2025-05-10,Google Ads,4520.55,37812,1809
2025-05-10,Referral,1689.55,19004,2026
2025-05-10,Organic Search,9363.34,34238,1272
2025-05-10,Influencer,13534.79,46177,2960
2025-05-10,Email,1968.73,45458,1475
2025-05-11,Instagram Ads,1461.73,39950,1733
2025-05-11,Google Ads,7934.09,46254,699
2025-05-11,Referral,7472.42,28457,628
2025-05-11,Organic Search,11948.98,35941,2460
2025-05-11,Influencer,9654.48,34491,638
2025-05-11,Email,13781.07,32783,498
2025-05-12,Instagram Ads,900.69,39811,1765
2025-05-12,Google Ads,663.28,11774,858
2025-05-12,Referral,3775.08,40787,2137
2025-05-12,Organic Search,794.61,30209,2950
2025-05-12,Influencer,14903.65,10983,2060
2025-05-12,Email,11906.28,13023,577
2025-05-13,Instagram Ads,4453.62,46795,2054
2025-05-13,Google Ads,13883.87,36413,2971
2025-05-13,Referral,10913.99,7725,1794
2025-05-13,Organic Search,2442.65,38574,1649
2025-05-13,Influencer,13825.3,41261,1877
2025-05-13,Email,14149.65,33999,1558
2025-05-14,Instagram Ads,1522.37,18590,2793
2025-05-14,Google Ads,13653.67,29950,1858
2025-05-14,Referral,7252.78,8812,1622
2025-05-14,Organic Search,3437.12,46081,1343
2025-05-14,Influencer,9424.17,13999,2194
2025-05-14,Email,1231.57,27316,632
2025-05-15,Instagram Ads,9935.04,31449,2144
2025-05-15,Google Ads,11389.43,8293,432
2025-05-15,Referral,8017.79,38600,318
2025-05-15,Organic Search,8707.04,37605,994
2025-05-15,Influencer,10451.21,19382,2966
2025-05-15,Email,10421.9,3402,584
2025-05-16,Instagram Ads,6788.64,47758,236
2025-05-16,Google Ads,10188.18,15725,1413
2025-05-16,Referral,10094.54,49024,2270
2025-05-16,Organic Search,11324.28,31445,1205
2025-05-16,Influencer,9695.44,14914,1584
2025-05-16,Email,9860.72,4982,2135
2025-05-17,Instagram Ads,12015.66,36952,1238
2025-05-17,Google Ads,2807.69,1093,1276
2025-05-17,Referral,9359.21,24750,2624
2025-05-17,Organic Search,4140.1,41418,783
2025-05-17,Influencer,7803.76,26469,1965
2025-05-17,Email,10211.11,29408,1898
2025-05-18,Instagram Ads,5079.57,35126,1726
2025-05-18,Google Ads,6430.46,34880,362
2025-05-18,Referral,5022.24,23447,2693
2025-05-18,Organic Search,3581.77,39776,582
2025-05-18,Influencer,10250.48,6710,868
2025-05-18,Email,11271.32,14289,2050
2025-05-19,Instagram Ads,3453.92,12350,1668
2025-05-19,Google Ads,10052.35,4403,2181
2025-05-19,Referral,1901.71,42656,1275
2025-05-19,Organic Search,4997.03,37833,2387
2025-05-19,Influencer,14447.35,10557,147
2025-05-19,Email,8053.27,10206,1965
2025-05-20,Instagram Ads,3887.72,40989,2432
2025-05-20,Google Ads,2082.66,9375,431
2025-05-20,Referral,5077.19,44780,2126
2025-05-20,Organic Search,6706.03,17855,2936
2025-05-20,Influencer,4503.03,35785,718
2025-05-20,Email,8672.22,29391,374
2025-05-21,Instagram Ads,12182.13,1825,1332
2025-05-21,Google Ads,2648.89,34457,1882
2025-05-21,Referral,896.79,8877,2404
2025-05-21,Organic Search,1191.14,11343,1221
2025-05-21,Influencer,6687.11,25419,673
2025-05-21,Email,13612.38,5304,2623
2025-05-22,Instagram Ads,10131.14,9260,670
2025-05-22,Google Ads,5614.88,11064,1083
2025-05-22,Referral,4711.22,31219,1749
2025-05-22,Organic Search,12099.88,40947,689
2025-05-22,Influencer,10985.9,3494,1786
2025-05-22,Email,6570.5,23959,1116
2025-05-23,Instagram Ads,5822.71,28168,2682
2025-05-23,Google Ads,13984.21,28560,2079
2025-05-23,Referral,1281.18,13428,1853
2025-05-23,Organic Search,14583.02,29825,242
2025-05-23,Influencer,1473.12,4347,2368
2025-05-23,Email,13635.63,25557,2982
2025-05-24,Instagram Ads,13249.85,32691,1497
2025-05-24,Google Ads,3887.8,34268,2214
2025-05-24,Referral,14305.95,9463,1453
2025-05-24,Organic Search,11740.79,30694,2325
2025-05-24,Influencer,4196.15,14491,1929
2025-05-24,Email,1848.63,7738,1997
2025-05-25,Instagram Ads,9881.98,5702,2820
2025-05-25,Google Ads,10485.54,37458,1485
2025-05-25,Referral,12878.93,46648,2681
2025-05-25,Organic Search,6350.36,8005,2868
2025-05-25,Influencer,1407.47,48147,1985
2025-05-25,Email,12708.05,36814,381
2025-05-26,Instagram Ads,7767.85,32961,1397
2025-05-26,Google Ads,13782.52,34088,412
2025-05-26,Referral,5711.62,39639,539
2025-05-26,Organic Search,8163.01,29137,619
2025-05-26,Influencer,3919.81,14460,1960
2025-05-26,Email,8016.04,4737,2112
2025-05-27,Instagram Ads,9894.13,5434,2405
2025-05-27,Google Ads,5778.75,6179,1461
2025-05-27,Referral,12941.39,12588,484
2025-05-27,Organic Search,638.75,4201,126
2025-05-27,Influencer,4246.2,32927,2945
2025-05-27,Email,11875.79,38439,1243
2025-05-28,Instagram Ads,1146.11,43969,1395
2025-05-28,Google Ads,13488.33,34810,1439
2025-05-28,Referral,12150.78,3519,275
2025-05-28,Organic Search,3308.5,30111,66
2025-05-28,Influencer,13387.04,28325,309
2025-05-28,Email,13930.55,20830,1782
2025-05-29,Instagram Ads,12777.62,39605,387
2025-05-29,Google Ads,1284.08,31139,2644
2025-05-29,Referral,4754.55,15236,1978
2025-05-29,Organic Search,12043.96,34180,845
2025-05-29,Influencer,6968.83,43523,1784
2025-05-29,Email,2499.11,16532,503
2025-05-30,Instagram Ads,10993.53,19026,1982
2025-05-30,Google Ads,559.85,7083,646
2025-05-30,Referral,6209.68,2179,1566
2025-05-30,Organic Search,13306.15,47217,2924
2025-05-30,Influencer,13646.96,11282,2607
2025-05-30,Email,2367.79,26408,2458
2025-05-31,Instagram Ads,2854.37,16323,1638
2025-05-31,Google Ads,2443.38,7154,1000
2025-05-31,Referral,4692.01,7666,1080
2025-05-31,Organic Search,10872.67,33722,1840
2025-05-31,Influencer,3823.43,10649,2937
2025-05-31,Email,9086.12,26820,586
2025-06-01,Instagram Ads,14922.04,8180,382
2025-06-01,Google Ads,8489.22,14246,540
2025-06-01,Referral,9027.17,46062,2182
2025-06-01,Organic Search,8377.09,13589,1543
2025-06-01,Influencer,9053.29,13573,1480
2025-06-01,Email,13929.35,13234,2808
2025-06-02,Instagram Ads,6709.91,33628,1204
2025-06-02,Google Ads,6975.98,35292,2917
2025-06-02,Referral,8177.24,10273,1266
2025-06-02,Organic Search,5303.47,41609,560
2025-06-02,Influencer,9313.65,33660,2236
2025-06-02,Email,2135.72,15192,923
2025-06-03,Instagram Ads,8736.9,33216,658
2025-06-03,Google Ads,3366.47,9527,2317
2025-06-03,Referral,8022.54,43145,971
2025-06-03,Organic Search,9472.2,47111,2915
2025-06-03,Influencer,12716.81,21947,1304
2025-06-03,Email,1843.79,14331,2220
2025-06-04,Instagram Ads,7347.96,25409,1356
2025-06-04,Google Ads,4641.4,19445,160
2025-06-04,Referral,12058.25,22984,2872
2025-06-04,Organic Search,4811.04,22165,1491
2025-06-04,Influencer,3286.32,20330,511
2025-06-04,Email,13854.01,28591,2587
2025-06-05,Instagram Ads,1088.18,32248,190
2025-06-05,Google Ads,12049.93,11364,2675
2025-06-05,Referral,4840.89,41242,530
2025-06-05,Organic Search,4522.61,7891,101
2025-06-05,Influencer,10505.85,7425,1983
2025-06-05,Email,12365.73,31089,2156
2025-06-06,Instagram Ads,8691.99,33488,1509
2025-06-06,Google Ads,11224.85,46119,1617
2025-06-06,Referral,13770.69,1035,1180
2025-06-06,Organic Search,12586.85,21538,1294
2025-06-06,Influencer,5456.63,40754,1204
2025-06-06,Email,2525.54,25230,993
2025-06-07,Instagram Ads,7257.53,30802,900
2025-06-07,Google Ads,2909.61,26984,2868
2025-06-07,Referral,8844.65,23628,873
2025-06-07,Organic Search,7039.75,17757,1329
2025-06-07,Influencer,4472.65,32215,543
2025-06-07,Email,2869.68,11420,1596
2025-06-08,Instagram Ads,13663.73,21609,349
2025-06-08,Google Ads,4706.5,42755,1041
2025-06-08,Referral,6536.92,11629,240
2025-06-08,Organic Search,1371.9,7317,638
2025-06-08,Influencer,14873.15,48086,2142
2025-06-08,Email,5919.25,21445,259
2025-06-09,Instagram Ads,2449.08,32750,119
2025-06-09,Google Ads,7866.05,38739,1502
2025-06-09,Referral,3923.16,47288,2545
2025-06-09,Organic Search,7346.42,29526,2767
2025-06-09,Influencer,4269.67,6020,890
2025-06-09,Email,14855.55,33379,1153
2025-06-10,Instagram Ads,8539.38,26691,2097
2025-06-10,Google Ads,8572.58,9536,1804
2025-06-10,Referral,12631.12,33130,1607
2025-06-10,Organic Search,9324.67,18229,1678
2025-06-10,Influencer,1504.04,22687,2999
2025-06-10,Email,13785.81,42283,2506
2025-06-11,Instagram Ads,9873.29,8319,2285
2025-06-11,Google Ads,13664.04,20302,2782
2025-06-11,Referral,4851.69,32744,2544
2025-06-11,Organic Search,4632.34,2681,1391
2025-06-11,Influencer,1052.08,49472,2872
2025-06-11,Email,5257.51,7776,1415
2025-06-12,Instagram Ads,8988.56,40653,102
2025-06-12,Google Ads,6432.57,4977,1043
2025-06-12,Referral,14046.6,28513,2644
2025-06-12,Organic Search,11862.96,11563,1939
2025-06-12,Influencer,14677.97,26247,358
2025-06-12,Email,757.2,24723,212
2025-06-13,Instagram Ads,1343.86,40269,455
2025-06-13,Google Ads,7539.15,7874,2589
2025-06-13,Referral,9616.62,17032,1855
2025-06-13,Organic Search,2664.73,7296,1939
2025-06-13,Influencer,7502.45,49896,1123
2025-06-13,Email,588.18,41317,2334
2025-06-14,Instagram Ads,8104.81,32027,2415
2025-06-14,Google Ads,6900.54,44043,919
2025-06-14,Referral,1586.14,45599,2996
2025-06-14,Organic Search,2203.53,49335,1239
2025-06-14,Influencer,5174.36,5199,1774
2025-06-14,Email,4834.99,49855,1049
2025-06-15,Instagram Ads,10500.58,39627,2215
2025-06-15,Google Ads,2390.88,36032,1012
2025-06-15,Referral,6093.29,31267,56
2025-06-15,Organic Search,1087.72,30826,1082
2025-06-15,Influencer,12802.58,37185,2295
2025-06-15,Email,6519.16,9998,2311
2025-06-16,Instagram Ads,10465.8,47556,2061
2025-06-16,Google Ads,11089.29,33082,443
2025-06-16,Referral,9020.15,36513,2289
2025-06-16,Organic Search,7167.6,13262,2646
2025-06-16,Influencer,11722.78,13673,262
2025-06-16,Email,10459.35,23346,2891
2025-06-17,Instagram Ads,13907.68,32022,2299
2025-06-17,Google Ads,6399.36,43612,435
2025-06-17,Referral,6003.41,37322,1082
2025-06-17,Organic Search,1954.1,13880,76
2025-06-17,Influencer,1036.71,41632,886
2025-06-17,Email,14011.65,11754,139
2025-06-18,Instagram Ads,6413.08,27334,778
2025-06-18,Google Ads,812.01,43661,1803
2025-06-18,Referral,7577.63,41376,2103
2025-06-18,Organic Search,3985.77,6563,2475
2025-06-18,Influencer,9591.25,47757,387
2025-06-18,Email,10991.71,2898,793
2025-06-19,Instagram Ads,12930.2,46970,2782
2025-06-19,Google Ads,10621.96,12636,2494
2025-06-19,Referral,6348.05,48306,2142
2025-06-19,Organic Search,10463.79,12576,1834
2025-06-19,Influencer,5024.26,40078,2730
2025-06-19,Email,11181.49,37645,273
2025-06-20,Instagram Ads,3848.22,23707,489
2025-06-20,Google Ads,9609.55,11563,745
2025-06-20,Referral,11279.33,21671,2681
2025-06-20,Organic Search,11855.94,6579,2917
2025-06-20,Influencer,11863.04,31326,765
2025-06-20,Email,8932.7,43293,2695
2025-06-21,Instagram Ads,3175.68,31685,2225
2025-06-21,Google Ads,3359.32,16342,1751
2025-06-21,Referral,8202.63,9352,961
2025-06-21,Organic Search,751.58,46260,951
2025-06-21,Influencer,2653.28,22451,616
2025-06-21,Email,6671.39,3671,330
2025-06-22,Instagram Ads,9708.91,36352,2666
2025-06-22,Google Ads,2051.26,13133,1051
2025-06-22,Referral,13801.39,32467,920
2025-06-22,Organic Search,8111.38,37796,2742
2025-06-22,Influencer,1387.22,6010,2629
2025-06-22,Email,2555.69,6721,607
2025-06-23,Instagram Ads,4326.74,14029,2844
2025-06-23,Google Ads,11978.56,28217,1484
2025-06-23,Referral,14191.24,7234,296
2025-06-23,Organic Search,1622.78,30028,2666
2025-06-23,Influencer,4454.93,12696,242
2025-06-23,Email,11018.51,47129,259
2025-06-24,Instagram Ads,999.27,38789,377
2025-06-24,Google Ads,1469.12,42198,1940
2025-06-24,Referral,2192.85,34059,165
2025-06-24,Organic Search,7904.4,25345,2621
2025-06-24,Influencer,2289.04,46464,308
2025-06-24,Email,12637.91,22157,145
2025-06-25,Instagram Ads,10129.97,20843,489
2025-06-25,Google Ads,2900.36,11590,1457
2025-06-25,Referral,1364.16,5968,515
2025-06-25,Organic Search,14656.68,34008,1916
2025-06-25,Influencer,11771.77,22725,295
2025-06-25,Email,14833.99,12908,1669
2025-06-26,Instagram Ads,7279.13,3722,849
2025-06-26,Google Ads,8708.66,39602,2036
2025-06-26,Referral,4071.12,1542,1847
2025-06-26,Organic Search,9438.86,7206,1214
2025-06-26,Influencer,9274.65,16768,2068
2025-06-26,Email,13711.84,8043,2508
2025-06-27,Instagram Ads,1852.08,19078,1565
2025-06-27,Google Ads,2107.03,9012,1097
2025-06-27,Referral,6030.85,36263,2104
2025-06-27,Organic Search,12005.28,8922,2076
2025-06-27,Influencer,5111.9,27839,313
2025-06-27,Email,1110.9,23894,2325
2025-06-28,Instagram Ads,3796.9,20388,2259
2025-06-28,Google Ads,10980.49,23237,2491
2025-06-28,Referral,1448.63,11432,1965
2025-06-28,Organic Search,5367.46,15931,1758
2025-06-28,Influencer,11303.14,20737,1987
2025-06-28,Email,9404.59,41479,279
2025-06-29,Instagram Ads,5632.46,16044,2846
2025-06-29,Google Ads,3297.24,48971,2755
2025-06-29,Referral,10955.52,32226,1432
2025-06-29,Organic Search,695.85,38825,336
2025-06-29,Influencer,13458.97,37087,841
2025-06-29,Email,5662.73,28637,834
2025-06-30,Instagram Ads,13821.69,25716,1156
2025-06-30,Google Ads,12731.52,42337,2635
2025-06-30,Referral,10207.31,35567,1404
2025-06-30,Organic Search,7836.92,5788,461
2025-06-30,Influencer,8407.43,23952,1894
2025-06-30,Email,7389.8,31860,145
2025-07-01,Instagram Ads,6916.37,30577,1528
2025-07-01,Google Ads,7349.18,29403,589
2025-07-01,Referral,14803.15,31270,342
2025-07-01,Organic Search,1346.06,47510,1647
2025-07-01,Influencer,1999.49,3210,1217
2025-07-01,Email,3001.9,3162,1073
2025-07-02,Instagram Ads,803.99,14549,2933
2025-07-02,Google Ads,11140.99,16337,2351
2025-07-02,Referral,6162.62,10433,2100
2025-07-02,Organic Search,1449.71,41802,1962
2025-07-02,Influencer,8277.25,1613,1962
2025-07-02,Email,14000.36,43717,2349
2025-07-03,Instagram Ads,6069.93,8630,1806
2025-07-03,Google Ads,9271.6,5069,2182
2025-07-03,Referral,5105.46,18079,2975
2025-07-03,Organic Search,7262.08,21622,298
2025-07-03,Influencer,11323.7,20500,2199
2025-07-03,Email,1942.11,20604,1302
2025-07-04,Instagram Ads,3936.18,39713,1123
2025-07-04,Google Ads,4570.26,49843,2516
2025-07-04,Referral,2938.08,27139,764
2025-07-04,Organic Search,6503.91,15199,2494
2025-07-04,Influencer,13460.46,7276,2446
2025-07-04,Email,14485.29,35229,490
2025-07-05,Instagram Ads,10861.38,15958,2238
2025-07-05,Google Ads,13262.57,16284,822
2025-07-05,Referral,4549.83,46913,2571
2025-07-05,Organic Search,9850.31,6206,1356
2025-07-05,Influencer,13781.87,12814,2400
2025-07-05,Email,11242.95,41448,702
2025-07-06,Instagram Ads,7201.19,31866,2827
2025-07-06,Google Ads,7081.03,13465,1563
2025-07-06,Referral,8234.17,40634,2700
2025-07-06,Organic Search,6468.08,26708,145
2025-07-06,Influencer,1347.44,14436,477
2025-07-06,Email,2190.07,45118,2612
2025-07-07,Instagram Ads,7642.2,30155,326
2025-07-07,Google Ads,12111.86,36452,1981
2025-07-07,Referral,10047.36,31226,2777
2025-07-07,Organic Search,10771.19,43012,2421
2025-07-07,Influencer,2902.04,16824,289
2025-07-07,Email,8826.75,30536,1983
2025-07-08,Instagram Ads,2541.22,21942,2320
2025-07-08,Google Ads,4832.59,4395,2532
2025-07-08,Referral,9797.79,28174,815
2025-07-08,Organic Search,9684.23,2700,2448
2025-07-08,Influencer,14958.19,18818,1722
2025-07-08,Email,10719.43,44689,1667
2025-07-09,Instagram Ads,554.24,1122,1755
2025-07-09,Google Ads,7995.06,2723,797
2025-07-09,Referral,12310.01,49559,1564
2025-07-09,Organic Search,11144.93,34131,2183
2025-07-09,Influencer,11640.49,40129,1914
2025-07-09,Email,3365.34,42825,2338
2025-07-10,Instagram Ads,4318.24,29962,2749
2025-07-10,Google Ads,660.3,8539,2431
2025-07-10,Referral,888.9,18579,544
2025-07-10,Organic Search,6449.51,45506,476
2025-07-10,Influencer,7689.35,9957,831
2025-07-10,Email,14205.05,38361,2643
2025-07-11,Instagram Ads,6886.11,16013,181
2025-07-11,Google Ads,8739.13,1975,1396
2025-07-11,Referral,13559.14,13759,279
2025-07-11,Organic Search,2180.46,39727,706
2025-07-11,Influencer,5280.8,35528,1801
2025-07-11,Email,4592.18,2281,1108
2025-07-12,Instagram Ads,8159.39,49552,1350
2025-07-12,Google Ads,1163.54,14379,387
2025-07-12,Referral,4102.48,30478,1253
2025-07-12,Organic Search,10786.39,33014,542
2025-07-12,Influencer,12898.3,25794,1517
2025-07-12,Email,1250.78,32026,455
2025-07-13,Instagram Ads,5190.34,49282,2948
2025-07-13,Google Ads,13659.88,1699,2033
2025-07-13,Referral,4221.45,34745,957
2025-07-13,Organic Search,13420.86,10762,1836
2025-07-13,Influencer,8299.78,4619,385
2025-07-13,Email,2574.65,10467,2988
2025-07-14,Instagram Ads,14706.49,8047,1355
2025-07-14,Google Ads,12203.11,27511,760
2025-07-14,Referral,1196.12,44210,2833
2025-07-14,Organic Search,11777.39,45908,1982
2025-07-14,Influencer,8802.22,47678,2066
2025-07-14,Email,5039.03,31307,475
2025-07-15,Instagram Ads,11085.19,34132,1824
2025-07-15,Google Ads,13334.2,30393,626
2025-07-15,Referral,5827.05,2777,1836
2025-07-15,Organic Search,12817.72,31555,1052
2025-07-15,Influencer,6645.31,34731,1886
2025-07-15,Email,12139.29,43162,2950
2025-07-16,Instagram Ads,8950.61,39629,2902
2025-07-16,Google Ads,2646.14,44179,912
2025-07-16,Referral,2231.94,23717,493
2025-07-16,Organic Search,2096.37,42472,2334
2025-07-16,Influencer,1637.15,33340,2149
2025-07-16,Email,3370.43,15949,1401
2025-07-17,Instagram Ads,12763.39,5648,2584
2025-07-17,Google Ads,1352.33,46134,857
2025-07-17,Referral,10540.49,27859,1791
2025-07-17,Organic Search,10928.33,32716,1727
2025-07-17,Influencer,5727.23,34243,401
2025-07-17,Email,8124.44,34428,1032
2025-07-18,Instagram Ads,12150.21,25752,138
2025-07-18,Google Ads,6603.84,43602,2927
2025-07-18,Referral,7034.71,9667,1505
2025-07-18,Organic Search,5448.96,4625,1896
2025-07-18,Influencer,5490.91,18407,2399
2025-07-18,Email,3337.97,8647,2794
2025-07-19,Instagram Ads,7440.61,36101,703
2025-07-19,Google Ads,12621.96,28460,1139
2025-07-19,Referral,14279.8,36840,857
2025-07-19,Organic Search,4410.9,44349,1169
2025-07-19,Influencer,4949.75,18995,301
2025-07-19,Email,3154.79,34912,2187
2025-07-20,Instagram Ads,5355.86,21498,2481
2025-07-20,Google Ads,9118.25,6564,281
2025-07-20,Referral,7912.71,30657,493
2025-07-20,Organic Search,7583.43,29620,1597
2025-07-20,Influencer,11052.59,17187,1333
2025-07-20,Email,7602.77,1065,847
2025-07-21,Instagram Ads,12508.03,34262,330
2025-07-21,Google Ads,8315.02,35066,876
2025-07-21,Referral,2842.05,1625,1965
2025-07-21,Organic Search,14443.86,14361,2317
2025-07-21,Influencer,11142.8,26743,1397
2025-07-21,Email,13375.94,16291,1872
2025-07-22,Instagram Ads,548.45,9029,591
2025-07-22,Google Ads,14481.0,39989,2446
2025-07-22,Referral,3091.48,40925,1930
2025-07-22,Organic Search,9898.45,9743,1123
2025-07-22,Influencer,8795.36,30167,1719
2025-07-22,Email,1806.28,41030,2831
2025-07-23,Instagram Ads,3676.9,36058,2075
2025-07-23,Google Ads,7376.71,45627,1612
2025-07-23,Referral,1132.63,15537,467
2025-07-23,Organic Search,822.94,41957,2234
2025-07-23,Influencer,13879.04,9626,1119
2025-07-23,Email,5771.88,6199,555
2025-07-24,Instagram Ads,13752.63,33272,485
2025-07-24,Google Ads,8402.32,10130,1649
2025-07-24,Referral,5366.26,12819,1917
2025-07-24,Organic Search,2195.61,1611,1698
2025-07-24,Influencer,8186.67,27817,1783
2025-07-24,Email,12704.51,29591,1513
2025-07-25,Instagram Ads,12954.22,24997,2268
2025-07-25,Google Ads,4127.67,19576,802
2025-07-25,Referral,9726.88,38963,393
2025-07-25,Organic Search,9845.78,15091,1862
2025-07-25,Influencer,4371.91,30572,842
2025-07-25,Email,6652.44,24797,1749
2025-07-26,Instagram Ads,7687.96,5828,703
2025-07-26,Google Ads,12439.46,47056,712
2025-07-26,Referral,4841.26,37194,1875
2025-07-26,Organic Search,6772.51,20714,356
2025-07-26,Influencer,5161.79,32076,2790
2025-07-26,Email,2474.56,45462,1065
2025-07-27,Instagram Ads,14388.4,5283,2898
2025-07-27,Google Ads,14683.68,6440,1063
2025-07-27,Referral,8948.48,25805,2202
2025-07-27,Organic Search,13804.14,39724,2922
2025-07-27,Influencer,13352.16,12063,2104
2025-07-27,Email,2817.51,30569,1823
2025-07-28,Instagram Ads,7543.22,12563,781
2025-07-28,Google Ads,11727.26,33462,395
2025-07-28,Referral,11666.63,43147,364
2025-07-28,Organic Search,3622.71,24982,163
2025-07-28,Influencer,12295.8,47647,981
2025-07-28,Email,3239.2,28047,2177
2025-07-29,Instagram Ads,11394.71,39686,1227
2025-07-29,Google Ads,12377.65,19875,2527
2025-07-29,Referral,2541.09,37735,892
2025-07-29,Organic Search,6682.63,32542,1193
2025-07-29,Influencer,4797.44,13289,743
2025-07-29,Email,14383.79,22741,1899
2025-07-30,Instagram Ads,2157.74,38505,1402
2025-07-30,Google Ads,14307.35,24959,1161
2025-07-30,Referral,8701.71,29519,2262
2025-07-30,Organic Search,4169.15,11310,1920
2025-07-30,Influencer,10460.43,3783,1117
2025-07-30,Email,1500.98,48911,762
2025-07-31,Instagram Ads,13545.54,7079,2008
2025-07-31,Google Ads,7748.71,32853,419
2025-07-31,Referral,6085.62,39398,2466
2025-07-31,Organic Search,14609.68,19785,1162
2025-07-31,Influencer,4994.61,43349,2347
2025-07-31,Email,3228.29,25806,923
2025-08-01,Instagram Ads,14131.47,12376,1164
2025-08-01,Google Ads,7648.93,1727,1320
2025-08-01,Referral,2929.38,45671,2745
2025-08-01,Organic Search,14299.22,22116,2958
2025-08-01,Influencer,4431.39,31763,522
2025-08-01,Email,2895.72,3386,1856
2025-08-02,Instagram Ads,3863.31,6779,1618
2025-08-02,Google Ads,8555.86,36178,229
2025-08-02,Referral,6019.3,37743,792
2025-08-02,Organic Search,4414.44,17071,2584
2025-08-02,Influencer,9699.47,32063,2665
2025-08-02,Email,6848.89,46447,2023
2025-08-03,Instagram Ads,14531.04,13978,570
2025-08-03,Google Ads,14133.48,38215,2370
2025-08-03,Referral,8277.86,38849,464
2025-08-03,Organic Search,8489.25,46957,1444
2025-08-03,Influencer,9304.89,4358,1535
2025-08-03,Email,7780.4,20701,529
2025-08-04,Instagram Ads,8964.7,43451,2979
2025-08-04,Google Ads,4992.53,13019,1179
2025-08-04,Referral,6552.82,20368,2846
2025-08-04,Organic Search,13761.72,8555,323
2025-08-04,Influencer,13077.04,35203,66
2025-08-04,Email,12695.0,48539,1154
2025-08-05,Instagram Ads,6319.6,3992,2926
2025-08-05,Google Ads,760.82,8017,1780
2025-08-05,Referral,9228.32,36382,1136
2025-08-05,Organic Search,7610.95,34500,348
2025-08-05,Influencer,925.07,46288,1673
2025-08-05,Email,4057.58,1295,2854
2025-08-06,Instagram Ads,6868.82,5619,2352
2025-08-06,Google Ads,5895.46,37766,573
2025-08-06,Referral,2484.7,5251,1686
2025-08-06,Organic Search,4098.4,4015,1457
2025-08-06,Influencer,4587.71,19721,2555
2025-08-06,Email,7856.56,22412,2568
2025-08-07,Instagram Ads,794.1,8332,1999
2025-08-07,Google Ads,5534.63,12175,1317
2025-08-07,Referral,1387.82,1515,345
2025-08-07,Organic Search,7087.25,24735,150
2025-08-07,Influencer,4747.01,44597,1025
2025-08-07,Email,5220.69,36926,521
2025-08-08,Instagram Ads,4683.54,10915,1982
2025-08-08,Google Ads,14159.1,2566,360
2025-08-08,Referral,12670.57,49000,1527
2025-08-08,Organic Search,3976.11,35135,2077
2025-08-08,Influencer,9163.4,9857,2761
2025-08-08,Email,8313.05,39419,739
2025-08-09,Instagram Ads,9115.96,11098,1036
2025-08-09,Google Ads,7782.13,9111,379
2025-08-09,Referral,10010.68,33133,1188
2025-08-09,Organic Search,13417.93,3967,276
2025-08-09,Influencer,11849.99,17516,965
2025-08-09,Email,11429.45,26340,723
2025-08-10,Instagram Ads,8280.62,48644,2631
2025-08-10,Google Ads,4161.02,11956,966
2025-08-10,Referral,10077.34,26195,219
2025-08-10,Organic Search,14378.58,42368,922
2025-08-10,Influencer,5132.17,32057,617
2025-08-10,Email,9095.97,18920,646
2025-08-11,Instagram Ads,4643.03,32537,755
2025-08-11,Google Ads,12938.18,11304,1785
2025-08-11,Referral,4655.12,32382,661
2025-08-11,Organic Search,7772.21,17215,2678
2025-08-11,Influencer,4052.08,20968,1016
2025-08-11,Email,2799.63,25823,230
2025-08-12,Instagram Ads,11711.96,45979,2803
2025-08-12,Google Ads,3644.28,9922,664
2025-08-12,Referral,10048.56,22647,1587
2025-08-12,Organic Search,1954.38,43626,1499
2025-08-12,Influencer,8151.22,21001,2842
2025-08-12,Email,4445.46,5693,1919
2025-08-13,Instagram Ads,3675.01,41839,2127
2025-08-13,Google Ads,12125.85,46574,392
2025-08-13,Referral,11097.19,34786,391
2025-08-13,Organic Search,10915.76,38637,2956
2025-08-13,Influencer,14952.51,10395,1233
2025-08-13,Email,11107.74,44222,632
2025-08-14,Instagram Ads,4559.56,12177,2505
2025-08-14,Google Ads,6841.2,15838,1509
2025-08-14,Referral,12253.08,33261,1567
2025-08-14,Organic Search,2833.74,34603,2900
2025-08-14,Influencer,7870.08,10761,177
2025-08-14,Email,11531.39,15442,2461
2025-08-15,Instagram Ads,7606.1,18153,2580
2025-08-15,Google Ads,8434.76,2740,2532
2025-08-15,Referral,3054.97,16106,1719
2025-08-15,Organic Search,6919.22,35970,1556
2025-08-15,Influencer,12540.8,19061,1481
2025-08-15,Email,5482.58,49187,2483
2025-08-16,Instagram Ads,5019.37,18915,1303
2025-08-16,Google Ads,2542.92,40351,2695
2025-08-16,Referral,7217.37,15581,2053
2025-08-16,Organic Search,2629.0,37841,820
2025-08-16,Influencer,2871.89,16147,886
2025-08-16,Email,14635.56,17628,2233
2025-08-17,Instagram Ads,3591.38,32797,2808
2025-08-17,Google Ads,5618.39,46197,1882
2025-08-17,Referral,9749.69,15344,2067
2025-08-17,Organic Search,8349.92,7053,999
2025-08-17,Influencer,14552.31,13838,362
2025-08-17,Email,2053.07,26519,1401
2025-08-18,Instagram Ads,3625.96,10508,1770
2025-08-18,Google Ads,4157.93,25984,2895
2025-08-18,Referral,11265.22,25784,1871
2025-08-18,Organic Search,13700.72,30045,193
2025-08-18,Influencer,5637.91,8017,2011
2025-08-18,Email,1857.31,41768,2694
2025-08-19,Instagram Ads,1759.37,36383,963
2025-08-19,Google Ads,13669.86,15844,1001
2025-08-19,Referral,5807.79,11937,2639
2025-08-19,Organic Search,9974.3,25374,1429
2025-08-19,Influencer,748.14,14488,1423
2025-08-19,Email,11552.28,20994,513
2025-08-20,Instagram Ads,11532.36,4606,2945
2025-08-20,Google Ads,11090.03,48756,1116
2025-08-20,Referral,1705.88,16270,1856
2025-08-20,Organic Search,3292.15,44376,618
2025-08-20,Influencer,842.6,44375,2651
2025-08-20,Email,9998.99,9670,181
2025-08-21,Instagram Ads,1703.82,30824,985
2025-08-21,Google Ads,14474.94,36393,766
2025-08-21,Referral,12825.15,42335,1811
2025-08-21,Organic Search,11732.56,3576,1675
2025-08-21,Influencer,8314.72,42252,2328
2025-08-21,Email,10587.91,43115,1745
2025-08-22,Instagram Ads,6607.41,1048,2018
2025-08-22,Google Ads,739.15,41794,1742
2025-08-22,Referral,12196.81,36647,2261
2025-08-22,Organic Search,6409.43,15965,2486
2025-08-22,Influencer,11361.63,34398,1905
2025-08-22,Email,5034.79,29128,2346
2025-08-23,Instagram Ads,14228.81,38759,742
2025-08-23,Google Ads,9562.3,22759,2401
2025-08-23,Referral,11829.49,6301,403
2025-08-23,Organic Search,14567.35,9435,2582
2025-08-23,Influencer,14069.74,21001,2433
2025-08-23,Email,9921.06,35473,828
2025-08-24,Instagram Ads,5137.56,38262,1052
2025-08-24,Google Ads,2622.63,30050,1561
2025-08-24,Referral,3260.6,41481,2995
2025-08-24,Organic Search,6134.14,19997,2100
2025-08-24,Influencer,11292.48,13525,2864
2025-08-24,Email,10075.89,4616,2904
2025-08-25,Instagram Ads,13925.88,16893,103
2025-08-25,Google Ads,12788.93,22163,857
2025-08-25,Referral,3422.64,16541,2509
2025-08-25,Organic Search,10521.09,26691,2544
2025-08-25,Influencer,1526.32,7405,2758
2025-08-25,Email,8592.29,25914,1316
2025-08-26,Instagram Ads,13318.59,8265,352
2025-08-26,Google Ads,5414.84,26254,1251
2025-08-26,Referral,12519.03,44829,1082
2025-08-26,Organic Search,13903.38,22838,2528
2025-08-26,Influencer,13186.81,13574,2597
2025-08-26,Email,6522.62,25566,2486
2025-08-27,Instagram Ads,7349.82,10918,1821
2025-08-27,Google Ads,8978.09,4393,2208
2025-08-27,Referral,714.25,19468,1915
2025-08-27,Organic Search,545.05,13276,706
2025-08-27,Influencer,6534.9,49684,102
2025-08-27,Email,12493.87,34027,2226
2025-08-28,Instagram Ads,4937.67,44260,827
2025-08-28,Google Ads,13733.76,6299,874
2025-08-28,Referral,10565.6,18523,2588
2025-08-28,Organic Search,7162.98,8713,137
2025-08-28,Influencer,14520.88,14937,2352
2025-08-28,Email,8007.4,43294,2752
2025-08-29,Instagram Ads,9206.63,7608,709
2025-08-29,Google Ads,9535.78,1534,1323
2025-08-29,Referral,13164.12,49228,1165
2025-08-29,Organic Search,2838.76,10491,1025
2025-08-29,Influencer,11195.71,9162,1816
2025-08-29,Email,982.22,6599,135
2025-08-30,Instagram Ads,10125.22,41730,2065
2025-08-30,Google Ads,2650.07,37614,2605
2025-08-30,Referral,9651.8,14554,2968
2025-08-30,Organic Search,8208.76,5493,567
2025-08-30,Influencer,12770.03,42945,437
2025-08-30,Email,1068.62,24717,457
2025-08-31,Instagram Ads,582.44,28195,242
2025-08-31,Google Ads,12844.54,40289,2057
2025-08-31,Referral,12213.77,20823,2357
2025-08-31,Organic Search,7491.22,2713,1203
2025-08-31,Influencer,14104.3,42947,682
2025-08-31,Email,10644.77,39116,1842
2025-09-01,Instagram Ads,10261.44,31006,2806
2025-09-01,Google Ads,6377.92,28966,2797
2025-09-01,Referral,12448.35,7721,185
2025-09-01,Organic Search,1231.37,21313,1418
2025-09-01,Influencer,3416.52,40113,2953
2025-09-01,Email,9667.08,10149,600
2025-09-02,Instagram Ads,13764.69,26143,1389
2025-09-02,Google Ads,11281.01,16622,723
2025-09-02,Referral,7356.22,17943,2022
2025-09-02,Organic Search,11745.69,12707,2686
2025-09-02,Influencer,10337.58,1849,2023
2025-09-02,Email,14184.12,10991,853
2025-09-03,Instagram Ads,3808.7,9348,1927
2025-09-03,Google Ads,13697.08,25408,211
2025-09-03,Referral,8932.72,18907,1314
2025-09-03,Organic Search,12359.31,18005,2157
2025-09-03,Influencer,3721.05,33477,2777
2025-09-03,Email,14718.02,49956,2430
2025-09-04,Instagram Ads,13216.02,15033,1750
2025-09-04,Google Ads,631.71,5817,1681
2025-09-04,Referral,1684.86,47847,2149
2025-09-04,Organic Search,7379.1,49860,2964
2025-09-04,Influencer,6060.32,49229,176
2025-09-04,Email,13934.26,14113,1955
2025-09-05,Instagram Ads,2858.19,44095,1344
2025-09-05,Google Ads,7475.22,36733,1120
2025-09-05,Referral,8194.28,27401,904
2025-09-05,Organic Search,9195.92,30092,183
2025-09-05,Influencer,1982.68,14875,2152
2025-09-05,Email,9411.89,36732,467
2025-09-06,Instagram Ads,585.59,38289,1366
2025-09-06,Google Ads,12442.98,37384,2178
2025-09-06,Referral,2334.38,45069,904
2025-09-06,Organic Search,14019.14,16209,2825
2025-09-06,Influencer,14797.55,23067,2219
2025-09-06,Email,6725.92,15046,1170
2025-09-07,Instagram Ads,14733.68,10280,2739
2025-09-07,Google Ads,2403.12,20117,587
2025-09-07,Referral,2590.42,20798,361
2025-09-07,Organic Search,741.57,17943,2654
2025-09-07,Influencer,4482.84,10248,837
2025-09-07,Email,13463.92,24807,1610
2025-09-08,Instagram Ads,12425.82,23116,1843
2025-09-08,Google Ads,7053.92,1823,1704
2025-09-08,Referral,2066.44,42802,669
2025-09-08,Organic Search,5678.86,9143,2040
2025-09-08,Influencer,4242.2,20778,756
2025-09-08,Email,2308.43,36484,1324
2025-09-09,Instagram Ads,3900.31,41447,2247
2025-09-09,Google Ads,12574.12,37892,868
2025-09-09,Referral,10622.13,38165,159
2025-09-09,Organic Search,4109.5,7571,1832
2025-09-09,Influencer,9267.78,18123,1646
2025-09-09,Email,6763.14,34887,92
2025-09-10,Instagram Ads,11601.72,10830,1657
2025-09-10,Google Ads,10141.0,48925,2322
2025-09-10,Referral,7394.27,49684,2341
2025-09-10,Organic Search,5510.52,42275,2616
2025-09-10,Influencer,1989.61,28799,2767
2025-09-10,Email,14310.94,47757,2921
2025-09-11,Instagram Ads,6691.88,10657,1198
2025-09-11,Google Ads,7628.54,45835,1588
2025-09-11,Referral,13855.71,37155,1385
2025-09-11,Organic Search,11889.57,39386,1918
2025-09-11,Influencer,5981.73,20799,1802
2025-09-11,Email,8672.18,29377,1555
2025-09-12,Instagram Ads,9171.45,42852,214
2025-09-12,Google Ads,3153.24,11489,1987
2025-09-12,Referral,12704.34,30815,2910
2025-09-12,Organic Search,4812.59,41273,1187
2025-09-12,Influencer,14904.61,36702,800
2025-09-12,Email,5314.74,20067,1333
2025-09-13,Instagram Ads,7283.29,16939,1256
2025-09-13,Google Ads,4776.23,30633,2786
2025-09-13,Referral,8598.15,12231,217
2025-09-13,Organic Search,1193.36,13554,2058
2025-09-13,Influencer,10112.24,34535,1062
2025-09-13,Email,5749.68,11435,2810
2025-09-14,Instagram Ads,8072.41,16370,2036
2025-09-14,Google Ads,2371.6,18299,758
2025-09-14,Referral,13219.3,4030,1228
2025-09-14,Organic Search,6583.25,25031,981
2025-09-14,Influencer,14344.48,21517,698
2025-09-14,Email,1464.28,33276,2656
2025-09-15,Instagram Ads,1395.84,23115,1996
2025-09-15,Google Ads,2450.26,33438,1911
2025-09-15,Referral,8798.87,13641,228
2025-09-15,Organic Search,12202.5,4111,644
2025-09-15,Influencer,10961.2,4208,837
2025-09-15,Email,1058.36,13508,872
2025-09-16,Instagram Ads,1206.98,32838,1949
2025-09-16,Google Ads,8686.02,2162,164
2025-09-16,Referral,9732.75,9530,414
2025-09-16,Organic Search,12682.1,13785,789
2025-09-16,Influencer,4068.85,36603,1315
2025-09-16,Email,1403.77,38357,2556
2025-09-17,Instagram Ads,5413.11,23185,90
2025-09-17,Google Ads,13967.86,29132,710
2025-09-17,Referral,7540.2,37514,555
2025-09-17,Organic Search,1236.5,14098,340
2025-09-17,Influencer,9139.26,25003,1216
2025-09-17,Email,4497.67,36603,270
2025-09-18,Instagram Ads,6762.41,30488,1612
2025-09-18,Google Ads,4428.4,29371,624
2025-09-18,Referral,9727.47,45800,184
2025-09-18,Organic Search,10145.94,47713,1777
2025-09-18,Influencer,5177.36,27150,1475
2025-09-18,Email,1738.05,27297,1357
2025-09-19,Instagram Ads,13116.14,17388,2001
2025-09-19,Google Ads,12698.08,32619,202
2025-09-19,Referral,4452.3,43614,314
2025-09-19,Organic Search,11896.76,8818,1538
2025-09-19,Influencer,2594.51,37367,1892
2025-09-19,Email,6858.34,35642,2068
2025-09-20,Instagram Ads,12065.76,2761,75
2025-09-20,Google Ads,8728.63,23354,1160
2025-09-20,Referral,13727.98,4670,1716
2025-09-20,Organic Search,9737.95,14444,1444
2025-09-20,Influencer,9569.68,27114,1033
2025-09-20,Email,10190.17,34748,2732
2025-09-21,Instagram Ads,2198.58,13724,1376
2025-09-21,Google Ads,12554.47,43290,842
2025-09-21,Referral,14558.15,43776,927
2025-09-21,Organic Search,6737.42,26743,683
2025-09-21,Influencer,582.77,33338,1741
2025-09-21,Email,1313.59,42809,209
2025-09-22,Instagram Ads,9634.4,3101,1875
2025-09-22,Google Ads,4074.06,16552,1670
2025-09-22,Referral,6579.46,36198,227
2025-09-22,Organic Search,4008.08,29466,2544
2025-09-22,Influencer,9819.59,29534,116
2025-09-22,Email,7008.17,40730,107
2025-09-23,Instagram Ads,4394.1,26197,2687
2025-09-23,Google Ads,6757.69,3905,1428
2025-09-23,Referral,5360.94,16496,315
2025-09-23,Organic Search,8966.85,19255,2399
2025-09-23,Influencer,14716.08,18938,1148
2025-09-23,Email,9391.81,40824,326
2025-09-24,Instagram Ads,9968.5,26477,399
2025-09-24,Google Ads,5777.87,3860,814
2025-09-24,Referral,11959.87,29749,2546
2025-09-24,Organic Search,10632.02,10970,1756
2025-09-24,Influencer,10011.77,10135,1378
2025-09-24,Email,5376.7,22833,1874
2025-09-25,Instagram Ads,13379.37,8032,2589
2025-09-25,Google Ads,13718.75,48125,1462
2025-09-25,Referral,14959.71,3848,2185
2025-09-25,Organic Search,9687.66,41135,206
2025-09-25,Influencer,6791.03,2640,1000
2025-09-25,Email,6525.98,18409,104
2025-09-26,Instagram Ads,8940.42,6772,2956
2025-09-26,Google Ads,11460.12,6122,1754
2025-09-26,Referral,8703.37,9082,1055
2025-09-26,Organic Search,13969.62,13954,1067
2025-09-26,Influencer,5976.54,20102,1372
2025-09-26,Email,12010.58,12309,2237
2025-09-27,Instagram Ads,950.3,44643,949
2025-09-27,Google Ads,3238.52,49541,1632
2025-09-27,Referral,4237.41,18489,1583
2025-09-27,Organic Search,11862.89,7247,1709
2025-09-27,Influencer,4878.71,18915,1753
2025-09-27,Email,13702.03,22515,697
2025-09-28,Instagram Ads,9714.99,27876,2309
2025-09-28,Google Ads,2144.28,41121,497
2025-09-28,Referral,5743.82,31561,1285
2025-09-28,Organic Search,9947.63,2193,2630
2025-09-28,Influencer,7557.44,39510,1083
2025-09-28,Email,8781.69,29761,2728
2025-09-29,Instagram Ads,10566.04,41012,2879
2025-09-29,Google Ads,923.21,2075,2791
2025-09-29,Referral,11139.76,36566,456
2025-09-29,Organic Search,2517.99,29812,304
2025-09-29,Influencer,6197.25,11178,2901
2025-09-29,Email,9441.75,48304,728
2025-09-30,Instagram Ads,14286.55,18402,2302
2025-09-30,Google Ads,8975.24,46881,1843
2025-09-30,Referral,1470.47,32192,260
2025-09-30,Organic Search,14874.71,32994,1481
2025-09-30,Influencer,9326.34,22583,184
2025-09-30,Email,14705.88,2198,2810
2025-10-01,Instagram Ads,10049.96,12964,513
2025-10-01,Google Ads,10351.61,49817,1896
2025-10-01,Referral,9497.43,46486,1776
2025-10-01,Organic Search,4899.74,43283,1872
2025-10-01,Influencer,601.52,21334,2874
2025-10-01,Email,8573.27,44435,167
2025-10-02,Instagram Ads,1689.92,23366,1681
2025-10-02,Google Ads,1505.49,21342,1837
2025-10-02,Referral,6470.04,22773,1738
2025-10-02,Organic Search,14965.07,23729,313
2025-10-02,Influencer,2540.34,25359,322
2025-10-02,Email,6618.73,9879,2105
2025-10-03,Instagram Ads,11010.51,2927,766
2025-10-03,Google Ads,6038.93,8158,1175
2025-10-03,Referral,3096.16,10970,2203
2025-10-03,Organic Search,13857.58,44441,1247
2025-10-03,Influencer,7737.45,26200,2450
2025-10-03,Email,7556.89,23532,551
2025-10-04,Instagram Ads,3551.68,35574,351
2025-10-04,Google Ads,9301.79,36364,139
2025-10-04,Referral,9799.79,18470,1590
2025-10-04,Organic Search,3863.43,23061,2858
2025-10-04,Influencer,8477.93,3556,224
2025-10-04,Email,11304.68,43532,599
2025-10-05,Instagram Ads,14020.26,30502,611
2025-10-05,Google Ads,9351.22,30268,466
2025-10-05,Referral,4365.97,7921,598
2025-10-05,Organic Search,2083.97,12832,2548
2025-10-05,Influencer,1089.75,23717,2188
2025-10-05,Email,7781.18,48797,2111
2025-10-06,Instagram Ads,4724.35,39239,852
2025-10-06,Google Ads,14368.38,42499,2641
2025-10-06,Referral,10959.87,12036,1586
2025-10-06,Organic Search,9637.45,46633,911
2025-10-06,Influencer,1816.79,15522,2867
2025-10-06,Email,4870.51,17727,1786
2025-10-07,Instagram Ads,898.51,34563,332
2025-10-07,Google Ads,10934.26,11492,2605
2025-10-07,Referral,5395.26,9389,494
2025-10-07,Organic Search,14383.6,44396,1017
2025-10-07,Influencer,8389.56,23449,720
2025-10-07,Email,2441.98,41327,943
2025-10-08,Instagram Ads,2263.62,5293,1324
2025-10-08,Google Ads,14057.34,15731,374
2025-10-08,Referral,1650.06,21368,2028
2025-10-08,Organic Search,12356.72,39143,2882
2025-10-08,Influencer,7055.73,48779,84
2025-10-08,Email,4234.98,41885,2614
2025-10-09,Instagram Ads,10459.69,35957,2763
2025-10-09,Google Ads,7896.99,44061,982
2025-10-09,Referral,1633.32,47591,762
2025-10-09,Organic Search,750.87,44322,195
2025-10-09,Influencer,5055.06,16072,2436
2025-10-09,Email,5459.95,21313,1051
2025-10-10,Instagram Ads,11482.6,11939,2156
2025-10-10,Google Ads,4514.7,43228,363
2025-10-10,Referral,13974.85,40151,2772
2025-10-10,Organic Search,11497.26,14699,2244
2025-10-10,Influencer,7142.42,35200,2140
2025-10-10,Email,4420.06,6026,63
2025-10-11,Instagram Ads,6853.97,38480,378
2025-10-11,Google Ads,4310.03,35570,1897
2025-10-11,Referral,6511.09,19422,781
2025-10-11,Organic Search,6906.71,1296,75
2025-10-11,Influencer,8981.86,4418,465
2025-10-11,Email,8230.7,32853,299
2025-10-12,Instagram Ads,13291.39,28411,2659
2025-10-12,Google Ads,12613.93,49874,2616
2025-10-12,Referral,8389.73,10684,2387
2025-10-12,Organic Search,2642.62,18803,278
2025-10-12,Influencer,1654.57,25733,757
2025-10-12,Email,12719.96,2336,409
2025-10-13,Instagram Ads,11754.87,36434,191
2025-10-13,Google Ads,14088.54,31430,1040
2025-10-13,Referral,14459.79,34984,478
2025-10-13,Organic Search,12319.25,31391,1552
2025-10-13,Influencer,9575.58,43022,181
2025-10-13,Email,7092.03,10850,353
2025-10-14,Instagram Ads,7801.98,37474,2593
2025-10-14,Google Ads,14826.14,29236,1767
2025-10-14,Referral,13644.92,23951,2683
2025-10-14,Organic Search,1310.57,22904,1793
2025-10-14,Influencer,5744.19,25275,1005
2025-10-14,Email,4553.63,2506,255
2025-10-15,Instagram Ads,12071.65,29537,2846
2025-10-15,Google Ads,13398.54,6413,1737
2025-10-15,Referral,1495.75,9834,1923
2025-10-15,Organic Search,6952.32,16337,2815
2025-10-15,Influencer,9354.83,38110,1405
2025-10-15,Email,4256.62,14765,2831
2025-10-16,Instagram Ads,1857.26,42118,2629
2025-10-16,Google Ads,9954.88,7159,351
2025-10-16,Referral,8328.19,39699,2168
2025-10-16,Organic Search,2108.8,19285,2976
2025-10-16,Influencer,13558.47,43730,523
2025-10-16,Email,7852.17,38783,788
2025-10-17,Instagram Ads,8715.49,16824,261
2025-10-17,Google Ads,14055.35,20337,2819
2025-10-17,Referral,14205.92,40731,643
2025-10-17,Organic Search,2773.22,39128,1141
2025-10-17,Influencer,6484.12,37143,2609
2025-10-17,Email,7288.41,42233,467
2025-10-18,Instagram Ads,6411.21,27942,560
2025-10-18,Google Ads,2189.06,25389,1947
2025-10-18,Referral,1026.48,4240,433
2025-10-18,Organic Search,12548.99,38587,692
2025-10-18,Influencer,1368.2,32143,995
2025-10-18,Email,6925.07,46767,1838
2025-10-19,Instagram Ads,6323.94,24528,2787
2025-10-19,Google Ads,13542.26,32021,522
2025-10-19,Referral,9322.16,22715,2026
2025-10-19,Organic Search,2894.39,3806,831
2025-10-19,Influencer,4347.37,43804,990
2025-10-19,Email,8422.9,21548,344
2025-10-20,Instagram Ads,7227.43,33539,2828
2025-10-20,Google Ads,13684.82,44198,2680
2025-10-20,Referral,14090.49,43835,2715
2025-10-20,Organic Search,3835.83,32291,658
2025-10-20,Influencer,12056.11,12161,1461
2025-10-20,Email,12632.12,47803,166
2025-10-21,Instagram Ads,6275.57,13539,1460
2025-10-21,Google Ads,9380.6,15354,545
2025-10-21,Referral,2768.41,8684,2908
2025-10-21,Organic Search,5717.76,44428,240
2025-10-21,Influencer,939.84,40221,2522
2025-10-21,Email,2069.62,41939,2465
2025-10-22,Instagram Ads,8142.26,48673,1169
2025-10-22,Google Ads,8080.35,29346,434
2025-10-22,Referral,3661.12,6461,447
2025-10-22,Organic Search,501.46,22385,2179
2025-10-22,Influencer,880.76,31487,2867
2025-10-22,Email,1739.96,39663,427
2025-10-23,Instagram Ads,2908.2,45928,1089
2025-10-23,Google Ads,10910.19,45056,2427
2025-10-23,Referral,3828.65,32178,2539
2025-10-23,Organic Search,5719.69,25681,974
2025-10-23,Influencer,8064.69,20828,1369
2025-10-23,Email,4123.05,48563,1178
2025-10-24,Instagram Ads,12995.73,36837,514
2025-10-24,Google Ads,9488.26,26183,758
2025-10-24,Referral,12493.6,48348,2832
2025-10-24,Organic Search,1185.4,13483,1867
2025-10-24,Influencer,3879.59,13887,1956
2025-10-24,Email,11807.38,45697,1459
2025-10-25,Instagram Ads,7436.82,3347,2172
2025-10-25,Google Ads,1511.55,5177,2896
2025-10-25,Referral,8302.54,47521,100
2025-10-25,Organic Search,14137.59,30844,2077
2025-10-25,Influencer,13234.98,36444,977
2025-10-25,Email,3606.26,28968,2206
2025-10-26,Instagram Ads,3183.6,5181,1240
2025-10-26,Google Ads,10544.76,47811,1290
2025-10-26,Referral,6249.61,24289,1542
2025-10-26,Organic Search,6999.19,15559,322
2025-10-26,Influencer,1393.29,3878,606
2025-10-26,Email,14875.96,29043,2338
2025-10-27,Instagram Ads,9331.68,30061,1319
2025-10-27,Google Ads,12799.88,12971,1993
2025-10-27,Referral,5126.96,5640,1169
2025-10-27,Organic Search,8089.07,5113,770
2025-10-27,Influencer,14989.49,23917,588
2025-10-27,Email,9486.7,45518,1710
2025-10-28,Instagram Ads,5503.9,40910,2079
2025-10-28,Google Ads,8728.63,19061,1899
2025-10-28,Referral,4146.83,5306,2781
2025-10-28,Organic Search,13841.15,22873,2308
2025-10-28,Influencer,9876.09,28333,2205
2025-10-28,Email,12997.33,19517,2416
2025-10-29,Instagram Ads,12335.82,30138,704
2025-10-29,Google Ads,5730.12,22690,743
2025-10-29,Referral,13143.44,13405,660
2025-10-29,Organic Search,4478.54,10061,821
2025-10-29,Influencer,969.09,35173,2441
2025-10-29,Email,13612.77,48252,349
2025-10-30,Instagram Ads,2477.2,49870,2427
2025-10-30,Google Ads,4590.15,41322,1852
2025-10-30,Referral,2025.12,49956,1331
2025-10-30,Organic Search,14750.88,8015,245
2025-10-30,Influencer,2653.88,45029,1061
2025-10-30,Email,8787.96,8611,1314
2025-10-31,Instagram Ads,10112.23,45090,2877
2025-10-31,Google Ads,9045.83,5045,2378
2025-10-31,Referral,4888.37,8966,1859
2025-10-31,Organic Search,12489.25,48651,1115
2025-10-31,Influencer,9546.16,7396,2373
2025-10-31,Email,3036.52,34384,879
2025-11-01,Instagram Ads,2537.06,38110,1565
2025-11-01,Google Ads,12363.8,8328,74
2025-11-01,Referral,9063.31,28966,2917
2025-11-01,Organic Search,12648.06,30585,176
2025-11-01,Influencer,10403.31,12608,1262
2025-11-01,Email,9532.18,5801,1746
2025-11-02,Instagram Ads,8877.4,40912,964
2025-11-02,Google Ads,12022.86,48284,1922
2025-11-02,Referral,9832.0,30687,1947
2025-11-02,Organic Search,6506.11,40849,1983
2025-11-02,Influencer,4457.73,26510,1856
2025-11-02,Email,9298.56,1129,2896
2025-11-03,Instagram Ads,13417.0,10627,533
2025-11-03,Google Ads,14055.08,49165,2039
2025-11-03,Referral,12726.58,12508,350
2025-11-03,Organic Search,9895.14,46923,2833
2025-11-03,Influencer,14172.55,32703,2522
2025-11-03,Email,11889.69,47801,277
2025-11-04,Instagram Ads,6363.45,34618,2714
2025-11-04,Google Ads,4167.61,26789,1240
2025-11-04,Referral,3076.68,33741,1065
2025-11-04,Organic Search,4865.1,44343,1860
2025-11-04,Influencer,14026.52,13502,2818
2025-11-04,Email,14717.54,34614,1930
2025-11-05,Instagram Ads,3296.86,6720,399
2025-11-05,Google Ads,13123.82,24973,1231
2025-11-05,Referral,11060.96,12818,1334
2025-11-05,Organic Search,8643.85,31787,1172
2025-11-05,Influencer,5135.97,20058,1329
2025-11-05,Email,14995.92,8856,891
2025-11-06,Instagram Ads,2877.81,36155,502
2025-11-06,Google Ads,13163.01,25480,1631
2025-11-06,Referral,1627.63,28521,2098
2025-11-06,Organic Search,3191.86,16438,2759
2025-11-06,Influencer,11010.56,41810,2960
2025-11-06,Email,997.02,20124,1813
2025-11-07,Instagram Ads,555.47,34908,1249
2025-11-07,Google Ads,6099.48,45001,1860
2025-11-07,Referral,14635.02,3198,1975
2025-11-07,Organic Search,2432.72,35643,237
2025-11-07,Influencer,11491.49,8124,2154
2025-11-07,Email,7426.88,41722,2527
2025-11-08,Instagram Ads,7506.85,32990,2527
2025-11-08,Google Ads,13823.62,36436,1090
2025-11-08,Referral,8575.78,21885,2912
2025-11-08,Organic Search,14839.49,33127,1900
2025-11-08,Influencer,10597.63,5740,1520
2025-11-08,Email,11155.53,11624,2070
2025-11-09,Instagram Ads,5162.35,1922,1957
2025-11-09,Google Ads,9696.63,14399,1793
2025-11-09,Referral,1700.88,16655,817
2025-11-09,Organic Search,1014.88,4713,1679
2025-11-09,Influencer,12697.92,11671,749
2025-11-09,Email,3312.47,12265,2682
2025-11-10,Instagram Ads,7842.84,7261,2680
2025-11-10,Google Ads,12711.07,49256,2431
2025-11-10,Referral,12195.13,30911,2356
2025-11-10,Organic Search,9533.48,6214,477
2025-11-10,Influencer,11945.0,14902,157
2025-11-10,Email,7385.36,28556,1637
2025-11-11,Instagram Ads,1805.83,40295,2934
2025-11-11,Google Ads,6371.37,8187,2419
2025-11-11,Referral,6874.66,29284,2482
2025-11-11,Organic Search,6855.74,5406,1609
2025-11-11,Influencer,3010.95,25881,2055
2025-11-11,Email,1871.49,18749,312
2025-11-12,Instagram Ads,6786.63,36761,761
2025-11-12,Google Ads,6401.44,46190,1539
2025-11-12,Referral,8918.41,3689,272
2025-11-12,Organic Search,6955.2,11590,504
2025-11-12,Influencer,14979.42,10047,1901
2025-11-12,Email,1561.24,48612,625
2025-11-13,Instagram Ads,1735.34,24220,555
2025-11-13,Google Ads,11708.09,30108,2715
2025-11-13,Referral,14389.48,40762,1701
2025-11-13,Organic Search,11441.63,31061,946
2025-11-13,Influencer,2084.2,29102,1995
2025-11-13,Email,3448.54,17560,2374
2025-11-14,Instagram Ads,9505.01,37316,1110
2025-11-14,Google Ads,2595.63,32995,2178
2025-11-14,Referral,6505.18,7046,1882
2025-11-14,Organic Search,7753.15,19333,88
2025-11-14,Influencer,5198.67,36513,1477
2025-11-14,Email,13910.94,43619,512
2025-11-15,Instagram Ads,2356.71,27721,483
2025-11-15,Google Ads,2336.45,25742,2148
2025-11-15,Referral,12344.07,17314,1974
2025-11-15,Organic Search,683.16,18727,1140
2025-11-15,Influencer,9469.83,33912,1918
2025-11-15,Email,7518.58,46949,2878
2025-11-16,Instagram Ads,5821.66,43473,2539
2025-11-16,Google Ads,11306.15,9227,2067
2025-11-16,Referral,8544.14,7428,645
2025-11-16,Organic Search,10467.3,40053,2122
2025-11-16,Influencer,3888.57,48060,2357
2025-11-16,Email,10430.01,6026,2470
2025-11-17,Instagram Ads,7626.69,48456,2775
2025-11-17,Google Ads,8883.16,28509,2104
2025-11-17,Referral,6598.29,18429,700
2025-11-17,Organic Search,2204.97,5435,380
2025-11-17,Influencer,13690.12,9757,2946
2025-11-17,Email,12186.93,5361,78
2025-11-18,Instagram Ads,9021.81,5340,603
2025-11-18,Google Ads,8148.14,10888,2012
2025-11-18,Referral,7563.94,25743,2746
2025-11-18,Organic Search,13717.39,13524,2535
2025-11-18,Influencer,8718.69,37729,2928
2025-11-18,Email,3586.15,33171,1802
2025-11-19,Instagram Ads,10872.44,42159,1963
2025-11-19,Google Ads,3810.24,11276,1776
2025-11-19,Referral,11437.81,21127,713
2025-11-19,Organic Search,6817.08,28204,1893
2025-11-19,Influencer,6918.08,2817,406
2025-11-19,Email,4300.65,9713,877
2025-11-20,Instagram Ads,5434.31,9964,2039
2025-11-20,Google Ads,10289.07,45165,1146
2025-11-20,Referral,3970.64,3451,1924
2025-11-20,Organic Search,1549.85,49612,1713
2025-11-20,Influencer,2556.05,48570,2037
2025-11-20,Email,6312.52,18000,2019
2025-11-21,Instagram Ads,8163.51,46688,1309
2025-11-21,Google Ads,8065.17,2844,2674
2025-11-21,Referral,5072.8,17445,532
2025-11-21,Organic Search,3827.18,47419,145
2025-11-21,Influencer,6312.15,26779,231
2025-11-21,Email,11000.82,41168,2924
2025-11-22,Instagram Ads,12980.59,10406,2570
2025-11-22,Google Ads,4903.6,8711,878
2025-11-22,Referral,14733.92,24246,1732
2025-11-22,Organic Search,592.82,39799,263
2025-11-22,Influencer,1604.35,18071,2181
2025-11-22,Email,705.48,37341,343
2025-11-23,Instagram Ads,1348.93,29122,2616
2025-11-23,Google Ads,5411.46,39904,1542
2025-11-23,Referral,10455.82,14369,2677
2025-11-23,Organic Search,6289.34,15249,2844
2025-11-23,Influencer,11833.58,29178,752
2025-11-23,Email,14702.52,32118,1370
2025-11-24,Instagram Ads,814.13,49378,2637
2025-11-24,Google Ads,4761.7,11094,807
2025-11-24,Referral,10939.64,1659,698
2025-11-24,Organic Search,7485.19,18963,1643
2025-11-24,Influencer,14190.11,12948,1210
2025-11-24,Email,12933.0,25611,2869
2025-11-25,Instagram Ads,7991.77,30617,1425
2025-11-25,Google Ads,9127.82,17965,2986
2025-11-25,Referral,5669.55,32674,2906
2025-11-25,Organic Search,1288.71,10452,925
2025-11-25,Influencer,11402.33,31871,2664
2025-11-25,Email,11989.95,3823,1394
2025-11-26,Instagram Ads,5965.76,3719,141
2025-11-26,Google Ads,6482.9,21020,484
2025-11-26,Referral,5904.84,26228,2078
2025-11-26,Organic Search,9351.4,45130,587
2025-11-26,Influencer,4660.16,2480,2643
2025-11-26,Email,8284.37,46995,1169
2025-11-27,Instagram Ads,12627.09,21713,2737
2025-11-27,Google Ads,14565.95,43131,1564
2025-11-27,Referral,14839.26,2111,1908
2025-11-27,Organic Search,5313.81,28182,1109
2025-11-27,Influencer,4939.51,25655,2614
2025-11-27,Email,4090.64,38505,798
2025-11-28,Instagram Ads,1889.88,37367,541
2025-11-28,Google Ads,8766.5,21354,730
2025-11-28,Referral,12797.34,47914,302
2025-11-28,Organic Search,12934.68,13815,1690
2025-11-28,Influencer,5804.74,49785,1374
2025-11-28,Email,1648.97,5889,2967
2025-11-29,Instagram Ads,14149.78,28934,256
2025-11-29,Google Ads,1231.42,12604,2951
2025-11-29,Referral,2500.94,28984,2840
2025-11-29,Organic Search,14689.92,22686,2965
2025-11-29,Influencer,6618.78,40080,2584
2025-11-29,Email,2774.39,25604,600
2025-11-30,Instagram Ads,4883.84,19220,2989
2025-11-30,Google Ads,11067.72,7372,1948
2025-11-30,Referral,11921.74,44075,316
2025-11-30,Organic Search,12812.63,35267,2824
2025-11-30,Influencer,11181.47,36205,2549
2025-11-30,Email,10720.37,26510,1526
2025-12-01,Instagram Ads,14445.57,43584,2337
2025-12-01,Google Ads,6038.5,20582,1718
2025-12-01,Referral,9387.76,44054,527
2025-12-01,Organic Search,10534.13,39182,960
2025-12-01,Influencer,12363.97,25999,2254
2025-12-01,Email,7232.79,24748,2011
2025-12-02,Instagram Ads,4491.32,6911,748
2025-12-02,Google Ads,13649.83,47800,2131
2025-12-02,Referral,7364.54,32829,98
2025-12-02,Organic Search,10335.28,18499,1312
2025-12-02,Influencer,13939.87,5655,2256
2025-12-02,Email,6112.15,20436,2750
2025-12-03,Instagram Ads,1422.24,40503,262
2025-12-03,Google Ads,4182.29,36379,264
2025-12-03,Referral,7858.84,27727,625
2025-12-03,Organic Search,10839.34,35122,2976
2025-12-03,Influencer,3856.74,48708,2919
2025-12-03,Email,5249.91,32563,463
2025-12-04,Instagram Ads,4584.53,31598,179
2025-12-04,Google Ads,9006.95,6495,2489
2025-12-04,Referral,1706.68,12974,2937
2025-12-04,Organic Search,1425.99,22984,2736
2025-12-04,Influencer,8951.1,22953,988
2025-12-04,Email,14270.2,15052,2625
2025-12-05,Instagram Ads,2453.55,19886,538
2025-12-05,Google Ads,2886.08,28790,1747
2025-12-05,Referral,6345.69,12654,2741
2025-12-05,Organic Search,1156.83,37807,1387
2025-12-05,Influencer,6184.4,3847,2562
2025-12-05,Email,551.18,10978,2159
2025-12-06,Instagram Ads,8446.63,20906,331
2025-12-06,Google Ads,1513.06,6055,2979
2025-12-06,Referral,2225.74,9626,168
2025-12-06,Organic Search,1803.07,3210,683
2025-12-06,Influencer,11834.09,6894,1423
2025-12-06,Email,5857.12,17665,3000
2025-12-07,Instagram Ads,2693.57,46291,1876
2025-12-07,Google Ads,10224.0,6972,2694
2025-12-07,Referral,4457.94,4394,1326
2025-12-07,Organic Search,13802.25,9938,2185
2025-12-07,Influencer,8273.81,27626,1238
2025-12-07,Email,11101.22,34225,2142
2025-12-08,Instagram Ads,810.17,41520,153
2025-12-08,Google Ads,10763.61,17530,2606
2025-12-08,Referral,10554.79,11238,1609
2025-12-08,Organic Search,901.34,47109,497
2025-12-08,Influencer,14559.17,49574,2105
2025-12-08,Email,14400.01,20217,1624
2025-12-09,Instagram Ads,4509.79,7147,877
2025-12-09,Google Ads,7550.76,37654,489
2025-12-09,Referral,2029.67,11975,905
2025-12-09,Organic Search,1626.48,18179,2337
2025-12-09,Influencer,8231.85,16006,1751
2025-12-09,Email,6637.16,3173,767
2025-12-10,Instagram Ads,9320.82,25089,1147
2025-12-10,Google Ads,13852.61,23507,2358
2025-12-10,Referral,10705.85,49712,2642
2025-12-10,Organic Search,13899.18,30309,1398
2025-12-10,Influencer,12415.19,13072,1737
2025-12-10,Email,5526.78,33048,205
2025-12-11,Instagram Ads,12437.36,23698,1731
2025-12-11,Google Ads,2522.93,46855,1236
2025-12-11,Referral,4614.42,13638,648
2025-12-11,Organic Search,9514.98,3131,2960
2025-12-11,Influencer,14008.54,36467,410
2025-12-11,Email,10739.67,28924,227
2025-12-12,Instagram Ads,10839.4,40019,1733
2025-12-12,Google Ads,3081.09,45930,1058
2025-12-12,Referral,8698.14,22399,2661
2025-12-12,Organic Search,6787.69,13763,1615
2025-12-12,Influencer,1849.38,7702,84
2025-12-12,Email,13589.1,1472,883
2025-12-13,Instagram Ads,7687.33,42131,2650
2025-12-13,Google Ads,12835.87,45958,657
2025-12-13,Referral,2299.15,10840,86
2025-12-13,Organic Search,9483.48,41296,2149
2025-12-13,Influencer,11789.49,3384,251
2025-12-13,Email,10557.27,33514,1961
2025-12-14,Instagram Ads,12738.51,22489,1881
2025-12-14,Google Ads,13921.32,24712,1533
2025-12-14,Referral,11899.51,22663,1629
2025-12-14,Organic Search,2504.66,46237,821
2025-12-14,Influencer,8840.64,19609,2084
2025-12-14,Email,6532.65,27774,2933
2025-12-15,Instagram Ads,9441.77,49278,1205
2025-12-15,Google Ads,12603.78,30921,2139
2025-12-15,Referral,12031.76,41592,2913
2025-12-15,Organic Search,13114.7,44488,78
2025-12-15,Influencer,8903.55,8870,2517
2025-12-15,Email,11033.32,2896,2452
2025-12-16,Instagram Ads,5036.56,41567,300
2025-12-16,Google Ads,5694.82,2159,931
2025-12-16,Referral,12410.65,26542,1712
2025-12-16,Organic Search,11580.89,9782,2894
2025-12-16,Influencer,5431.31,7369,274
2025-12-16,Email,3876.11,24868,1066
2025-12-17,Instagram Ads,865.5,31679,187
2025-12-17,Google Ads,3962.52,1050,714
2025-12-17,Referral,4507.07,32722,2017
2025-12-17,Organic Search,6574.23,41915,1770
2025-12-17,Influencer,8528.44,37369,1875
2025-12-17,Email,11111.24,28846,1253
2025-12-18,Instagram Ads,1801.69,34289,268
2025-12-18,Google Ads,14761.85,41815,2757
2025-12-18,Referral,14243.02,1503,1974
2025-12-18,Organic Search,10008.55,37917,2565
2025-12-18,Influencer,11139.04,33471,750
2025-12-18,Email,3051.52,35549,1437
2025-12-19,Instagram Ads,5593.56,23365,2636
2025-12-19,Google Ads,6996.17,14280,1107
2025-12-19,Referral,3443.66,19559,2398
2025-12-19,Organic Search,1845.11,6027,2769
2025-12-19,Influencer,1225.69,16285,2723
2025-12-19,Email,9587.11,23461,2066
2025-12-20,Instagram Ads,14487.73,3672,1420
2025-12-20,Google Ads,13296.39,15873,2722
2025-12-20,Referral,3679.45,43448,1311
2025-12-20,Organic Search,12644.7,19406,1050
2025-12-20,Influencer,9574.33,19636,2059
2025-12-20,Email,5935.7,29155,902
2025-12-21,Instagram Ads,6332.47,37602,1430
2025-12-21,Google Ads,3525.02,41863,2871
2025-12-21,Referral,14118.84,34245,1684
2025-12-21,Organic Search,10963.56,25630,2435
2025-12-21,Influencer,9957.69,16234,1081
2025-12-21,Email,14748.47,6242,311
2025-12-22,Instagram Ads,12207.59,9973,1508
2025-12-22,Google Ads,6569.05,7642,2711
2025-12-22,Referral,6289.82,4226,1817
2025-12-22,Organic Search,14265.71,20454,916
2025-12-22,Influencer,10736.1,2689,1464
2025-12-22,Email,4776.86,48464,1705
2025-12-23,Instagram Ads,8764.59,25232,459
2025-12-23,Google Ads,4501.12,10229,1627
2025-12-23,Referral,12896.44,37570,772
2025-12-23,Organic Search,7113.31,23218,1714
2025-12-23,Influencer,11556.01,17152,2608
2025-12-23,Email,4091.88,5092,2430
2025-12-24,Instagram Ads,12207.05,10692,2842
2025-12-24,Google Ads,2749.35,5757,424
2025-12-24,Referral,7375.18,8747,1555
2025-12-24,Organic Search,5603.46,13583,1807
2025-12-24,Influencer,14120.84,16868,511
2025-12-24,Email,10761.63,20071,692
2025-12-25,Instagram Ads,11890.99,7828,1451
2025-12-25,Google Ads,2416.93,46529,2426
2025-12-25,Referral,13867.21,11419,1825
2025-12-25,Organic Search,11313.72,16560,1769
2025-12-25,Influencer,603.66,39509,2078
2025-12-25,Email,1071.84,13463,2576
2025-12-26,Instagram Ads,9491.25,24852,460
2025-12-26,Google Ads,3872.81,2541,1035
2025-12-26,Referral,9636.66,38256,2255
2025-12-26,Organic Search,6711.76,36468,2181
2025-12-26,Influencer,14107.1,29157,846
2025-12-26,Email,5327.22,20328,461
2025-12-27,Instagram Ads,2540.25,1626,2800
2025-12-27,Google Ads,12042.79,24312,1601
2025-12-27,Referral,11499.27,20773,1330
2025-12-27,Organic Search,4113.98,48296,2054
2025-12-27,Influencer,1022.74,26912,1088
2025-12-27,Email,14935.68,9958,1553
2025-12-28,Instagram Ads,6496.91,34309,1540
2025-12-28,Google Ads,1484.9,2871,862
2025-12-28,Referral,2087.52,5169,2585
2025-12-28,Organic Search,14980.72,20654,1134
2025-12-28,Influencer,2419.02,13572,2266
2025-12-28,Email,13887.65,21424,1407
2025-12-29,Instagram Ads,12694.06,4716,1052
2025-12-29,Google Ads,2501.1,47828,1163
2025-12-29,Referral,1988.31,17703,1824
2025-12-29,Organic Search,4142.31,11172,1540
2025-12-29,Influencer,5861.98,10127,608
2025-12-29,Email,7740.88,41875,800
2025-12-30,Instagram Ads,14635.59,1618,1976
2025-12-30,Google Ads,4888.2,6125,2797
2025-12-30,Referral,2030.35,45177,2171
2025-12-30,Organic Search,6080.78,40859,2792
2025-12-30,Influencer,10881.53,34308,824
2025-12-30,Email,14763.17,42784,2114
2025-12-31,Instagram Ads,13356.81,22176,838
2025-12-31,Google Ads,8051.22,11847,2393
2025-12-31,Referral,11221.34,42135,1827
2025-12-31,Organic Search,6791.52,4749,1153
2025-12-31,Influencer,10598.54,46097,162
2025-12-31,Email,11201.24,37523,2443
2026-01-01,Instagram Ads,13669.36,49151,1782
2026-01-01,Google Ads,8359.03,30429,221
2026-01-01,Referral,1460.86,10492,361
2026-01-01,Organic Search,14287.68,46485,405
2026-01-01,Influencer,8230.65,18317,2697
2026-01-01,Email,12031.37,31547,1209
2026-01-02,Instagram Ads,4255.34,3732,304
2026-01-02,Google Ads,1376.1,17616,2864
2026-01-02,Referral,14709.39,43095,419
2026-01-02,Organic Search,14628.71,44964,712
2026-01-02,Influencer,2342.15,47705,1759
2026-01-02,Email,4837.57,13174,957
2026-01-03,Instagram Ads,2755.29,11830,1266
2026-01-03,Google Ads,9697.29,45952,2643
2026-01-03,Referral,10236.84,3240,958
2026-01-03,Organic Search,7803.1,14683,1297
2026-01-03,Influencer,7479.34,43844,1196
2026-01-03,Email,14395.07,39316,1363
2026-01-04,Instagram Ads,3157.86,13292,669
2026-01-04,Google Ads,12802.94,14057,1987
2026-01-04,Referral,7392.75,20396,789
2026-01-04,Organic Search,2786.09,27950,1860
2026-01-04,Influencer,1415.35,19866,2296
2026-01-04,Email,4205.14,23543,549
2026-01-05,Instagram Ads,4656.73,19779,2806
2026-01-05,Google Ads,6366.53,26545,213
2026-01-05,Referral,5181.4,15993,2111
2026-01-05,Organic Search,14277.33,24265,1482
2026-01-05,Influencer,8351.13,23161,2391
2026-01-05,Email,9048.64,49112,2655
2026-01-06,Instagram Ads,8176.45,5090,950
2026-01-06,Google Ads,13999.68,31915,1930
2026-01-06,Referral,10418.72,17518,1170
2026-01-06,Organic Search,11301.86,38830,1481
2026-01-06,Influencer,11891.36,37363,1419
2026-01-06,Email,3567.87,40824,479
2026-01-07,Instagram Ads,2293.27,5605,963
2026-01-07,Google Ads,13210.28,35924,900
2026-01-07,Referral,2600.9,6372,813
2026-01-07,Organic Search,2018.01,28969,464
2026-01-07,Influencer,13445.24,43469,1903
2026-01-07,Email,6583.9,24361,424
2026-01-08,Instagram Ads,11516.3,38660,1916
2026-01-08,Google Ads,3500.28,45490,459
2026-01-08,Referral,9770.78,10699,2662
2026-01-08,Organic Search,10102.68,34902,2655
2026-01-08,Influencer,12318.79,15318,435
2026-01-08,Email,2580.48,22355,628
2026-01-09,Instagram Ads,9968.71,7258,56
2026-01-09,Google Ads,14891.57,30135,1210
2026-01-09,Referral,12123.17,41023,2288
2026-01-09,Organic Search,8454.68,43825,2255
2026-01-09,Influencer,7448.0,1626,1509
2026-01-09,Email,4208.63,20117,201
2026-01-10,Instagram Ads,4472.61,17118,2327
2026-01-10,Google Ads,13247.79,4752,2269
2026-01-10,Referral,14019.94,27810,1731
2026-01-10,Organic Search,5295.88,43970,366
2026-01-10,Influencer,5061.09,14687,2598
2026-01-10,Email,4097.86,25774,687
2026-01-11,Instagram Ads,2617.04,16835,1036
2026-01-11,Google Ads,14064.01,14816,1626
2026-01-11,Referral,4502.09,29141,2397
2026-01-11,Organic Search,5567.69,38184,2834
2026-01-11,Influencer,5008.05,24572,2898
2026-01-11,Email,14012.69,37902,637
2026-01-12,Instagram Ads,719.17,20699,2192
2026-01-12,Google Ads,8584.23,24736,260
2026-01-12,Referral,7279.06,14917,665
2026-01-12,Organic Search,5839.14,40399,408
2026-01-12,Influencer,6426.82,44331,2685
2026-01-12,Email,9480.7,4731,2019
2026-01-13,Instagram Ads,13544.28,11854,1750
2026-01-13,Google Ads,9287.21,24884,813
2026-01-13,Referral,3545.17,9476,212
2026-01-13,Organic Search,9229.34,43655,1708
2026-01-13,Influencer,6559.42,30629,596
2026-01-13,Email,5430.76,3196,2044
2026-01-14,Instagram Ads,663.49,9866,202
2026-01-14,Google Ads,681.27,37032,1214
2026-01-14,Referral,1163.26,24943,2175
2026-01-14,Organic Search,7920.9,9541,646
2026-01-14,Influencer,7445.17,45517,1329
2026-01-14,Email,7932.71,39844,2577
2026-01-15,Instagram Ads,3745.55,5149,2077
2026-01-15,Google Ads,7953.49,22912,2118
2026-01-15,Referral,7325.36,44354,2030
2026-01-15,Organic Search,3476.09,4480,1488
2026-01-15,Influencer,3876.42,26948,2013
2026-01-15,Email,14856.65,27493,1849
2026-01-16,Instagram Ads,7106.51,1798,2818
2026-01-16,Google Ads,3232.89,32508,2628
2026-01-16,Referral,12360.43,29984,2366
2026-01-16,Organic Search,12345.6,32164,629
2026-01-16,Influencer,8554.09,3565,881
2026-01-16,Email,6426.93,9029,2955
2026-01-17,Instagram Ads,14099.47,38796,2411
2026-01-17,Google Ads,4137.42,27486,1562
2026-01-17,Referral,12476.19,6780,813
2026-01-17,Organic Search,3300.9,23055,2028
2026-01-17,Influencer,8131.23,12426,856
2026-01-17,Email,9777.76,18812,2555
2026-01-18,Instagram Ads,11223.58,3397,2270
2026-01-18,Google Ads,3692.37,4193,1830
2026-01-18,Referral,2700.32,10225,2607
2026-01-18,Organic Search,5844.51,16176,1673
2026-01-18,Influencer,5030.27,5799,1160
2026-01-18,Email,8312.53,32042,2057
2026-01-19,Instagram Ads,6882.51,42534,1251
2026-01-19,Google Ads,5411.99,48997,2369
2026-01-19,Referral,4496.06,33849,2246
2026-01-19,Organic Search,3797.69,34777,71
2026-01-19,Influencer,8355.28,35462,2196
2026-01-19,Email,13759.45,5053,2450
2026-01-20,Instagram Ads,11526.0,11891,130
2026-01-20,Google Ads,6863.38,26559,1217
2026-01-20,Referral,4739.49,35523,316
2026-01-20,Organic Search,7399.29,24287,1503
2026-01-20,Influencer,14429.12,22996,2956
2026-01-20,Email,3837.08,5346,2615
2026-01-21,Instagram Ads,3145.96,24023,1367
2026-01-21,Google Ads,2509.55,22034,165
2026-01-21,Referral,13565.4,13612,258
2026-01-21,Organic Search,8389.36,46149,1958
2026-01-21,Influencer,13876.58,49062,1998
2026-01-21,Email,13102.31,4323,2762
2026-01-22,Instagram Ads,3029.86,34971,1991
2026-01-22,Google Ads,1313.52,14036,1073
2026-01-22,Referral,2432.05,8447,2687
2026-01-22,Organic Search,5411.66,33827,907
2026-01-22,Influencer,9626.16,14645,212
2026-01-22,Email,3357.98,41893,564
2026-01-23,Instagram Ads,7908.17,23601,2199
2026-01-23,Google Ads,11152.42,29124,1956
2026-01-23,Referral,14678.27,15669,2627
2026-01-23,Organic Search,6076.47,20135,2113
2026-01-23,Influencer,10431.29,35792,2182
2026-01-23,Email,3903.04,26701,612
2026-01-24,Instagram Ads,11168.51,45959,2707
2026-01-24,Google Ads,2155.33,29755,1346
2026-01-24,Referral,593.05,3604,2866
2026-01-24,Organic Search,9060.95,47809,1953
2026-01-24,Influencer,14663.66,5266,2238
2026-01-24,Email,12147.26,34886,102
2026-01-25,Instagram Ads,10280.53,26546,2808
2026-01-25,Google Ads,9560.74,46172,1464
2026-01-25,Referral,1543.88,16232,395
2026-01-25,Organic Search,8988.55,19055,719
2026-01-25,Influencer,8691.5,30363,871
2026-01-25,Email,11790.12,30277,1085
2026-01-26,Instagram Ads,6170.31,36932,1643
2026-01-26,Google Ads,11229.16,36296,1596
2026-01-26,Referral,4799.05,6017,299
2026-01-26,Organic Search,13526.2,49861,1916
2026-01-26,Influencer,8453.29,7480,753
2026-01-26,Email,7046.32,40408,1102
2026-01-27,Instagram Ads,9485.68,31879,1788
2026-01-27,Google Ads,5218.41,21966,2148
2026-01-27,Referral,13432.52,37218,2134
2026-01-27,Organic Search,2392.26,40287,316
2026-01-27,Influencer,6435.09,10501,2026
2026-01-27,Email,998.5,41953,462
2026-01-28,Instagram Ads,4628.17,43004,537
2026-01-28,Google Ads,8065.8,24797,1754
2026-01-28,Referral,12778.2,16568,1020
2026-01-28,Organic Search,13589.81,35857,2810
2026-01-28,Influencer,3931.4,27304,2092
2026-01-28,Email,3104.38,4072,192
2026-01-29,Instagram Ads,3902.19,10209,2835
2026-01-29,Google Ads,4948.31,33199,291
2026-01-29,Referral,11215.76,39312,2765
2026-01-29,Organic Search,4185.2,48543,2554
2026-01-29,Influencer,14751.92,6657,851
2026-01-29,Email,1259.84,20496,1390
2026-01-30,Instagram Ads,5823.42,40281,191
2026-01-30,Google Ads,9704.8,13977,1486
2026-01-30,Referral,9403.61,12078,2671
2026-01-30,Organic Search,792.12,25024,2008
2026-01-30,Influencer,9875.55,3234,2317
2026-01-30,Email,3347.99,45695,588
2026-01-31,Instagram Ads,12482.03,11174,1752
2026-01-31,Google Ads,4010.73,48591,58
2026-01-31,Referral,14130.67,14485,271
2026-01-31,Organic Search,7701.91,16340,2616
2026-01-31,Influencer,7706.19,43075,1727
2026-01-31,Email,11908.62,10670,2534
2026-02-01,Instagram Ads,4493.78,48857,1699
2026-02-01,Google Ads,1964.4,42336,1495
2026-02-01,Referral,9869.95,33011,2548
2026-02-01,Organic Search,13231.97,44489,2755
2026-02-01,Influencer,2280.84,46529,729
2026-02-01,Email,3237.83,8692,2854
2026-02-02,Instagram Ads,6614.9,2901,865
2026-02-02,Google Ads,1246.81,47726,2557
2026-02-02,Referral,9208.68,45493,2810
2026-02-02,Organic Search,5891.46,16764,2818
2026-02-02,Influencer,1657.44,6726,1245
2026-02-02,Email,13623.59,12146,436
2026-02-03,Instagram Ads,5570.85,4268,2134
2026-02-03,Google Ads,12188.38,19532,276
2026-02-03,Referral,2827.76,28051,345
2026-02-03,Organic Search,7267.81,33035,2285
2026-02-03,Influencer,14170.05,12057,2880
2026-02-03,Email,14088.22,39625,1073
2026-02-04,Instagram Ads,4058.11,15364,1179
2026-02-04,Google Ads,14092.02,17814,613
2026-02-04,Referral,10092.18,49058,891
2026-02-04,Organic Search,10205.0,6588,2005
2026-02-04,Influencer,10365.72,34874,499
2026-02-04,Email,13923.6,12645,507
2026-02-05,Instagram Ads,11067.75,11493,1996
2026-02-05,Google Ads,6519.72,43692,1818
2026-02-05,Referral,5409.66,2411,2006
2026-02-05,Organic Search,6649.74,5427,2872
2026-02-05,Influencer,4190.13,8909,1723
2026-02-05,Email,3669.35,21516,275
2026-02-06,Instagram Ads,10336.32,5205,1212
2026-02-06,Google Ads,3215.23,2495,1595
2026-02-06,Referral,9940.86,8996,1129
2026-02-06,Organic Search,13195.98,4058,1646
2026-02-06,Influencer,14395.4,22077,1432
2026-02-06,Email,14274.83,13206,76
2026-02-07,Instagram Ads,859.78,38532,1093
2026-02-07,Google Ads,11469.53,46382,570
2026-02-07,Referral,11906.26,17616,1521
2026-02-07,Organic Search,2304.26,7345,2493
2026-02-07,Influencer,4955.28,27709,1412
2026-02-07,Email,4087.72,31456,60
2026-02-08,Instagram Ads,9556.86,15273,2145
2026-02-08,Google Ads,10193.04,40849,2172
2026-02-08,Referral,12419.12,12995,2610
2026-02-08,Organic Search,3733.75,49203,1048
2026-02-08,Influencer,10821.05,29904,1850
2026-02-08,Email,12673.25,40160,2307
2026-02-09,Instagram Ads,8740.01,25289,884
2026-02-09,Google Ads,13071.02,10605,1500
2026-02-09,Referral,10551.89,5348,2082
2026-02-09,Organic Search,1370.13,13592,2949
2026-02-09,Influencer,5093.56,35965,423
2026-02-09,Email,10336.09,8913,1579
2026-02-10,Instagram Ads,5925.1,23944,601
2026-02-10,Google Ads,4329.36,38763,2585
2026-02-10,Referral,4120.79,1095,2118
2026-02-10,Organic Search,7351.7,14373,103
2026-02-10,Influencer,11512.85,27492,425
2026-02-10,Email,13178.62,35261,159
2026-02-11,Instagram Ads,4976.37,5507,474
2026-02-11,Google Ads,10691.92,12885,318
2026-02-11,Referral,10078.39,26232,552
2026-02-11,Organic Search,1223.91,44939,2910
2026-02-11,Influencer,9762.17,28860,2875
2026-02-11,Email,2216.6,47352,610
2026-02-12,Instagram Ads,11019.77,26551,1981
2026-02-12,Google Ads,4378.36,28420,2935
2026-02-12,Referral,9115.73,29765,2144
2026-02-12,Organic Search,865.94,19624,2390
2026-02-12,Influencer,11846.07,7867,1834
2026-02-12,Email,12084.87,48303,2482
2026-02-13,Instagram Ads,14663.66,46580,1294
2026-02-13,Google Ads,8385.1,25014,1537
2026-02-13,Referral,6904.6,38762,170
2026-02-13,Organic Search,8356.48,29824,1277
2026-02-13,Influencer,14804.77,32955,391
2026-02-13,Email,7620.01,8026,1359
2026-02-14,Instagram Ads,5348.19,20123,2186
2026-02-14,Google Ads,8841.14,25661,1085
2026-02-14,Referral,3917.46,10899,2971
2026-02-14,Organic Search,4296.01,26698,2455
2026-02-14,Influencer,6102.69,8001,2237
2026-02-14,Email,14129.49,7598,1382
2026-02-15,Instagram Ads,13845.25,40013,2560
2026-02-15,Google Ads,6596.71,39432,2575
2026-02-15,Referral,3354.14,43289,2635
2026-02-15,Organic Search,2812.99,14251,1080
2026-02-15,Influencer,3346.14,40262,663
2026-02-15,Email,6744.83,2277,1208
2026-02-16,Instagram Ads,7929.89,17491,131
2026-02-16,Google Ads,2115.69,23762,645
2026-02-16,Referral,1519.11,14589,2260
2026-02-16,Organic Search,2099.5,5420,2748
2026-02-16,Influencer,8066.16,41272,1871
2026-02-16,Email,3957.31,14480,2894
2026-02-17,Instagram Ads,9566.86,19659,2004
2026-02-17,Google Ads,1928.3,44255,715
2026-02-17,Referral,5453.29,39367,2571
2026-02-17,Organic Search,14862.52,40796,2919
2026-02-17,Influencer,10724.16,32167,1008
2026-02-17,Email,9411.28,13447,472
2026-02-18,Instagram Ads,11449.89,38287,1875
2026-02-18,Google Ads,11775.49,35089,468
2026-02-18,Referral,14203.95,34427,1564
2026-02-18,Organic Search,9843.56,36005,1075
2026-02-18,Influencer,1040.15,16846,1234
2026-02-18,Email,3818.58,38463,133
2026-02-19,Instagram Ads,13710.97,45669,2298
2026-02-19,Google Ads,5642.13,30359,2918
2026-02-19,Referral,3576.64,26853,2584
2026-02-19,Organic Search,14547.56,34795,2952
2026-02-19,Influencer,6812.66,31230,1441
2026-02-19,Email,10429.48,39972,1990
2026-02-20,Instagram Ads,1381.15,22609,2981
2026-02-20,Google Ads,10547.93,19796,672
2026-02-20,Referral,13397.51,9730,2759
2026-02-20,Organic Search,9609.17,3593,2591
2026-02-20,Influencer,14421.96,48334,1556
2026-02-20,Email,5926.85,30835,2718
2026-02-21,Instagram Ads,12225.6,11267,192
2026-02-21,Google Ads,13356.44,4074,3000
2026-02-21,Referral,5156.57,16357,1749
2026-02-21,Organic Search,11782.5,35392,2490
2026-02-21,Influencer,1256.8,38765,1820
2026-02-21,Email,4464.23,21543,2976
2026-02-22,Instagram Ads,11405.94,17125,2281
2026-02-22,Google Ads,3055.46,7706,2259
2026-02-22,Referral,7299.69,28071,1900
2026-02-22,Organic Search,10592.71,11728,2391
2026-02-22,Influencer,4398.47,43732,1083
2026-02-22,Email,11078.43,5545,1566
2026-02-23,Instagram Ads,3700.38,1136,2571
2026-02-23,Google Ads,2061.45,47044,2072
2026-02-23,Referral,11013.35,30137,842
2026-02-23,Organic Search,13481.46,27222,781
2026-02-23,Influencer,1249.04,27832,2694
2026-02-23,Email,12151.36,10918,2084
2026-02-24,Instagram Ads,2312.55,19253,1910
2026-02-24,Google Ads,14002.9,38140,2431
2026-02-24,Referral,14346.48,29110,1977
2026-02-24,Organic Search,4269.6,1885,1907
2026-02-24,Influencer,1439.34,10512,1003
2026-02-24,Email,9067.32,24371,595
2026-02-25,Instagram Ads,6807.51,23759,2811
2026-02-25,Google Ads,12208.23,22792,2883
2026-02-25,Referral,9669.82,23206,1868
2026-02-25,Organic Search,6412.51,44554,2154
2026-02-25,Influencer,2278.47,11662,81
2026-02-25,Email,1025.77,24443,1767
2026-02-26,Instagram Ads,12676.49,45983,1346
2026-02-26,Google Ads,5516.11,16979,249
2026-02-26,Referral,11369.34,17517,133
2026-02-26,Organic Search,7491.49,48147,1189
2026-02-26,Influencer,3388.54,40031,885
2026-02-26,Email,8196.7,11346,2760
2026-02-27,Instagram Ads,7016.06,1632,1997
2026-02-27,Google Ads,9975.02,24688,2532
2026-02-27,Referral,10906.88,15891,1491
2026-02-27,Organic Search,9478.6,12541,1221
2026-02-27,Influencer,2924.74,37606,1277
2026-02-27,Email,4134.3,9486,1061
2026-02-28,Instagram Ads,10480.13,36701,2465
2026-02-28,Google Ads,682.49,49751,1981
2026-02-28,Referral,1406.37,26986,874
2026-02-28,Organic Search,7558.42,5959,2873
2026-02-28,Influencer,12173.03,9007,2284
2026-02-28,Email,6752.03,39527,1044
2026-03-01,Instagram Ads,8381.66,39283,2856
2026-03-01,Google Ads,10709.39,48723,1457
2026-03-01,Referral,11653.49,13513,1184
2026-03-01,Organic Search,9598.01,33713,2897
2026-03-01,Influencer,10506.29,9758,2338
2026-03-01,Email,4630.0,15295,2127
2026-03-02,Instagram Ads,4311.55,5069,1557
2026-03-02,Google Ads,8513.75,35722,1950
2026-03-02,Referral,11854.54,17492,2562
2026-03-02,Organic Search,11162.43,7070,2374
2026-03-02,Influencer,3378.45,8467,2290
2026-03-02,Email,9951.9,15363,581
2026-03-03,Instagram Ads,3880.59,13590,1388
2026-03-03,Google Ads,1977.01,22536,262
2026-03-03,Referral,9423.13,10202,824
2026-03-03,Organic Search,12698.74,20968,1169
2026-03-03,Influencer,875.03,24847,2370
2026-03-03,Email,11525.48,48188,2787
2026-03-04,Instagram Ads,4042.72,37238,2571
2026-03-04,Google Ads,8388.17,16929,855
2026-03-04,Referral,3545.57,45533,2185
2026-03-04,Organic Search,7556.5,44814,2746
2026-03-04,Influencer,3831.51,49849,2197
2026-03-04,Email,1355.45,37009,711
2026-03-05,Instagram Ads,9381.71,39393,2224
2026-03-05,Google Ads,9233.26,23252,2378
2026-03-05,Referral,11343.38,5444,1209
2026-03-05,Organic Search,14334.94,36143,99
2026-03-05,Influencer,5190.29,41307,1419
2026-03-05,Email,1469.89,23426,1731
2026-03-06,Instagram Ads,7578.2,27435,1282
2026-03-06,Google Ads,2433.55,12988,1944
2026-03-06,Referral,3384.18,3437,1750
2026-03-06,Organic Search,3975.12,20204,1947
2026-03-06,Influencer,1053.26,35337,2011
2026-03-06,Email,1368.5,10209,2222
2026-03-07,Instagram Ads,13738.28,3939,1160
2026-03-07,Google Ads,13940.07,36446,2546
2026-03-07,Referral,2076.95,10234,2591
2026-03-07,Organic Search,4727.09,42250,1156
2026-03-07,Influencer,6922.29,15056,851
2026-03-07,Email,9715.65,30840,2051
2026-03-08,Instagram Ads,11695.41,38504,1031
2026-03-08,Google Ads,7899.5,17657,1886
2026-03-08,Referral,11872.77,8436,1048
2026-03-08,Organic Search,12680.81,14055,1908
2026-03-08,Influencer,6732.77,1716,1157
2026-03-08,Email,9085.77,39421,451
2026-03-09,Instagram Ads,11191.78,39980,2364
2026-03-09,Google Ads,7285.18,22740,1914
2026-03-09,Referral,8903.75,45198,1884
2026-03-09,Organic Search,3639.05,2340,2115
2026-03-09,Influencer,1256.89,12357,2048
2026-03-09,Email,11281.31,15946,1779
2026-03-10,Instagram Ads,2908.89,12931,1350
2026-03-10,Google Ads,5828.54,35100,1206
2026-03-10,Referral,1541.68,37952,87
2026-03-10,Organic Search,4113.54,9412,598
2026-03-10,Influencer,1574.86,15447,2907
2026-03-10,Email,7849.31,28955,2574
2026-03-11,Instagram Ads,9789.8,49884,328
2026-03-11,Google Ads,8545.81,29401,173
2026-03-11,Referral,13269.37,1950,2572
2026-03-11,Organic Search,12024.16,6230,2880
2026-03-11,Influencer,11427.5,22092,2081
2026-03-11,Email,2812.36,17564,413
2026-03-12,Instagram Ads,13898.22,37531,1445
2026-03-12,Google Ads,11258.69,44320,2658
2026-03-12,Referral,4210.4,46728,904
2026-03-12,Organic Search,11027.12,38129,2133
2026-03-12,Influencer,14675.75,5851,2613
2026-03-12,Email,1062.25,23891,867
2026-03-13,Instagram Ads,11081.85,21259,88
2026-03-13,Google Ads,5773.03,20261,2085
2026-03-13,Referral,12704.38,38359,798
2026-03-13,Organic Search,13511.58,42961,918
2026-03-13,Influencer,1103.19,36371,320
2026-03-13,Email,11649.2,31875,2598
2026-03-14,Instagram Ads,8954.64,16225,1157
2026-03-14,Google Ads,5634.26,24439,342
2026-03-14,Referral,13098.88,39650,2779
2026-03-14,Organic Search,882.63,31760,2783
2026-03-14,Influencer,2943.17,30800,1280
2026-03-14,Email,12869.95,22125,1070
2026-03-15,Instagram Ads,11115.97,41294,1587
2026-03-15,Google Ads,2411.57,48671,2400
2026-03-15,Referral,9102.94,6124,1855
2026-03-15,Organic Search,13132.31,2921,2726
2026-03-15,Influencer,10856.39,12945,2019
2026-03-15,Email,1927.19,13190,619
2026-03-16,Instagram Ads,7062.27,32571,2922
2026-03-16,Google Ads,2838.91,10134,1744
2026-03-16,Referral,3393.97,35603,1779
2026-03-16,Organic Search,2118.89,31658,501
2026-03-16,Influencer,6014.52,5146,839
2026-03-16,Email,11473.03,36944,826
2026-03-17,Instagram Ads,5418.67,7797,2066
2026-03-17,Google Ads,7850.07,2911,1520
2026-03-17,Referral,2724.0,43194,1363
2026-03-17,Organic Search,680.41,21580,1908
2026-03-17,Influencer,14125.64,36074,916
2026-03-17,Email,5813.29,12661,342
2026-03-18,Instagram Ads,11386.01,47173,869
2026-03-18,Google Ads,13272.38,43704,2631
2026-03-18,Referral,5402.35,41520,1667
2026-03-18,Organic Search,1829.01,18159,1265
2026-03-18,Influencer,835.21,22550,1924
2026-03-18,Email,8972.39,32958,2526
2026-03-19,Instagram Ads,8454.94,15456,389
2026-03-19,Google Ads,13284.52,12232,716
2026-03-19,Referral,7536.41,41756,395
2026-03-19,Organic Search,2098.01,45474,1959
2026-03-19,Influencer,4922.5,24003,1446
2026-03-19,Email,14093.69,27597,1563
2026-03-20,Instagram Ads,11567.99,16511,89
2026-03-20,Google Ads,3102.72,1443,154
2026-03-20,Referral,6641.22,27550,1471
2026-03-20,Organic Search,9948.68,13366,690
2026-03-20,Influencer,1231.54,9908,140
2026-03-20,Email,9805.85,11467,656
2026-03-21,Instagram Ads,13341.9,31469,89
2026-03-21,Google Ads,4293.34,35205,1262
2026-03-21,Referral,7765.53,21722,248
2026-03-21,Organic Search,14886.23,14183,1702
2026-03-21,Influencer,7497.24,20379,1427
2026-03-21,Email,790.24,41330,1020
2026-03-22,Instagram Ads,2541.42,4500,140
2026-03-22,Google Ads,8154.35,49595,2873
2026-03-22,Referral,8476.53,30013,1373
2026-03-22,Organic Search,2599.97,38322,976
2026-03-22,Influencer,2820.48,40712,1269
2026-03-22,Email,4512.64,25576,1305
2026-03-23,Instagram Ads,3685.8,2285,565
2026-03-23,Google Ads,9033.33,49414,601
2026-03-23,Referral,890.97,33071,1834
2026-03-23,Organic Search,9967.37,35054,926
2026-03-23,Influencer,9639.89,33305,517
2026-03-23,Email,9836.95,31814,2184
2026-03-24,Instagram Ads,11564.77,9913,102
2026-03-24,Google Ads,8053.03,39976,754
2026-03-24,Referral,7127.44,38806,2076
2026-03-24,Organic Search,9432.55,17433,2328
2026-03-24,Influencer,3589.57,38373,1083
2026-03-24,Email,8034.82,33268,1136
2026-03-25,Instagram Ads,2539.5,33950,2608
2026-03-25,Google Ads,627.8,30319,1492
2026-03-25,Referral,1384.37,31545,2007
2026-03-25,Organic Search,5548.24,30585,1474
2026-03-25,Influencer,969.51,43247,361
2026-03-25,Email,14942.16,42461,2893
2026-03-26,Instagram Ads,12745.63,34759,551
2026-03-26,Google Ads,5686.39,13535,1800
2026-03-26,Referral,6711.79,48609,107
2026-03-26,Organic Search,10206.92,40914,1759
2026-03-26,Influencer,8621.29,8585,769
2026-03-26,Email,876.17,14782,2369
2026-03-27,Instagram Ads,800.28,35740,2715
2026-03-27,Google Ads,14100.09,47008,2489
2026-03-27,Referral,7178.88,4772,2798
2026-03-27,Organic Search,4953.55,27602,1437
2026-03-27,Influencer,14446.99,22774,1265
2026-03-27,Email,13174.26,19928,204
2026-03-28,Instagram Ads,8600.3,37460,2100
2026-03-28,Google Ads,5361.64,1704,857
2026-03-28,Referral,12138.12,11652,326
2026-03-28,Organic Search,13793.15,38573,889
2026-03-28,Influencer,892.49,7020,2324
2026-03-28,Email,11925.42,35077,2725
2026-03-29,Instagram Ads,4827.2,9684,2450
2026-03-29,Google Ads,11667.17,2122,2971
2026-03-29,Referral,10814.9,28517,692
2026-03-29,Organic Search,1308.27,37070,2095
2026-03-29,Influencer,3863.15,37076,1298
2026-03-29,Email,3698.0,12006,458
2026-03-30,Instagram Ads,5810.61,26640,994
2026-03-30,Google Ads,11943.66,20435,865
2026-03-30,Referral,14740.83,47691,2041
2026-03-30,Organic Search,6599.8,34017,634
2026-03-30,Influencer,9612.19,9413,1049
2026-03-30,Email,7851.61,23475,1203
2026-03-31,Instagram Ads,7362.7,14741,2933
2026-03-31,Google Ads,2979.39,43247,2535
2026-03-31,Referral,9191.56,22324,1883
2026-03-31,Organic Search,5630.34,16588,2217
2026-03-31,Influencer,3822.46,3046,1834
2026-03-31,Email,13697.65,46528,1084
2026-04-01,Instagram Ads,1542.77,38670,173
2026-04-01,Google Ads,14955.51,31896,2671
2026-04-01,Referral,12638.15,17468,1067
2026-04-01,Organic Search,2348.83,32783,2379
2026-04-01,Influencer,2416.31,1172,810
2026-04-01,Email,13461.1,9960,810
2026-04-02,Instagram Ads,2289.89,10469,1012
2026-04-02,Google Ads,10334.88,30676,2739
2026-04-02,Referral,619.56,16055,689
2026-04-02,Organic Search,9702.58,43633,2890
2026-04-02,Influencer,2500.96,33868,2236
2026-04-02,Email,9310.97,32058,292
2026-04-03,Instagram Ads,10332.55,45242,1826
2026-04-03,Google Ads,939.86,42617,1492
2026-04-03,Referral,2514.68,28752,519
2026-04-03,Organic Search,942.2,35357,1226
2026-04-03,Influencer,2084.04,2584,1630
2026-04-03,Email,11534.88,44150,2881
2026-04-04,Instagram Ads,7687.29,46022,2682
2026-04-04,Google Ads,7198.72,13329,621
2026-04-04,Referral,4012.29,26746,835
2026-04-04,Organic Search,10136.54,32742,1977
2026-04-04,Influencer,3480.38,27418,1260
2026-04-04,Email,2608.16,29982,2288
2026-04-05,Instagram Ads,5352.09,44310,1980
2026-04-05,Google Ads,2826.54,12093,2158
2026-04-05,Referral,10935.82,2265,1143
2026-04-05,Organic Search,10710.74,15644,1672
2026-04-05,Influencer,9229.4,29770,1257
2026-04-05,Email,14348.96,13268,918
2026-04-06,Instagram Ads,8538.15,4474,2708
2026-04-06,Google Ads,8260.25,40494,413
2026-04-06,Referral,8928.88,6415,2190
2026-04-06,Organic Search,1276.7,36317,475
2026-04-06,Influencer,13686.13,20622,1357
2026-04-06,Email,5272.17,9580,2974
2026-04-07,Instagram Ads,7017.26,21974,2663
2026-04-07,Google Ads,3384.55,1639,148
2026-04-07,Referral,4144.7,8265,188
2026-04-07,Organic Search,3012.63,14139,947
2026-04-07,Influencer,12769.27,11494,2349
2026-04-07,Email,5984.1,6160,331
2026-04-08,Instagram Ads,6185.61,40580,565
2026-04-08,Google Ads,7615.92,43726,252
2026-04-08,Referral,4037.49,37164,2485
2026-04-08,Organic Search,3876.61,48254,340
2026-04-08,Influencer,10217.58,46654,2754
2026-04-08,Email,13662.5,29008,2736
2026-04-09,Instagram Ads,4243.51,2354,1048
2026-04-09,Google Ads,6761.41,22454,1895
2026-04-09,Referral,1593.04,35582,2177
2026-04-09,Organic Search,9159.99,10679,2466
2026-04-09,Influencer,9932.84,5723,2510
2026-04-09,Email,935.59,3555,391
2026-04-10,Instagram Ads,8361.85,24104,1162
2026-04-10,Google Ads,663.57,32777,1112
2026-04-10,Referral,4653.87,32853,143
2026-04-10,Organic Search,13271.57,37390,401
2026-04-10,Influencer,10581.29,33573,449
2026-04-10,Email,7513.11,18543,2030
2026-04-11,Instagram Ads,4717.7,2460,1992
2026-04-11,Google Ads,9381.11,16972,633
2026-04-11,Referral,8125.69,14295,1011
2026-04-11,Organic Search,13411.55,17281,1674
2026-04-11,Influencer,2622.92,2619,2887
2026-04-11,Email,5296.55,30143,1693
2026-04-12,Instagram Ads,2688.55,46071,255
2026-04-12,Google Ads,10693.48,31282,732
2026-04-12,Referral,6095.15,27626,2521
2026-04-12,Organic Search,4016.77,35939,2986
2026-04-12,Influencer,5799.73,33815,1440
2026-04-12,Email,3011.41,47090,2715
2026-04-13,Instagram Ads,1968.85,35148,1833
2026-04-13,Google Ads,2559.36,15529,2513
2026-04-13,Referral,5692.75,26554,925
2026-04-13,Organic Search,8924.36,45535,2251
2026-04-13,Influencer,7633.99,13181,597
2026-04-13,Email,4187.31,48749,1246
2026-04-14,Instagram Ads,8989.86,39670,872
2026-04-14,Google Ads,12080.9,10342,1631
2026-04-14,Referral,11446.63,39329,690
2026-04-14,Organic Search,6434.2,21125,1093
2026-04-14,Influencer,4842.93,14781,76
2026-04-14,Email,4141.62,2192,1567
2026-04-15,Instagram Ads,14945.58,23104,2735
2026-04-15,Google Ads,13055.39,35720,2552
2026-04-15,Referral,6152.97,5598,2489
2026-04-15,Organic Search,3769.02,30718,2058
2026-04-15,Influencer,11878.76,12080,2307
2026-04-15,Email,6147.35,33718,1348
2026-04-16,Instagram Ads,9809.1,29442,1705
2026-04-16,Google Ads,11223.05,2546,2062
2026-04-16,Referral,3322.42,23181,2903
2026-04-16,Organic Search,10482.96,31097,559
2026-04-16,Influencer,838.02,7850,1926
2026-04-16,Email,7935.81,27755,1490
2026-04-17,Instagram Ads,5193.71,3455,754
2026-04-17,Google Ads,6697.33,32216,599
2026-04-17,Referral,2436.06,6032,1120
2026-04-17,Organic Search,13351.49,45622,1251
2026-04-17,Influencer,11955.16,4022,671
2026-04-17,Email,684.27,30228,1666
2026-04-18,Instagram Ads,5695.62,32941,2399
2026-04-18,Google Ads,6743.64,26866,1914
2026-04-18,Referral,5561.28,6284,2879
2026-04-18,Organic Search,3496.29,15946,1263
2026-04-18,Influencer,10550.9,31378,1859
2026-04-18,Email,12602.43,25913,739
2026-04-19,Instagram Ads,3862.37,47276,2908
2026-04-19,Google Ads,8748.72,27731,2807
2026-04-19,Referral,4092.84,37019,1800
2026-04-19,Organic Search,2235.51,1342,1118
2026-04-19,Influencer,14402.14,41771,2071
2026-04-19,Email,7707.32,27872,2023
2026-04-20,Instagram Ads,12799.4,43062,1084
2026-04-20,Google Ads,1326.81,41602,1477
2026-04-20,Referral,13767.87,2997,1671
2026-04-20,Organic Search,11931.56,43113,2500
2026-04-20,Influencer,2916.2,6575,2523
2026-04-20,Email,14098.39,9145,405
2026-04-21,Instagram Ads,5530.64,25451,1806
2026-04-21,Google Ads,5478.92,12631,2574
2026-04-21,Referral,12969.94,30827,2788
2026-04-21,Organic Search,8549.53,42302,826
2026-04-21,Influencer,6376.29,17934,2840
2026-04-21,Email,8459.02,47343,1140
2026-04-22,Instagram Ads,6785.2,31774,2542
2026-04-22,Google Ads,3672.1,14045,2327
2026-04-22,Referral,3932.23,23260,270
2026-04-22,Organic Search,2689.02,31395,2345
2026-04-22,Influencer,6102.96,44353,692
2026-04-22,Email,10292.96,26250,876
2026-04-23,Instagram Ads,12768.1,8090,1132
2026-04-23,Google Ads,13749.79,15975,1348
2026-04-23,Referral,11279.49,3231,840
2026-04-23,Organic Search,10493.99,40688,1896
2026-04-23,Influencer,8096.34,21538,383
2026-04-23,Email,4846.66,5647,773
2026-04-24,Instagram Ads,729.15,5382,353
2026-04-24,Google Ads,11602.93,2599,1626
2026-04-24,Referral,7658.41,32880,992
2026-04-24,Organic Search,13187.29,36685,1357
2026-04-24,Influencer,3036.08,16433,1912
2026-04-24,Email,14013.97,43076,1320
2026-04-25,Instagram Ads,13948.03,31422,1752
2026-04-25,Google Ads,2269.46,22904,1451
2026-04-25,Referral,8205.98,19548,2442
2026-04-25,Organic Search,14370.0,32306,831
2026-04-25,Influencer,7855.17,20885,89
2026-04-25,Email,546.53,8284,357
2026-04-26,Instagram Ads,12508.94,24361,628
2026-04-26,Google Ads,1820.59,18335,135
2026-04-26,Referral,10168.83,32361,1783
2026-04-26,Organic Search,10990.94,32578,2191
2026-04-26,Influencer,5983.58,7646,2564
2026-04-26,Email,8209.77,25988,1236
2026-04-27,Instagram Ads,5623.47,16956,2167
2026-04-27,Google Ads,3391.72,15879,885
2026-04-27,Referral,2280.77,29767,2627
2026-04-27,Organic Search,12493.65,29700,1688
2026-04-27,Influencer,864.38,13655,403
2026-04-27,Email,1080.0,30069,1925
2026-04-28,Instagram Ads,3264.09,25082,1059
2026-04-28,Google Ads,3919.44,27833,1130
2026-04-28,Referral,1648.11,21237,420
2026-04-28,Organic Search,2888.64,25206,2015
2026-04-28,Influencer,12336.07,38277,2245
2026-04-28,Email,8507.24,12494,1924
2026-04-29,Instagram Ads,11427.19,4742,2565
2026-04-29,Google Ads,9335.58,45853,857
2026-04-29,Referral,5300.5,24874,344
2026-04-29,Organic Search,2739.99,41511,2222
2026-04-29,Influencer,7079.37,24482,1445
2026-04-29,Email,5027.05,49957,1689
2026-04-30,Instagram Ads,7729.58,48066,280
2026-04-30,Google Ads,652.02,32105,1499
2026-04-30,Referral,10410.97,31117,227
2026-04-30,Organic Search,12389.93,7497,593
2026-04-30,Influencer,11918.53,35001,129
2026-04-30,Email,14772.02,31070,183
2026-05-01,Instagram Ads,3278.45,7536,543
2026-05-01,Google Ads,6182.37,36312,1765
2026-05-01,Referral,1571.59,6967,86
2026-05-01,Organic Search,8183.51,4515,473
2026-05-01,Influencer,5886.46,23487,2812
2026-05-01,Email,9703.43,30421,2329
2026-05-02,Instagram Ads,817.67,48636,1388
2026-05-02,Google Ads,6424.01,3454,2134
2026-05-02,Referral,8225.29,13629,2334
2026-05-02,Organic Search,14312.06,19906,400
2026-05-02,Influencer,9216.35,26203,624
2026-05-02,Email,13099.9,21434,483
2026-05-03,Instagram Ads,12244.92,18141,1126
2026-05-03,Google Ads,6859.11,26497,2591
2026-05-03,Referral,920.22,24573,2079
2026-05-03,Organic Search,8900.19,17295,738
2026-05-03,Influencer,10107.89,5131,2271
2026-05-03,Email,3367.55,22139,2019
2026-05-04,Instagram Ads,6522.21,36328,1460
2026-05-04,Google Ads,3347.79,40719,1000
2026-05-04,Referral,3249.65,25586,566
2026-05-04,Organic Search,10639.49,8376,2541
2026-05-04,Influencer,5529.31,31531,2323
2026-05-04,Email,6324.49,7499,2277
2026-05-05,Instagram Ads,9930.02,12767,1946
2026-05-05,Google Ads,8015.86,41550,2340
2026-05-05,Referral,9856.78,28026,2149
2026-05-05,Organic Search,7298.51,38279,1624
2026-05-05,Influencer,13356.54,30773,2924
2026-05-05,Email,3433.74,46099,2493
2026-05-06,Instagram Ads,11061.7,41175,1534
2026-05-06,Google Ads,6053.76,35120,183
2026-05-06,Referral,11094.38,34934,1370
2026-05-06,Organic Search,11214.38,40199,2747
2026-05-06,Influencer,14852.39,29604,1478
2026-05-06,Email,2574.22,25961,944
2026-05-07,Instagram Ads,14799.09,42941,2633
2026-05-07,Google Ads,4909.66,32194,2312
2026-05-07,Referral,14862.91,25812,1151
2026-05-07,Organic Search,14991.07,35167,147
2026-05-07,Influencer,2312.1,22613,526
2026-05-07,Email,9922.47,34139,1215
2026-05-08,Instagram Ads,12101.35,10091,2759
2026-05-08,Google Ads,11301.31,25585,1296
2026-05-08,Referral,2293.18,1314,692
2026-05-08,Organic Search,2623.08,4309,1547
2026-05-08,Influencer,8249.88,22107,2418
2026-05-08,Email,12660.17,22174,2654
2026-05-09,Instagram Ads,7409.46,37230,2193
2026-05-09,Google Ads,810.92,35924,964
2026-05-09,Referral,5523.05,25667,758
2026-05-09,Organic Search,11031.63,30331,1050
2026-05-09,Influencer,14324.06,44534,2257
2026-05-09,Email,3113.2,26981,116
2026-05-10,Instagram Ads,6826.6,46513,1917
2026-05-10,Google Ads,1022.32,10518,1549
2026-05-10,Referral,14969.52,41548,379
2026-05-10,Organic Search,13186.64,31892,2728
2026-05-10,Influencer,9434.98,27436,453
2026-05-10,Email,1865.27,47342,2256
2026-05-11,Instagram Ads,10773.39,5007,2544
2026-05-11,Google Ads,12045.92,29654,2929
2026-05-11,Referral,1371.23,25659,2704
2026-05-11,Organic Search,8808.36,16564,790
2026-05-11,Influencer,4053.79,49192,844
2026-05-11,Email,6753.11,46428,1033
2026-05-12,Instagram Ads,6296.78,23289,2862
2026-05-12,Google Ads,4205.92,4126,385
2026-05-12,Referral,11392.43,48993,2002
2026-05-12,Organic Search,3603.44,5569,417
2026-05-12,Influencer,11662.68,2480,630
2026-05-12,Email,13133.64,12085,778
2026-05-13,Instagram Ads,2146.45,16864,325
2026-05-13,Google Ads,7583.41,44838,2822
2026-05-13,Referral,9584.11,41525,2483
2026-05-13,Organic Search,12846.23,36895,2379
2026-05-13,Influencer,2359.09,30505,1043
2026-05-13,Email,3746.98,19295,114
2026-05-14,Instagram Ads,9288.49,22986,2257
2026-05-14,Google Ads,6227.89,21985,1240
2026-05-14,Referral,6829.91,13136,1072
2026-05-14,Organic Search,11839.7,26123,1808
2026-05-14,Influencer,2516.73,10977,2431
2026-05-14,Email,11048.38,49655,1789
2026-05-15,Instagram Ads,14677.55,25670,963
2026-05-15,Google Ads,9068.53,30388,1185
2026-05-15,Referral,2408.15,26244,1783
2026-05-15,Organic Search,3453.2,33885,2621
2026-05-15,Influencer,9549.86,12429,656
2026-05-15,Email,8152.24,2769,88
2026-05-16,Instagram Ads,3185.82,15582,2681
2026-05-16,Google Ads,7350.08,42441,2829
2026-05-16,Referral,11079.43,27875,137
2026-05-16,Organic Search,9549.9,45918,850
2026-05-16,Influencer,1534.22,5348,1927
2026-05-16,Email,10204.82,46243,1069
2026-05-17,Instagram Ads,6148.64,11487,1009
2026-05-17,Google Ads,9036.57,14227,2292
2026-05-17,Referral,1818.55,39733,1102
2026-05-17,Organic Search,5477.95,42394,1195
2026-05-17,Influencer,10182.04,39214,1859
2026-05-17,Email,5593.48,6321,2869
2026-05-18,Instagram Ads,11843.31,23059,696
2026-05-18,Google Ads,3997.51,35735,2840
2026-05-18,Referral,5449.3,38679,1849
2026-05-18,Organic Search,2689.09,2379,1616
2026-05-18,Influencer,7126.64,5965,970
2026-05-18,Email,2554.86,45690,951
2026-05-19,Instagram Ads,7031.6,47140,115
2026-05-19,Google Ads,8900.77,16611,478
2026-05-19,Referral,3977.42,26657,1329
2026-05-19,Organic Search,4728.21,15905,2522
2026-05-19,Influencer,644.8,6476,1397
2026-05-19,Email,10301.22,15866,957
2026-05-20,Instagram Ads,8882.34,22983,2345
2026-05-20,Google Ads,3754.55,13389,2885
2026-05-20,Referral,2437.23,44527,1785
2026-05-20,Organic Search,5731.83,41195,103
2026-05-20,Influencer,2212.68,35590,339
2026-05-20,Email,7826.75,43737,2234
2026-05-21,Instagram Ads,9381.74,42710,1637
2026-05-21,Google Ads,4845.05,40370,305
2026-05-21,Referral,4079.65,45267,263
2026-05-21,Organic Search,11589.0,26392,1957
2026-05-21,Influencer,13968.6,38705,2477
2026-05-21,Email,1485.32,14297,1213
2026-05-22,Instagram Ads,6421.05,49327,211
2026-05-22,Google Ads,6034.11,2804,1622
2026-05-22,Referral,5528.34,5232,642
2026-05-22,Organic Search,2127.09,33306,1324
2026-05-22,Influencer,7343.15,28040,2036
2026-05-22,Email,3108.02,20907,208
2026-05-23,Instagram Ads,14731.95,36352,2288
2026-05-23,Google Ads,13819.34,29822,2082
2026-05-23,Referral,2662.45,23180,2673
2026-05-23,Organic Search,3377.59,28373,1645
2026-05-23,Influencer,8466.15,46197,2041
2026-05-23,Email,10758.93,30142,902
2026-05-24,Instagram Ads,12464.96,20631,2699
2026-05-24,Google Ads,14952.36,7698,2251
2026-05-24,Referral,13583.7,2063,2140
2026-05-24,Organic Search,9395.75,14385,495
2026-05-24,Influencer,6262.4,40655,2118
2026-05-24,Email,2454.38,14070,2091
2026-05-25,Instagram Ads,8858.89,39822,1572
2026-05-25,Google Ads,4043.67,47839,1284
2026-05-25,Referral,2439.86,42614,169
2026-05-25,Organic Search,5277.24,27619,2108
2026-05-25,Influencer,833.22,30912,968
2026-05-25,Email,13733.52,12262,1672
2026-05-26,Instagram Ads,7031.6,26461,1494
2026-05-26,Google Ads,13277.19,41716,2826
2026-05-26,Referral,10696.98,1491,1582
2026-05-26,Organic Search,4021.22,3512,846
2026-05-26,Influencer,6260.25,1589,117
2026-05-26,Email,13437.63,42085,1831
2026-05-27,Instagram Ads,14118.59,2325,1411
2026-05-27,Google Ads,2080.63,2506,448
2026-05-27,Referral,13533.28,48089,2598
2026-05-27,Organic Search,5452.6,4046,2607
2026-05-27,Influencer,12156.96,37546,1972
2026-05-27,Email,2959.13,18790,1764
2026-05-28,Instagram Ads,2579.06,7670,1760
2026-05-28,Google Ads,13593.33,24003,582
2026-05-28,Referral,12793.99,24676,2399
2026-05-28,Organic Search,4047.15,48878,1415
2026-05-28,Influencer,12626.14,6131,1562
2026-05-28,Email,12717.68,48916,695
2026-05-29,Instagram Ads,3907.07,33499,1114
2026-05-29,Google Ads,3183.39,31366,1209
2026-05-29,Referral,2662.96,22321,2265
2026-05-29,Organic Search,9029.14,41913,2430
2026-05-29,Influencer,10765.22,41274,2064
2026-05-29,Email,11435.13,29087,1385
2026-05-30,Instagram Ads,1799.42,35911,1264
2026-05-30,Google Ads,6638.87,25532,1601
2026-05-30,Referral,3563.15,49762,501
2026-05-30,Organic Search,11905.06,2939,884
2026-05-30,Influencer,3178.69,37739,2760
2026-05-30,Email,8531.21,39611,1107
2026-05-31,Instagram Ads,10229.81,38507,2030
2026-05-31,Google Ads,8591.65,41086,1290
2026-05-31,Referral,2024.07,33364,567
2026-05-31,Organic Search,6742.97,15847,2883
2026-05-31,Influencer,10730.24,9753,2176
2026-05-31,Email,8486.47,33908,92
2026-06-01,Instagram Ads,10346.08,35688,708
2026-06-01,Google Ads,12975.79,7383,1328
2026-06-01,Referral,3292.45,44395,2979
2026-06-01,Organic Search,1052.28,10967,1480
2026-06-01,Influencer,2660.61,1759,2725
2026-06-01,Email,2337.82,38690,2881
2026-06-02,Instagram Ads,12796.91,41880,174
2026-06-02,Google Ads,4703.29,44925,1747
2026-06-02,Referral,8821.49,36871,235
2026-06-02,Organic Search,8362.82,36609,759
2026-06-02,Influencer,13335.1,16498,1120
2026-06-02,Email,5968.63,44049,51
2026-06-03,Instagram Ads,9004.96,30069,2757
2026-06-03,Google Ads,7812.98,22571,2713
2026-06-03,Referral,1036.2,29539,339
2026-06-03,Organic Search,6055.35,17332,532
2026-06-03,Influencer,9932.72,8937,1931
2026-06-03,Email,13924.12,35988,2762
2026-06-04,Instagram Ads,10975.99,36048,2991
2026-06-04,Google Ads,8044.36,48050,2617
2026-06-04,Referral,1752.61,43309,802
2026-06-04,Organic Search,6188.7,27383,2554
2026-06-04,Influencer,7866.08,18599,623
2026-06-04,Email,2823.01,16494,982
2026-06-05,Instagram Ads,13839.17,35743,1226
2026-06-05,Google Ads,4915.67,21422,1687
2026-06-05,Referral,1492.0,31179,2376
2026-06-05,Organic Search,11081.67,21770,1286
2026-06-05,Influencer,9111.52,25118,1927
2026-06-05,Email,12341.03,45594,391
2026-06-06,Instagram Ads,6895.81,1685,1256
2026-06-06,Google Ads,9434.04,17781,2686
2026-06-06,Referral,10665.67,43603,2648
2026-06-06,Organic Search,1531.02,13609,1631
2026-06-06,Influencer,14969.48,17886,1421
2026-06-06,Email,12896.12,46049,2773
2026-06-07,Instagram Ads,9804.12,36500,944
2026-06-07,Google Ads,1574.28,16023,669
2026-06-07,Referral,1873.06,45894,2207
2026-06-07,Organic Search,2091.62,25706,1988
2026-06-07,Influencer,12215.65,20773,2438
2026-06-07,Email,2007.1,24562,1660
2026-06-08,Instagram Ads,12609.21,1732,289
2026-06-08,Google Ads,13902.95,9382,1818
2026-06-08,Referral,1397.61,25951,2149
2026-06-08,Organic Search,10392.86,24047,339
2026-06-08,Influencer,6603.41,20078,282
2026-06-08,Email,9791.62,28841,1229
2026-06-09,Instagram Ads,983.18,4374,1428
2026-06-09,Google Ads,8492.64,49755,2974
2026-06-09,Referral,4674.2,20289,1471
2026-06-09,Organic Search,1993.95,9802,2108
2026-06-09,Influencer,13214.32,32607,623
2026-06-09,Email,9519.91,11476,2242
2026-06-10,Instagram Ads,9505.44,5940,501
2026-06-10,Google Ads,12747.68,29345,1212
2026-06-10,Referral,12259.62,40145,1998
2026-06-10,Organic Search,2853.16,18682,2199
2026-06-10,Influencer,11332.46,11151,1342
2026-06-10,Email,12046.33,22079,2078
2026-06-11,Instagram Ads,4850.79,37139,1548
2026-06-11,Google Ads,9516.72,15347,894
2026-06-11,Referral,13768.58,24048,2429
2026-06-11,Organic Search,8889.73,13994,965
2026-06-11,Influencer,4206.82,37178,816
2026-06-11,Email,11800.6,14576,2295
2026-06-12,Instagram Ads,8230.38,33906,2051
2026-06-12,Google Ads,2120.91,39734,1085
2026-06-12,Referral,6056.94,29778,1461
2026-06-12,Organic Search,6769.52,41188,2785
2026-06-12,Influencer,11404.44,40573,2623
2026-06-12,Email,12346.34,21312,2698
2026-06-13,Instagram Ads,12081.37,27641,2176
2026-06-13,Google Ads,964.47,9926,1400
2026-06-13,Referral,7297.89,38391,1862
2026-06-13,Organic Search,5668.56,42449,348
2026-06-13,Influencer,3251.4,22217,1190
2026-06-13,Email,6564.98,28734,2092
2026-06-14,Instagram Ads,10002.72,10906,475
2026-06-14,Google Ads,3647.48,29433,100
2026-06-14,Referral,6783.09,41372,1217
2026-06-14,Organic Search,12405.44,39672,1178
2026-06-14,Influencer,14058.17,31480,2620
2026-06-14,Email,14283.34,33679,603
2026-06-15,Instagram Ads,5014.77,22133,2781
2026-06-15,Google Ads,7552.82,40289,2455
2026-06-15,Referral,8971.71,33735,1330
2026-06-15,Organic Search,1476.35,41917,1218
2026-06-15,Influencer,8163.33,17357,2812
2026-06-15,Email,3433.02,15582,1678
2026-06-16,Instagram Ads,11407.34,14731,2577
2026-06-16,Google Ads,8708.35,29286,173
2026-06-16,Referral,14749.65,21440,1162
2026-06-16,Organic Search,7643.12,24885,2856
2026-06-16,Influencer,11232.01,38586,2862
2026-06-16,Email,7146.82,44143,358
2026-06-17,Instagram Ads,8843.05,42242,1169
2026-06-17,Google Ads,5260.4,24843,2902
2026-06-17,Referral,9447.87,6147,1128
2026-06-17,Organic Search,1060.36,41197,1910
2026-06-17,Influencer,7078.63,21246,395
2026-06-17,Email,13814.13,19448,472
2026-06-18,Instagram Ads,12526.34,10332,1608
2026-06-18,Google Ads,4154.55,2891,1383
2026-06-18,Referral,12818.67,17187,1532
2026-06-18,Organic Search,2460.68,40186,955
2026-06-18,Influencer,12718.75,9839,1944
2026-06-18,Email,6382.54,46878,2039
2026-06-19,Instagram Ads,3261.95,44077,291
2026-06-19,Google Ads,5220.84,30812,789
2026-06-19,Referral,2228.46,29230,1192
2026-06-19,Organic Search,5390.89,45483,956
2026-06-19,Influencer,2376.39,29541,427
2026-06-19,Email,12490.65,41502,363
2026-06-20,Instagram Ads,7296.04,17887,2395
2026-06-20,Google Ads,8690.94,42893,2952
2026-06-20,Referral,9343.7,23623,2682
2026-06-20,Organic Search,2862.12,30295,2955
2026-06-20,Influencer,14281.22,7558,2168
2026-06-20,Email,12116.54,24216,1336
2026-06-21,Instagram Ads,11897.6,33203,258
2026-06-21,Google Ads,1306.63,28263,2338
2026-06-21,Referral,8173.44,16504,2993
2026-06-21,Organic Search,565.65,10209,2354
2026-06-21,Influencer,6551.66,9468,151
2026-06-21,Email,12337.7,49257,1723
2026-06-22,Instagram Ads,9888.66,16240,1651
2026-06-22,Google Ads,12927.83,4140,2420
2026-06-22,Referral,7060.63,10609,2276
2026-06-22,Organic Search,13116.2,30051,398
2026-06-22,Influencer,13929.78,11436,2334
2026-06-22,Email,8470.91,27880,1052
2026-06-23,Instagram Ads,2279.86,48973,2377
2026-06-23,Google Ads,6386.01,36784,1916
2026-06-23,Referral,13663.16,25500,1277
2026-06-23,Organic Search,1174.62,33301,1083
2026-06-23,Influencer,8315.37,35730,350
2026-06-23,Email,14435.74,28227,2129
2026-06-24,Instagram Ads,2699.92,1690,1192
2026-06-24,Google Ads,3630.77,35005,425
2026-06-24,Referral,2457.56,31258,2037
2026-06-24,Organic Search,3659.94,30838,1949
2026-06-24,Influencer,4792.49,12030,2826
2026-06-24,Email,7480.46,40615,2676
2026-06-25,Instagram Ads,11613.78,13407,2008
2026-06-25,Google Ads,8397.31,37599,1976
2026-06-25,Referral,2820.63,10081,1939
2026-06-25,Organic Search,5565.36,6299,1167
2026-06-25,Influencer,862.7,26055,1392
2026-06-25,Email,12573.2,48454,1407
2026-06-26,Instagram Ads,8417.3,48239,2391
2026-06-26,Google Ads,9754.95,15049,490
2026-06-26,Referral,6700.5,20514,1857
2026-06-26,Organic Search,1188.15,41035,2643
2026-06-26,Influencer,4321.17,37387,1959
2026-06-26,Email,5406.49,46990,1157
2026-06-27,Instagram Ads,1020.56,43277,2637
2026-06-27,Google Ads,9563.47,15174,787
2026-06-27,Referral,8294.94,20412,1462
2026-06-27,Organic Search,5953.06,36585,2145
2026-06-27,Influencer,10273.42,16412,638
2026-06-27,Email,2509.06,35382,317
2026-06-28,Instagram Ads,9742.81,32443,406
2026-06-28,Google Ads,12638.05,3319,2297
2026-06-28,Referral,3208.4,36746,540
2026-06-28,Organic Search,8698.84,4677,928
2026-06-28,Influencer,3441.96,38269,2910
2026-06-28,Email,7459.9,24506,2663
2026-06-29,Instagram Ads,9663.84,17243,914
2026-06-29,Google Ads,6067.93,36561,998
2026-06-29,Referral,5678.59,37105,1205
2026-06-29,Organic Search,5446.99,39086,182
2026-06-29,Influencer,10253.38,27879,2049
2026-06-29,Email,9686.65,35402,436
2026-06-30,Instagram Ads,3537.54,45286,626
2026-06-30,Google Ads,11383.95,46239,2876
2026-06-30,Referral,2016.72,47172,455
2026-06-30,Organic Search,9375.63,47787,2096
2026-06-30,Influencer,11764.47,27046,2800
2026-06-30,Email,4576.57,21671,2779
2026-07-01,Instagram Ads,8054.66,17342,1047
2026-07-01,Google Ads,5663.56,25857,1058
2026-07-01,Referral,8017.7,44981,731
2026-07-01,Organic Search,13626.17,11841,791
2026-07-01,Influencer,6974.98,27154,2829
2026-07-01,Email,13325.61,39041,1983
2026-07-02,Instagram Ads,7737.55,32832,1017
2026-07-02,Google Ads,981.07,21464,788
2026-07-02,Referral,8895.88,34142,1332
2026-07-02,Organic Search,13664.4,30522,1843
2026-07-02,Influencer,1065.34,10171,919
2026-07-02,Email,6770.64,6851,2803
2026-07-03,Instagram Ads,1274.96,44525,1111
2026-07-03,Google Ads,13111.0,16166,1635
2026-07-03,Referral,10179.2,10270,128
2026-07-03,Organic Search,1772.95,23575,1275
2026-07-03,Influencer,5946.64,9560,347
2026-07-03,Email,4211.45,39430,422
2026-07-04,Instagram Ads,11140.96,42934,795
2026-07-04,Google Ads,8280.13,43792,2651
2026-07-04,Referral,6513.61,30259,825
2026-07-04,Organic Search,2006.62,39661,1115
2026-07-04,Influencer,11081.19,42979,2732
2026-07-04,Email,8865.37,17773,2401
2026-07-05,Instagram Ads,14392.7,43242,1751
2026-07-05,Google Ads,13853.8,45135,1356
2026-07-05,Referral,10348.97,8740,2227
2026-07-05,Organic Search,5301.46,34025,277
2026-07-05,Influencer,12687.23,1411,791
2026-07-05,Email,9916.38,7039,1377
2026-07-06,Instagram Ads,9647.55,43344,731
2026-07-06,Google Ads,1971.87,47002,2688
2026-07-06,Referral,8415.89,38314,1732
2026-07-06,Organic Search,1512.68,21347,2554
2026-07-06,Influencer,2738.06,8352,2300
2026-07-06,Email,10945.22,20499,997
2026-07-07,Instagram Ads,5205.95,48176,2485
2026-07-07,Google Ads,7381.51,15719,99
2026-07-07,Referral,11695.64,35126,271
2026-07-07,Organic Search,6442.61,31857,647
2026-07-07,Influencer,7499.17,13355,2178
2026-07-07,Email,1192.35,28277,2907
2026-07-08,Instagram Ads,5405.28,21097,1530
2026-07-08,Google Ads,6568.01,12949,2847
2026-07-08,Referral,4133.75,23679,1230
2026-07-08,Organic Search,11276.0,49357,1522
2026-07-08,Influencer,3780.74,1049,1687
2026-07-08,Email,5244.41,34199,460
2026-07-09,Instagram Ads,11412.67,18093,2613
2026-07-09,Google Ads,620.81,40410,2182
2026-07-09,Referral,14574.04,24890,2852
2026-07-09,Organic Search,2785.93,30506,2930
2026-07-09,Influencer,7350.59,42472,2368
2026-07-09,Email,6831.49,10765,2418
2026-07-10,Instagram Ads,3193.92,48350,2822
2026-07-10,Google Ads,4605.78,28008,2018
2026-07-10,Referral,2053.42,20716,1164
2026-07-10,Organic Search,6545.34,44101,1852
2026-07-10,Influencer,3249.54,30659,1269
2026-07-10,Email,4026.31,44189,1868
2026-07-11,Instagram Ads,6218.28,44968,2631
2026-07-11,Google Ads,10086.39,26165,1877
2026-07-11,Referral,12799.54,17521,2632
2026-07-11,Organic Search,576.85,1844,457
2026-07-11,Influencer,9703.28,48176,2975
2026-07-11,Email,4848.76,44820,2701
2026-07-12,Instagram Ads,6684.62,26274,2449
2026-07-12,Google Ads,9174.4,49876,1547
2026-07-12,Referral,3270.45,38476,1589
2026-07-12,Organic Search,840.49,6732,647
2026-07-12,Influencer,4468.35,4502,2302
2026-07-12,Email,14879.47,44981,1994
2026-07-13,Instagram Ads,6047.91,46917,683
2026-07-13,Google Ads,13237.96,45273,1471
2026-07-13,Referral,6032.13,13086,2860
2026-07-13,Organic Search,4818.7,30759,561
2026-07-13,Influencer,8221.8,13288,2660
2026-07-13,Email,14831.1,34799,2212
2026-07-14,Instagram Ads,12451.51,42211,1241
2026-07-14,Google Ads,9660.56,16680,1918
2026-07-14,Referral,1997.09,19781,2986
2026-07-14,Organic Search,13340.84,43128,2192
2026-07-14,Influencer,3212.56,4930,2473
2026-07-14,Email,6330.47,3346,157
2026-07-15,Instagram Ads,11051.22,21669,275
2026-07-15,Google Ads,7165.32,38875,1909
2026-07-15,Referral,5373.34,10497,709
2026-07-15,Organic Search,12290.45,30864,2124
2026-07-15,Influencer,629.43,27834,2072
2026-07-15,Email,6936.41,20942,2101
2026-07-16,Instagram Ads,1518.67,38890,869
2026-07-16,Google Ads,664.1,42047,324
2026-07-16,Referral,6282.92,46199,2790
2026-07-16,Organic Search,14850.32,29233,2107
2026-07-16,Influencer,14342.01,18798,563
2026-07-16,Email,13116.03,28813,1038
2026-07-17,Instagram Ads,13944.79,29642,385
2026-07-17,Google Ads,8433.18,39427,437
2026-07-17,Referral,14631.88,21755,1445
2026-07-17,Organic Search,13499.22,48352,1833
2026-07-17,Influencer,5775.5,11626,1956
2026-07-17,Email,2598.44,33272,2311
2026-07-18,Instagram Ads,2129.82,48500,2115
2026-07-18,Google Ads,11945.99,17752,2811
2026-07-18,Referral,2159.02,20940,1950
2026-07-18,Organic Search,6010.57,45203,1021
2026-07-18,Influencer,7885.35,11342,1659
2026-07-18,Email,12295.7,33001,287
2026-07-19,Instagram Ads,11856.66,39944,1235
2026-07-19,Google Ads,6404.22,37515,1794
2026-07-19,Referral,7202.45,32711,409
2026-07-19,Organic Search,13240.8,27678,1190
2026-07-19,Influencer,1553.38,9106,1126
2026-07-19,Email,13838.68,4404,1096
2026-07-20,Instagram Ads,13316.99,45118,2409
2026-07-20,Google Ads,8890.05,10919,2450
2026-07-20,Referral,10083.14,15562,1808
2026-07-20,Organic Search,13481.64,10512,652
2026-07-20,Influencer,8021.1,49313,2759
2026-07-20,Email,2926.06,30355,2511
2026-07-21,Instagram Ads,12188.76,1298,349
2026-07-21,Google Ads,3581.04,20485,2039
2026-07-21,Referral,2687.74,3774,2363
2026-07-21,Organic Search,6792.83,17021,2254
2026-07-21,Influencer,11031.69,28654,1636
2026-07-21,Email,7500.82,5424,2604
2026-07-22,Instagram Ads,6750.89,14749,1867
2026-07-22,Google Ads,12345.68,30972,153
2026-07-22,Referral,4013.75,41896,758
2026-07-22,Organic Search,7474.1,41686,2489
2026-07-22,Influencer,1744.38,16185,2280
2026-07-22,Email,3934.21,29994,2811
2026-07-23,Instagram Ads,5129.13,1056,1454
2026-07-23,Google Ads,13400.73,1911,2304
2026-07-23,Referral,13900.29,13583,920
2026-07-23,Organic Search,12476.36,3423,471
2026-07-23,Influencer,4748.66,33099,508
2026-07-23,Email,5581.54,6430,2655
2026-07-24,Instagram Ads,8327.84,37763,2164
2026-07-24,Google Ads,8568.23,47451,803
2026-07-24,Referral,13222.68,4436,1036
2026-07-24,Organic Search,2808.29,12123,1265
2026-07-24,Influencer,10969.42,41114,313
2026-07-24,Email,3931.66,3555,1302
2026-07-25,Instagram Ads,13370.96,30435,1146
2026-07-25,Google Ads,5492.62,30428,2691
2026-07-25,Referral,6228.55,48532,1062
2026-07-25,Organic Search,8760.71,20877,122
2026-07-25,Influencer,8273.84,38423,583
2026-07-25,Email,7703.47,34221,1172
2026-07-26,Instagram Ads,10778.86,11295,2051
2026-07-26,Google Ads,6890.29,39853,1292
2026-07-26,Referral,13604.33,30606,2522
2026-07-26,Organic Search,3196.76,12197,1951
2026-07-26,Influencer,10218.48,4419,390
2026-07-26,Email,14484.2,10885,1094
2026-07-27,Instagram Ads,9969.71,31363,1504
2026-07-27,Google Ads,9377.88,32725,2572
2026-07-27,Referral,9646.2,14471,1057
2026-07-27,Organic Search,7380.66,46156,342
2026-07-27,Influencer,9209.43,21917,534
2026-07-27,Email,13075.49,3011,2312
2026-07-28,Instagram Ads,7108.7,8263,1755
2026-07-28,Google Ads,5042.99,35622,499
2026-07-28,Referral,7282.45,14359,2837
2026-07-28,Organic Search,14953.51,26915,329
2026-07-28,Influencer,3645.74,11686,1229
2026-07-28,Email,2713.72,7742,1803
2026-07-29,Instagram Ads,8914.47,19033,1399
2026-07-29,Google Ads,3984.65,46989,2956
2026-07-29,Referral,8385.92,21621,1456
2026-07-29,Organic Search,4813.53,42649,2642
2026-07-29,Influencer,12265.32,31437,596
2026-07-29,Email,4535.71,42914,1843
2026-07-30,Instagram Ads,5514.11,14289,2588
2026-07-30,Google Ads,12626.16,37348,1883
2026-07-30,Referral,9635.18,39183,2870
2026-07-30,Organic Search,11276.58,44309,188
2026-07-30,Influencer,1802.36,34945,656
2026-07-30,Email,14941.54,41101,737
2026-07-31,Instagram Ads,3383.66,32667,2550
2026-07-31,Google Ads,14875.75,12796,1553
2026-07-31,Referral,10320.3,48930,2812
2026-07-31,Organic Search,9207.38,35977,1731
2026-07-31,Influencer,14584.23,22082,84
2026-07-31,Email,6002.88,2674,544
2026-08-01,Instagram Ads,12902.49,6613,1696
2026-08-01,Google Ads,5507.94,35477,1683
2026-08-01,Referral,5630.82,6345,1468
2026-08-01,Organic Search,14642.67,2908,1024
2026-08-01,Influencer,5197.54,25246,2313
2026-08-01,Email,1992.32,36640,2825
2026-08-02,Instagram Ads,1310.06,45920,2808
2026-08-02,Google Ads,11380.0,28263,1687
2026-08-02,Referral,9988.26,24297,1784
2026-08-02,Organic Search,12807.27,32690,2016
2026-08-02,Influencer,10047.27,13175,2669
2026-08-02,Email,2021.85,29593,122
2026-08-03,Instagram Ads,1082.19,18916,3000
2026-08-03,Google Ads,12921.79,36385,190
2026-08-03,Referral,13797.79,49058,1791
2026-08-03,Organic Search,14653.67,48230,2544
2026-08-03,Influencer,9237.91,16333,2073
2026-08-03,Email,8179.43,16978,1778
2026-08-04,Instagram Ads,8983.29,8475,104
2026-08-04,Google Ads,9247.91,41644,2095
2026-08-04,Referral,10106.36,30681,741
2026-08-04,Organic Search,12513.01,5248,2411
2026-08-04,Influencer,1943.38,26126,860
2026-08-04,Email,10212.51,46096,2754
2026-08-05,Instagram Ads,11516.71,8216,1819
2026-08-05,Google Ads,5291.85,28459,2276
2026-08-05,Referral,1108.83,18681,2022
2026-08-05,Organic Search,3169.2,22406,865
2026-08-05,Influencer,5291.7,44643,180
2026-08-05,Email,795.73,14613,1403
2026-08-06,Instagram Ads,7874.67,6270,2035
2026-08-06,Google Ads,13638.3,13201,90
2026-08-06,Referral,1262.87,48648,1489
2026-08-06,Organic Search,14109.29,44280,1544
2026-08-06,Influencer,705.92,8117,2276
2026-08-06,Email,7041.12,35668,2421
2026-08-07,Instagram Ads,671.39,4733,2722
2026-08-07,Google Ads,5210.12,13271,2464
2026-08-07,Referral,9282.98,18269,641
2026-08-07,Organic Search,3760.79,24283,1467
2026-08-07,Influencer,10125.86,14237,2697
2026-08-07,Email,3354.08,40921,750
2026-08-08,Instagram Ads,10451.23,14807,763
2026-08-08,Google Ads,9851.85,6489,758
2026-08-08,Referral,10318.49,14048,79
2026-08-08,Organic Search,2545.25,34774,2743
2026-08-08,Influencer,9725.22,14292,1058
2026-08-08,Email,10539.53,15289,1687
2026-08-09,Instagram Ads,9620.2,16655,603
2026-08-09,Google Ads,2525.05,33199,1780
2026-08-09,Referral,11143.09,1961,1095
2026-08-09,Organic Search,12421.89,45153,2909
2026-08-09,Influencer,7511.23,43924,1129
2026-08-09,Email,4822.49,43891,991
2026-08-10,Instagram Ads,673.38,42476,2153
2026-08-10,Google Ads,1977.92,3009,1872
2026-08-10,Referral,13686.21,48262,2328
2026-08-10,Organic Search,693.38,48716,2337
2026-08-10,Influencer,7576.28,25959,2018
2026-08-10,Email,8151.06,23252,894
2026-08-11,Instagram Ads,14814.05,13980,1238
2026-08-11,Google Ads,9750.04,13529,1042
2026-08-11,Referral,5584.37,31145,2148
2026-08-11,Organic Search,4809.0,30857,211
2026-08-11,Influencer,11825.09,45489,351
2026-08-11,Email,7857.94,45786,237
2026-08-12,Instagram Ads,3388.48,49597,1683
2026-08-12,Google Ads,13079.53,14409,1654
2026-08-12,Referral,3582.15,47236,1386
2026-08-12,Organic Search,848.67,2439,1331
2026-08-12,Influencer,1372.27,16946,1582
2026-08-12,Email,1914.0,8382,1668
2026-08-13,Instagram Ads,3926.53,48651,2754
2026-08-13,Google Ads,11697.29,37462,1228
2026-08-13,Referral,14716.8,24191,2837
2026-08-13,Organic Search,13832.85,41971,1012
2026-08-13,Influencer,6481.31,12008,1488
2026-08-13,Email,13372.18,16802,102
2026-08-14,Instagram Ads,4052.69,44392,2713
2026-08-14,Google Ads,2322.06,29375,65
2026-08-14,Referral,2947.87,16484,814
2026-08-14,Organic Search,13909.16,27309,2577
2026-08-14,Influencer,9328.54,30510,602
2026-08-14,Email,9731.05,31407,156
2026-08-15,Instagram Ads,2385.81,40600,1288
2026-08-15,Google Ads,11302.85,2065,2456
2026-08-15,Referral,10880.13,22646,382
2026-08-15,Organic Search,12779.11,5570,65
2026-08-15,Influencer,11794.48,38260,1021
2026-08-15,Email,9277.99,47061,1133
2026-08-16,Instagram Ads,14765.49,38667,2406
2026-08-16,Google Ads,6486.5,28393,1966
2026-08-16,Referral,12880.71,37542,2377
2026-08-16,Organic Search,13825.45,42394,1605
2026-08-16,Influencer,4482.09,49517,1503
2026-08-16,Email,9292.29,45192,2196
2026-08-17,Instagram Ads,10060.3,29947,312
2026-08-17,Google Ads,3557.88,3471,960
2026-08-17,Referral,2833.61,39875,644
2026-08-17,Organic Search,11878.53,20125,1271
2026-08-17,Influencer,3018.75,11923,489
2026-08-17,Email,3574.26,20162,885
2026-08-18,Instagram Ads,3654.72,7117,1044
2026-08-18,Google Ads,13235.87,16094,202
2026-08-18,Referral,13318.31,43370,256
2026-08-18,Organic Search,4695.13,11854,2594
2026-08-18,Influencer,5297.31,1095,827
2026-08-18,Email,918.87,9456,2492
2026-08-19,Instagram Ads,3381.99,1114,2431
2026-08-19,Google Ads,5403.01,34008,2058
2026-08-19,Referral,9813.82,2729,745
2026-08-19,Organic Search,846.77,30688,1506
2026-08-19,Influencer,2721.34,2300,2896
2026-08-19,Email,2997.29,24409,1659
2026-08-20,Instagram Ads,9113.0,6492,2144
2026-08-20,Google Ads,14818.95,1462,1832
2026-08-20,Referral,10741.67,15602,2662
2026-08-20,Organic Search,11927.25,18411,1040
2026-08-20,Influencer,8138.44,19447,1285
2026-08-20,Email,3849.59,17094,78
2026-08-21,Instagram Ads,5583.33,24078,2572
2026-08-21,Google Ads,6586.25,32982,1744
2026-08-21,Referral,3925.48,3292,2453
2026-08-21,Organic Search,14830.55,33122,1614
2026-08-21,Influencer,11584.28,42587,813
2026-08-21,Email,5216.94,31008,2740
2026-08-22,Instagram Ads,4040.63,29829,1630
2026-08-22,Google Ads,7543.83,17958,2300
2026-08-22,Referral,8450.71,16172,2418
2026-08-22,Organic Search,1871.89,10585,82
2026-08-22,Influencer,3849.46,33698,1534
2026-08-22,Email,11746.49,41367,1320
2026-08-23,Instagram Ads,1407.94,21271,1066
2026-08-23,Google Ads,1513.99,20483,168
2026-08-23,Referral,1973.92,39620,2213
2026-08-23,Organic Search,8633.33,46800,2347
2026-08-23,Influencer,4976.26,41127,1557
2026-08-23,Email,3993.91,14246,1942
2026-08-24,Instagram Ads,1997.96,39415,1096
2026-08-24,Google Ads,13371.6,13281,2244
2026-08-24,Referral,13350.1,1779,2248
2026-08-24,Organic Search,10620.64,35934,2124
2026-08-24,Influencer,5818.94,45113,958
2026-08-24,Email,7774.87,12996,2748
2026-08-25,Instagram Ads,8403.76,22996,658
2026-08-25,Google Ads,1500.69,4347,250
2026-08-25,Referral,12455.63,43051,421
2026-08-25,Organic Search,6359.89,37321,2917
2026-08-25,Influencer,5715.06,7091,1556
2026-08-25,Email,5603.33,27561,1121
2026-08-26,Instagram Ads,8335.56,32262,179
2026-08-26,Google Ads,3230.26,9875,545
2026-08-26,Referral,8007.01,1978,1028
2026-08-26,Organic Search,9396.54,48685,217
2026-08-26,Influencer,11030.92,36917,2305
2026-08-26,Email,8438.98,19314,724
2026-08-27,Instagram Ads,11951.37,44743,1535
2026-08-27,Google Ads,9456.5,1575,603
2026-08-27,Referral,11139.13,5528,1736
2026-08-27,Organic Search,8841.14,46495,235
2026-08-27,Influencer,13628.26,37162,334
2026-08-27,Email,3798.67,42145,1645
2026-08-28,Instagram Ads,3458.55,47653,1623
2026-08-28,Google Ads,12978.0,10360,1157
2026-08-28,Referral,10432.98,29359,802
2026-08-28,Organic Search,14367.06,22860,1540
2026-08-28,Influencer,6467.47,24916,2775
2026-08-28,Email,7620.12,30534,575
2026-08-29,Instagram Ads,12394.44,16008,1434
2026-08-29,Google Ads,10059.24,6505,2015
2026-08-29,Referral,2415.41,19386,2870
2026-08-29,Organic Search,8467.21,30842,2487
2026-08-29,Influencer,10390.8,31617,225
2026-08-29,Email,13386.68,38949,2502
2026-08-30,Instagram Ads,4348.51,19233,1597
2026-08-30,Google Ads,1930.09,15661,1341
2026-08-30,Referral,3784.83,4673,1766
2026-08-30,Organic Search,10742.37,19806,1240
2026-08-30,Influencer,7727.51,45624,61
2026-08-30,Email,6622.46,46620,2054
2026-08-31,Instagram Ads,4956.22,40891,309
2026-08-31,Google Ads,10412.36,26271,172
2026-08-31,Referral,2725.57,34243,1914
2026-08-31,Organic Search,13793.91,4578,145
2026-08-31,Influencer,11023.65,30326,316
2026-08-31,Email,2060.47,29111,1263
2026-09-01,Instagram Ads,7875.79,10490,846
2026-09-01,Google Ads,2601.57,24388,2807
2026-09-01,Referral,11435.65,27011,2356
2026-09-01,Organic Search,9509.43,42098,2138
2026-09-01,Influencer,14086.58,5060,2271
2026-09-01,Email,8264.88,7468,1215
2026-09-02,Instagram Ads,8113.86,36458,2653
2026-09-02,Google Ads,9259.39,26388,2862
2026-09-02,Referral,14111.94,22559,1123
2026-09-02,Organic Search,1568.69,5463,788
2026-09-02,Influencer,4520.94,47955,764
2026-09-02,Email,14476.76,40226,1734
2026-09-03,Instagram Ads,14873.39,4874,1788
2026-09-03,Google Ads,11605.76,6396,1072
2026-09-03,Referral,11905.27,12875,540
2026-09-03,Organic Search,7373.03,11387,2607
2026-09-03,Influencer,5036.53,10453,2866
2026-09-03,Email,1623.03,27991,1813
2026-09-04,Instagram Ads,6929.04,10406,917
2026-09-04,Google Ads,12077.55,44230,2427
2026-09-04,Referral,6395.22,22175,1811
2026-09-04,Organic Search,10931.6,27997,2950
2026-09-04,Influencer,5877.52,20052,2855
2026-09-04,Email,13392.33,27035,968
2026-09-05,Instagram Ads,7023.43,31954,2677
2026-09-05,Google Ads,10072.5,23911,1418
2026-09-05,Referral,9051.33,30140,500
2026-09-05,Organic Search,13439.66,6279,2186
2026-09-05,Influencer,9495.59,32551,2897
2026-09-05,Email,2398.6,47912,2174
2026-09-06,Instagram Ads,13517.12,35744,1867
2026-09-06,Google Ads,762.19,29407,865
2026-09-06,Referral,3655.97,42257,2250
2026-09-06,Organic Search,12658.4,18151,1871
2026-09-06,Influencer,2714.98,27985,1863
2026-09-06,Email,10959.61,11753,1628
2026-09-07,Instagram Ads,11327.06,8173,1009
2026-09-07,Google Ads,6545.48,23068,2743
2026-09-07,Referral,11114.44,15561,1684
2026-09-07,Organic Search,4973.69,32663,2884
2026-09-07,Influencer,6181.18,4010,2912
2026-09-07,Email,14641.07,12541,2804
2026-09-08,Instagram Ads,8309.48,47716,168
2026-09-08,Google Ads,7483.31,42232,2455
2026-09-08,Referral,14824.95,22096,2958
2026-09-08,Organic Search,9448.83,12902,1191
2026-09-08,Influencer,1791.97,17117,635
2026-09-08,Email,4555.64,40317,494
2026-09-09,Instagram Ads,11020.13,16737,2824
2026-09-09,Google Ads,12372.03,19714,2754
2026-09-09,Referral,10405.42,18666,743
2026-09-09,Organic Search,1686.32,24035,2182
2026-09-09,Influencer,2648.76,17726,1450
2026-09-09,Email,11170.89,45902,530
2026-09-10,Instagram Ads,4139.98,21050,942
2026-09-10,Google Ads,8357.11,10714,1464
2026-09-10,Referral,1383.36,35551,1615
2026-09-10,Organic Search,14230.54,40593,2458
2026-09-10,Influencer,2340.74,3336,1478
2026-09-10,Email,1503.3,13667,1078
2026-09-11,Instagram Ads,10551.5,5907,1523
2026-09-11,Google Ads,9086.89,41698,2743
2026-09-11,Referral,11545.49,48057,2275
2026-09-11,Organic Search,3222.1,39001,1210
2026-09-11,Influencer,2708.9,17181,1494
2026-09-11,Email,12558.87,9877,1862
2026-09-12,Instagram Ads,1380.23,1708,1877
2026-09-12,Google Ads,7494.6,48668,2708
2026-09-12,Referral,1577.58,40348,2010
2026-09-12,Organic Search,6243.22,10358,998
2026-09-12,Influencer,6237.07,41187,487
2026-09-12,Email,7643.97,43146,240
