order_id,customer_id,order_date,product_id,quantity,order_value,payment_method,order_status
ORD000001,CUST01008,2025-06-10,PRD001,1,2423.11,Net Banking,Delivered
ORD000002,CUST00854,2025-11-26,PRD011,1,9169.72,Debit Card,Cancelled
ORD000003,CUST00382,2026-07-12,PRD012,1,1376.38,UPI,Delivered
ORD000004,CUST00923,2025-05-10,PRD010,1,1810.89,Credit Card,Delivered
ORD000005,CUST00393,2026-04-12,PRD005,2,3566.69,UPI,Delivered
ORD000006,CUST00341,2026-07-11,PRD002,1,13686.11,UPI,Delivered
ORD000007,CUST00701,2026-05-31,PRD001,2,4740.7,UPI,Delivered
ORD000008,CUST00020,2026-03-09,PRD001,1,2250.91,Net Banking,Cancelled
ORD000009,CUST00086,2026-05-10,PRD002,1,13509.99,Net Banking,Delivered
ORD000010,CUST01066,2025-06-15,PRD005,2,3359.46,COD,Delivered
ORD000011,CUST00690,2026-08-23,PRD006,3,3896.78,Credit Card,Returned
ORD000012,CUST00740,2025-12-24,PRD011,2,18112.67,Debit Card,Delivered
ORD000013,CUST00677,2026-04-18,PRD002,1,14546.49,Credit Card,Delivered
ORD000014,CUST00053,2026-03-07,PRD010,1,1854.97,Credit Card,Returned
ORD000015,CUST00755,2026-08-05,PRD008,2,5919.94,Net Banking,Delivered
ORD000016,CUST00847,2025-09-21,PRD011,1,9637.11,Debit Card,Delivered
ORD000017,CUST00035,2026-05-19,PRD011,1,9968.6,Debit Card,Returned
ORD000018,CUST00910,2025-09-20,PRD004,2,6815.5,UPI,Delivered
ORD000019,CUST00714,2025-10-01,PRD007,2,1969.45,UPI,Delivered
ORD000020,CUST00789,2026-06-26,PRD005,2,3289.71,Net Banking,Delivered
ORD000021,CUST01172,2025-11-08,PRD012,2,2847.48,UPI,Delivered
ORD000022,CUST00618,2026-07-14,PRD011,2,18931.71,COD,Delivered
ORD000023,CUST00237,2026-05-13,PRD008,3,8316.25,Credit Card,Delivered
ORD000024,CUST00184,2025-10-16,PRD002,2,27085.86,Debit Card,Delivered
ORD000025,CUST00786,2025-07-11,PRD005,1,1738.9,UPI,Cancelled
ORD000026,CUST00279,2026-02-13,PRD009,3,68175.59,Debit Card,Cancelled
ORD000027,CUST00459,2025-04-30,PRD010,2,3735.42,COD,Delivered
ORD000028,CUST01151,2025-06-11,PRD007,1,910.66,UPI,Delivered
ORD000029,CUST00229,2026-02-23,PRD002,1,14904.82,UPI,Cancelled
ORD000030,CUST01174,2025-12-14,PRD006,1,1293.03,Net Banking,Returned
ORD000031,CUST00004,2026-05-29,PRD005,1,1653.26,COD,Delivered
ORD000032,CUST00868,2025-06-06,PRD006,1,1290.42,Credit Card,Cancelled
ORD000033,CUST01065,2026-07-04,PRD011,2,18211.35,UPI,Delivered
ORD000034,CUST01103,2026-01-10,PRD008,1,2981.87,Credit Card,Delivered
ORD000035,CUST01024,2026-08-26,PRD011,2,18564.93,UPI,Delivered
ORD000036,CUST00656,2026-05-16,PRD005,2,3282.62,Net Banking,Delivered
ORD000037,CUST00980,2025-05-07,PRD011,1,9703.17,COD,Delivered
ORD000038,CUST00121,2025-05-10,PRD006,1,1196.46,Credit Card,Returned
ORD000039,CUST00108,2025-09-06,PRD003,2,79970.42,Credit Card,Cancelled
ORD000040,CUST00045,2026-08-07,PRD009,2,,Debit Card,Delivered
ORD000041,CUST00802,2025-06-16,PRD007,1,927.38,Credit Card,Delivered
ORD000042,CUST01123,2025-08-19,PRD007,1,974.25,Net Banking,Delivered
ORD000043,CUST00111,2025-10-03,PRD012,1,1373.64,Credit Card,Delivered
ORD000044,CUST00905,2025-05-08,PRD012,2,2741.62,Credit Card,Delivered
ORD000045,CUST00401,2025-06-25,PRD012,3,4373.76,Net Banking,Delivered
ORD000046,CUST00209,2026-05-11,PRD011,1,9981.7,Credit Card,Delivered
ORD000047,CUST00116,2025-08-07,PRD002,1,13768.53,UPI,Delivered
ORD000048,CUST00241,2025-12-01,PRD009,3,70750.83,Credit Card,Delivered
ORD000049,CUST00828,2025-08-06,PRD004,1,3287.89,Debit Card,Delivered
ORD000050,CUST00430,2026-07-07,PRD003,3,126105.53,UPI,Cancelled
ORD000051,CUST00950,2026-03-07,PRD011,2,19304.46,Debit Card,Delivered
ORD000052,CUST00024,2025-06-04,PRD002,1,14232.88,Net Banking,Delivered
ORD000053,CUST00461,2025-05-26,PRD001,2,4784.4,Debit Card,Delivered
ORD000054,CUST00194,2026-01-22,PRD010,1,1998.99,COD,Delivered
ORD000055,CUST00612,2025-04-11,PRD010,1,1811.79,Net Banking,Delivered
ORD000056,CUST00379,2026-06-27,PRD007,3,2863.95,Net Banking,Delivered
ORD000057,CUST01086,2025-10-23,PRD008,1,2874.46,UPI,Delivered
ORD000058,CUST00425,2026-06-26,PRD011,1,9598.14,Credit Card,Delivered
ORD000059,CUST00011,2026-07-29,PRD009,2,45613.4,Credit Card,Returned
ORD000060,CUST01178,2025-05-29,PRD004,3,10037.75,UPI,Delivered
ORD000061,CUST00174,2025-10-05,PRD002,2,29896.84,Credit Card,Delivered
ORD000062,CUST00867,2026-06-20,PRD011,1,9045.26,Net Banking,Delivered
ORD000063,CUST00601,2026-08-17,PRD011,2,19152.23,Debit Card,Delivered
ORD000064,CUST01071,2025-10-08,PRD006,2,2392.72,UPI,Delivered
ORD000065,CUST00092,2026-03-24,PRD004,1,3253.97,Credit Card,Delivered
ORD000066,CUST00275,2025-12-19,PRD010,2,3741.75,Credit Card,Delivered
ORD000067,CUST00865,2025-08-09,PRD002,2,28143.47,Credit Card,Delivered
ORD000068,CUST00820,2026-07-06,PRD008,1,2901.99,Credit Card,Delivered
ORD000069,CUST01098,2026-03-24,PRD004,1,3243.36,Credit Card,Delivered
ORD000070,CUST00763,2026-02-19,PRD010,3,5704.0,Credit Card,Delivered
ORD000071,CUST00860,2026-03-03,PRD003,1,40563.65,UPI,Delivered
ORD000072,CUST00507,2026-04-25,PRD002,1,13664.07,Net Banking,Delivered
ORD000073,CUST00834,2025-07-31,PRD002,1,14043.29,Debit Card,Delivered
ORD000074,CUST00560,2026-06-07,PRD003,1,39120.26,Credit Card,Delivered
ORD000075,CUST00776,2025-03-25,PRD002,1,14591.52,Debit Card,Delivered
ORD000076,CUST00875,2026-06-24,PRD008,1,2909.17,Debit Card,Delivered
ORD000077,CUST01130,2025-08-24,PRD005,2,3255.46,Debit Card,Delivered
ORD000078,CUST00798,2025-06-14,PRD003,1,41613.62,Net Banking,Returned
ORD000079,CUST01130,2025-10-22,PRD010,2,3649.2,UPI,Delivered
ORD000080,CUST01052,2025-04-29,PRD012,1,1370.49,Net Banking,Delivered
ORD000081,CUST00548,2025-10-16,PRD001,3,7024.8,Credit Card,Delivered
ORD000082,CUST00857,2025-11-25,PRD012,2,2993.88,COD,Delivered
ORD000083,CUST01029,2025-05-10,PRD005,1,1712.75,Credit Card,Delivered
ORD000084,CUST00626,2025-11-27,PRD011,1,9405.57,Debit Card,Delivered
ORD000085,CUST00185,2026-03-02,PRD011,1,9239.11,UPI,Delivered
ORD000086,CUST00339,2026-07-20,PRD010,1,1856.24,COD,Delivered
ORD000087,CUST00022,2025-11-27,PRD007,3,2916.32,COD,Delivered
ORD000088,CUST01020,2025-05-06,PRD009,3,74157.64,UPI,Delivered
ORD000089,CUST00831,2026-04-20,PRD001,2,4913.73,UPI,Delivered
ORD000090,CUST00871,2026-07-29,PRD012,2,2771.42,Net Banking,Cancelled
ORD000091,CUST00087,2026-08-01,PRD010,2,3867.87,Net Banking,Delivered
ORD000092,CUST00461,2026-05-09,PRD003,1,39272.36,Debit Card,Delivered
ORD000093,CUST00105,2025-07-06,PRD007,2,1872.78,UPI,Delivered
ORD000094,CUST00693,2025-09-14,PRD011,1,9849.79,UPI,Returned
ORD000095,CUST00595,2025-09-08,PRD005,2,,Net Banking,Delivered
ORD000096,CUST00807,2026-09-10,PRD004,1,3484.7,Net Banking,Delivered
ORD000097,CUST00073,2025-12-08,PRD008,2,,UPI,Returned
ORD000098,CUST00943,2026-04-04,PRD006,1,1169.77,Credit Card,Delivered
ORD000099,CUST00824,2025-12-03,PRD006,1,1233.02,UPI,Delivered
ORD000100,CUST01084,2025-08-18,PRD009,1,24781.78,UPI,Delivered
ORD000101,CUST00319,2025-04-10,PRD011,1,9394.42,Debit Card,Delivered
ORD000102,CUST00747,2025-06-13,PRD007,1,926.02,COD,Delivered
ORD000103,CUST00900,2025-11-29,PRD003,1,40565.09,Debit Card,Delivered
ORD000104,CUST00407,2026-03-01,PRD002,1,13699.61,COD,Delivered
ORD000105,CUST00679,2025-09-09,PRD001,1,2486.1,Debit Card,Delivered
ORD000106,CUST00244,2025-04-06,PRD007,2,1958.0,Credit Card,Delivered
ORD000107,CUST00666,2026-02-08,PRD007,2,1946.43,COD,Cancelled
ORD000108,CUST00270,2025-10-12,PRD002,1,13688.27,Debit Card,Cancelled
ORD000109,CUST01025,2026-08-08,PRD001,3,7255.83,Debit Card,Delivered
ORD000110,CUST00880,2025-10-02,PRD010,3,5685.27,Debit Card,Delivered
ORD000111,CUST00996,2025-11-08,PRD002,2,27455.66,Net Banking,Delivered
ORD000112,CUST00383,2025-12-01,PRD004,1,3451.47,Credit Card,Cancelled
ORD000113,CUST00879,2025-04-19,PRD004,2,6865.0,Net Banking,Cancelled
ORD000114,CUST00372,2026-07-02,PRD004,2,6402.28,UPI,Delivered
ORD000115,CUST00271,2026-08-17,PRD007,1,918.3,Credit Card,Delivered
ORD000116,CUST00874,2026-03-25,PRD001,2,4930.2,COD,Delivered
ORD000117,CUST00835,2025-08-13,PRD009,1,24949.31,Credit Card,Cancelled
ORD000118,CUST00689,2026-02-27,PRD007,2,1883.53,UPI,Delivered
ORD000119,CUST00624,2025-05-05,PRD002,1,14913.5,COD,Delivered
ORD000120,CUST00506,2025-04-27,PRD006,1,1169.17,Debit Card,Delivered
ORD000121,CUST00435,2025-10-25,PRD005,2,3456.43,COD,Delivered
ORD000122,CUST00379,2025-08-29,PRD005,2,3347.71,UPI,Delivered
ORD000123,CUST00028,2026-04-09,PRD011,2,18258.79,Debit Card,Cancelled
ORD000124,CUST00741,2026-07-04,PRD012,2,,Debit Card,Delivered
ORD000125,CUST00431,2025-12-29,PRD010,2,3640.72,Net Banking,Delivered
ORD000126,CUST00247,2026-03-17,PRD001,2,4940.04,Credit Card,Delivered
ORD000127,CUST00396,2025-08-08,PRD012,2,2720.65,Net Banking,Delivered
ORD000128,CUST00703,2026-06-12,PRD005,3,5268.01,Net Banking,Delivered
ORD000129,CUST00315,2025-05-09,PRD001,1,2386.67,Debit Card,Delivered
ORD000130,CUST01148,2026-07-20,PRD006,1,1262.28,COD,Delivered
ORD000131,CUST00139,2025-09-21,PRD008,2,5969.48,UPI,Delivered
ORD000132,CUST00342,2026-05-01,PRD010,1,1824.87,UPI,Delivered
ORD000133,CUST01160,2025-06-17,PRD001,3,7357.96,COD,Delivered
ORD000134,CUST01091,2025-09-25,PRD009,1,24375.84,COD,Delivered
ORD000135,CUST01152,2025-11-02,PRD007,2,1839.54,UPI,Delivered
ORD000136,CUST00328,2025-12-02,PRD010,1,1800.87,Net Banking,Delivered
ORD000137,CUST00933,2026-03-27,PRD009,3,69438.48,Credit Card,Cancelled
ORD000138,CUST00607,2025-06-15,PRD012,1,1374.75,UPI,Delivered
ORD000139,CUST01093,2026-04-01,PRD004,1,3200.93,Debit Card,Delivered
ORD000140,CUST00273,2025-09-28,PRD005,1,1663.9,Credit Card,Delivered
ORD000141,CUST01095,2026-03-30,PRD002,1,14448.06,Debit Card,Delivered
ORD000142,CUST00665,2025-10-17,PRD002,3,41685.39,Credit Card,Returned
ORD000143,CUST00837,2025-03-26,PRD010,1,1810.55,UPI,Delivered
ORD000144,CUST00729,2026-05-17,PRD004,3,9632.82,UPI,Delivered
ORD000145,CUST01101,2026-02-06,PRD011,2,19489.59,COD,Delivered
ORD000146,CUST00528,2025-05-02,PRD011,3,27615.72,COD,Delivered
ORD000147,CUST00452,2026-03-16,PRD006,1,1250.91,COD,Delivered
ORD000148,CUST00319,2026-02-16,PRD008,1,2829.23,Credit Card,Cancelled
ORD000149,CUST00982,2025-09-11,PRD002,2,27553.25,Credit Card,Delivered
ORD000150,CUST00387,2026-09-04,PRD010,2,3670.33,Debit Card,Delivered
ORD000151,CUST00044,2026-08-10,PRD005,1,1766.17,Net Banking,Returned
ORD000152,CUST00385,2026-04-26,PRD002,1,13866.96,COD,Delivered
ORD000153,CUST00206,2026-04-22,PRD012,2,2923.18,UPI,Delivered
ORD000154,CUST00205,2025-09-07,PRD007,2,1963.35,UPI,Delivered
ORD000155,CUST00271,2025-06-10,PRD004,1,3477.52,Net Banking,Delivered
ORD000156,CUST00028,2025-11-23,PRD001,1,2453.58,UPI,Delivered
ORD000157,CUST00415,2025-06-08,PRD003,2,85072.58,Credit Card,Cancelled
ORD000158,CUST00630,2026-06-30,PRD006,2,2352.72,Debit Card,Delivered
ORD000159,CUST01114,2025-05-21,PRD002,1,13653.31,Debit Card,Returned
ORD000160,CUST00211,2026-08-26,PRD009,2,,UPI,Delivered
ORD000161,CUST00465,2025-10-26,PRD007,2,1929.14,Credit Card,Delivered
ORD000162,CUST00788,2025-12-27,PRD011,3,27334.49,Credit Card,Returned
ORD000163,CUST00226,2025-03-22,PRD004,1,3247.71,UPI,Delivered
ORD000164,CUST00684,2025-11-19,PRD002,1,14878.82,UPI,Delivered
ORD000165,CUST00310,2026-06-13,PRD003,2,82554.74,COD,Delivered
ORD000166,CUST00308,2025-05-27,PRD011,3,29449.74,Debit Card,Delivered
ORD000167,CUST00213,2025-11-18,PRD005,2,3573.85,UPI,Delivered
ORD000168,CUST00005,2026-08-26,PRD003,3,118003.62,COD,Delivered
ORD000169,CUST00980,2025-05-12,PRD002,1,14938.38,Debit Card,Delivered
ORD000170,CUST00297,2025-07-17,PRD002,1,13771.89,COD,Delivered
ORD000171,CUST00723,2026-08-31,PRD006,2,2518.35,COD,Delivered
ORD000172,CUST00683,2025-11-02,PRD003,3,121040.27,Net Banking,Delivered
ORD000173,CUST01019,2026-01-09,PRD009,2,47679.16,Credit Card,Delivered
ORD000174,CUST00788,2025-06-18,PRD002,2,28578.93,Credit Card,Cancelled
ORD000175,CUST00179,2025-10-10,PRD004,1,3496.87,UPI,Delivered
ORD000176,CUST00743,2025-09-24,PRD009,2,49602.54,UPI,Delivered
ORD000177,CUST00716,2026-08-17,PRD006,1,1187.82,Net Banking,Delivered
ORD000178,CUST00863,2026-08-27,PRD004,1,3168.65,Credit Card,Returned
ORD000179,CUST00241,2026-01-26,PRD012,3,4376.97,COD,Delivered
ORD000180,CUST00762,2025-03-28,PRD001,3,7183.33,COD,Delivered
ORD000181,CUST01173,2026-06-03,PRD003,1,39306.58,Credit Card,Delivered
ORD000182,CUST00158,2025-03-29,PRD001,2,4706.36,Credit Card,Returned
ORD000183,CUST00963,2026-07-18,PRD012,1,1453.81,Debit Card,Cancelled
ORD000184,CUST00963,2025-12-17,PRD007,3,2931.48,UPI,Delivered
ORD000185,CUST00588,2026-07-02,PRD002,1,14462.72,Net Banking,Delivered
ORD000186,CUST00356,2026-04-02,PRD009,1,24580.72,COD,Delivered
ORD000187,CUST01135,2026-03-06,PRD012,1,1424.33,Credit Card,Delivered
ORD000188,CUST00868,2025-11-22,PRD003,1,40941.5,Credit Card,Delivered
ORD000189,CUST00434,2025-10-28,PRD007,2,1876.58,Net Banking,Delivered
ORD000190,CUST00159,2025-09-27,PRD012,2,2893.88,COD,Delivered
ORD000191,CUST00780,2026-01-07,PRD003,1,41479.62,Credit Card,Returned
ORD000192,CUST00553,2025-12-28,PRD002,1,14403.82,Debit Card,Delivered
ORD000193,CUST00058,2026-05-08,PRD004,1,3186.35,Credit Card,Delivered
ORD000194,CUST00631,2025-05-21,PRD001,1,2299.51,UPI,Delivered
ORD000195,CUST00493,2025-06-23,PRD005,1,1720.71,Net Banking,Delivered
ORD000196,CUST00991,2025-11-07,PRD001,1,2484.88,UPI,Delivered
ORD000197,CUST00731,2025-06-24,PRD005,2,3351.35,COD,Delivered
ORD000198,CUST00729,2026-02-05,PRD003,3,120371.21,Net Banking,Delivered
ORD000199,CUST00207,2026-01-08,PRD009,1,24489.19,COD,Delivered
ORD000200,CUST00165,2025-10-13,PRD001,1,2419.63,UPI,Delivered
ORD000201,CUST00192,2026-06-20,PRD012,1,1470.14,Credit Card,Returned
ORD000202,CUST00330,2026-03-27,PRD009,2,48041.77,Net Banking,Delivered
ORD000203,CUST00700,2025-11-12,PRD008,1,2807.16,COD,Delivered
ORD000204,CUST00082,2025-08-20,PRD012,3,4141.21,Net Banking,Delivered
ORD000205,CUST00154,2026-02-19,PRD003,2,81676.8,UPI,Delivered
ORD000206,CUST00293,2026-08-02,PRD005,2,3525.1,UPI,Returned
ORD000207,CUST01022,2026-06-26,PRD002,2,29800.18,Credit Card,Delivered
ORD000208,CUST00140,2026-09-09,PRD005,2,3270.3,Credit Card,Delivered
ORD000209,CUST00944,2026-05-30,PRD005,2,3512.78,COD,Delivered
ORD000210,CUST00288,2025-05-16,PRD002,2,28088.54,Debit Card,Delivered
ORD000211,CUST00822,2026-03-06,PRD007,2,1823.97,Debit Card,Delivered
ORD000212,CUST01050,2026-02-16,PRD010,1,1935.47,Net Banking,Delivered
ORD000213,CUST00922,2025-10-29,PRD005,3,5384.82,UPI,Delivered
ORD000214,CUST00502,2025-12-14,PRD012,2,2953.95,Debit Card,Delivered
ORD000215,CUST00770,2026-04-30,PRD003,2,78025.8,COD,Delivered
ORD000216,CUST00947,2026-08-03,PRD011,1,9467.54,Net Banking,Delivered
ORD000217,CUST00953,2025-05-13,PRD002,1,13661.61,COD,Delivered
ORD000218,CUST00888,2025-11-15,PRD004,2,6520.24,Net Banking,Delivered
ORD000219,CUST00996,2026-01-28,PRD004,3,9567.31,COD,Cancelled
ORD000220,CUST00079,2025-04-07,PRD009,1,22862.87,Credit Card,Delivered
ORD000221,CUST00656,2025-08-24,PRD010,1,1953.86,UPI,Delivered
ORD000222,CUST00741,2025-11-03,PRD007,2,1840.46,UPI,Delivered
ORD000223,CUST00867,2025-07-19,PRD005,1,1634.14,UPI,Delivered
ORD000224,CUST00561,2025-11-21,PRD007,1,970.25,COD,Delivered
ORD000225,CUST01075,2025-10-12,PRD004,3,9640.53,UPI,Returned
ORD000226,CUST00190,2025-07-04,PRD007,1,928.76,Credit Card,Delivered
ORD000227,CUST00716,2025-11-29,PRD007,2,1935.83,Credit Card,Delivered
ORD000228,CUST00895,2025-05-27,PRD006,3,3828.03,Net Banking,Delivered
ORD000229,CUST00631,2026-08-25,PRD004,1,3351.51,Credit Card,Cancelled
ORD000230,CUST00664,2026-07-27,PRD011,3,29207.24,Debit Card,Cancelled
ORD000231,CUST00030,2025-10-29,PRD003,2,81693.33,Debit Card,Delivered
ORD000232,CUST00233,2026-06-07,PRD011,2,19442.63,COD,Delivered
ORD000233,CUST00258,2026-04-05,PRD011,2,19154.84,UPI,Delivered
ORD000234,CUST00448,2026-04-25,PRD012,1,1430.96,Credit Card,Delivered
ORD000235,CUST00774,2025-03-25,PRD004,1,3215.99,Net Banking,Delivered
ORD000236,CUST00030,2025-10-09,PRD006,1,1285.58,Net Banking,Delivered
ORD000237,CUST00256,2025-07-19,PRD012,2,2834.91,COD,Delivered
ORD000238,CUST00721,2025-08-21,PRD006,2,2591.26,Debit Card,Delivered
ORD000239,CUST00233,2026-07-08,PRD003,2,78919.46,Net Banking,Delivered
ORD000240,CUST00334,2025-08-10,PRD009,2,49223.49,COD,Delivered
ORD000241,CUST00581,2026-06-16,PRD012,2,2969.78,UPI,Delivered
ORD000242,CUST00180,2026-05-24,PRD002,1,14423.43,COD,Delivered
ORD000243,CUST00213,2025-10-30,PRD008,3,8931.53,UPI,Cancelled
ORD000244,CUST00910,2025-07-29,PRD009,2,48336.62,COD,Returned
ORD000245,CUST00434,2026-07-20,PRD004,2,6378.33,COD,Delivered
ORD000246,CUST00255,2025-10-30,PRD006,2,2551.34,COD,Delivered
ORD000247,CUST00016,2025-03-29,PRD006,1,1203.86,Debit Card,Delivered
ORD000248,CUST00630,2025-06-11,PRD007,3,2967.09,COD,Delivered
ORD000249,CUST00067,2025-10-09,PRD001,1,2342.66,Net Banking,Delivered
ORD000250,CUST00651,2026-06-05,PRD006,1,1298.07,Credit Card,Delivered
ORD000251,CUST01139,2026-06-06,PRD007,1,938.39,UPI,Delivered
ORD000252,CUST01184,2026-02-07,PRD007,1,,Credit Card,Delivered
ORD000253,CUST00826,2025-09-17,PRD006,2,2398.21,Credit Card,Delivered
ORD000254,CUST01033,2026-08-20,PRD002,3,42261.24,Debit Card,Delivered
ORD000255,CUST01133,2026-09-08,PRD003,1,39100.13,COD,Delivered
ORD000256,CUST00024,2025-07-29,PRD011,2,19234.28,Net Banking,Delivered
ORD000257,CUST00162,2026-08-28,PRD010,2,3891.72,COD,Delivered
ORD000258,CUST00734,2025-07-03,PRD003,1,39652.63,Credit Card,Delivered
ORD000259,CUST01097,2026-03-03,PRD004,3,10272.41,Debit Card,Cancelled
ORD000260,CUST00106,2026-06-11,PRD005,1,1731.98,Net Banking,Delivered
ORD000261,CUST00212,2026-05-27,PRD002,2,27366.23,Credit Card,Delivered
ORD000262,CUST00579,2026-01-27,PRD005,1,1708.01,Debit Card,Delivered
ORD000263,CUST00426,2025-05-29,PRD007,1,901.29,UPI,Delivered
ORD000264,CUST00997,2026-02-27,PRD011,1,,Debit Card,Delivered
ORD000265,CUST00924,2026-08-30,PRD003,1,42584.65,Net Banking,Delivered
ORD000266,CUST00065,2025-06-22,PRD002,1,14224.92,Net Banking,Delivered
ORD000267,CUST01120,2026-07-22,PRD001,1,2312.7,UPI,Delivered
ORD000268,CUST00395,2025-12-25,PRD010,1,1902.65,Credit Card,Delivered
ORD000269,CUST00443,2025-11-12,PRD006,1,1172.93,Credit Card,Returned
ORD000270,CUST00451,2025-05-13,PRD002,3,41066.87,Debit Card,Delivered
ORD000271,CUST00987,2026-05-27,PRD004,1,3342.07,Debit Card,Delivered
ORD000272,CUST00957,2025-12-18,PRD012,2,2981.91,Credit Card,Delivered
ORD000273,CUST00513,2026-02-24,PRD003,1,42514.47,Debit Card,Delivered
ORD000274,CUST00805,2026-05-18,PRD002,2,28760.82,Credit Card,Cancelled
ORD000275,CUST00422,2026-06-19,PRD012,2,2831.96,Net Banking,Delivered
ORD000276,CUST00557,2026-02-22,PRD006,2,2437.72,Credit Card,Delivered
ORD000277,CUST01162,2025-08-08,PRD006,1,1275.53,COD,Returned
ORD000278,CUST00343,2026-01-13,PRD001,2,4703.02,Net Banking,Delivered
ORD000279,CUST01087,2026-08-15,PRD006,2,2384.94,Debit Card,Delivered
ORD000280,CUST00880,2025-07-09,PRD003,1,39624.37,Debit Card,Delivered
ORD000281,CUST00762,2025-05-10,PRD003,1,40069.0,UPI,Delivered
ORD000282,CUST00674,2025-11-12,PRD004,2,6523.23,Credit Card,Delivered
ORD000283,CUST01151,2026-02-23,PRD002,2,27634.68,Credit Card,Delivered
ORD000284,CUST00211,2026-02-04,PRD009,1,24864.68,UPI,Cancelled
ORD000285,CUST01176,2025-04-05,PRD011,2,18868.52,Debit Card,Delivered
ORD000286,CUST00406,2026-04-07,PRD004,1,3323.58,Debit Card,Returned
ORD000287,CUST00863,2026-07-31,PRD002,1,14401.19,Net Banking,Delivered
ORD000288,CUST00785,2025-05-02,PRD004,2,6310.68,Net Banking,Delivered
ORD000289,CUST00010,2025-10-13,PRD008,1,2989.06,UPI,Delivered
ORD000290,CUST01093,2026-04-25,PRD009,1,22539.78,COD,Delivered
ORD000291,CUST00195,2025-05-30,PRD007,3,2792.36,Debit Card,Delivered
ORD000292,CUST00820,2025-11-21,PRD002,2,28479.56,UPI,Cancelled
ORD000293,CUST00806,2026-02-25,PRD005,3,5123.55,UPI,Delivered
ORD000294,CUST00766,2025-09-30,PRD010,1,1808.66,UPI,Delivered
ORD000295,CUST00285,2025-07-28,PRD002,1,14585.41,Credit Card,Returned
ORD000296,CUST00349,2026-07-18,PRD002,1,14717.44,Net Banking,Cancelled
ORD000297,CUST00011,2025-08-28,PRD012,1,1466.76,UPI,Delivered
ORD000298,CUST00099,2026-01-04,PRD005,1,1742.86,COD,Delivered
ORD000299,CUST00553,2025-07-31,PRD012,1,1436.56,UPI,Delivered
ORD000300,CUST00259,2026-05-16,PRD006,1,,COD,Cancelled
ORD000301,CUST00916,2026-05-19,PRD011,1,9239.6,COD,Delivered
ORD000302,CUST01004,2026-05-11,PRD005,1,1705.94,UPI,Cancelled
ORD000303,CUST00541,2026-03-11,PRD005,3,5158.73,Credit Card,Delivered
ORD000304,CUST00422,2025-08-16,PRD012,1,1423.24,Credit Card,Delivered
ORD000305,CUST00027,2026-08-07,PRD011,1,,COD,Delivered
ORD000306,CUST00215,2026-02-22,PRD006,1,1268.03,Net Banking,Returned
ORD000307,CUST00642,2026-02-28,PRD005,3,4940.41,Net Banking,Delivered
ORD000308,CUST00217,2026-01-27,PRD003,1,40357.04,COD,Delivered
ORD000309,CUST01052,2025-05-15,PRD004,2,6492.63,Credit Card,Delivered
ORD000310,CUST00630,2025-11-23,PRD010,3,5673.73,UPI,Delivered
ORD000311,CUST00226,2026-02-05,PRD004,1,3214.54,UPI,Returned
ORD000312,CUST00976,2025-05-17,PRD011,2,18529.3,Net Banking,Delivered
ORD000313,CUST00173,2025-08-20,PRD006,2,2441.32,COD,Delivered
ORD000314,CUST01041,2026-07-17,PRD006,1,1217.13,UPI,Delivered
ORD000315,CUST00784,2025-05-10,PRD012,2,2755.0,Credit Card,Delivered
ORD000316,CUST01173,2025-12-12,PRD005,2,3424.8,UPI,Delivered
ORD000317,CUST00103,2025-10-02,PRD011,1,9218.66,UPI,Delivered
ORD000318,CUST00074,2026-06-16,PRD010,1,1905.47,Debit Card,Delivered
ORD000319,CUST00464,2025-10-18,PRD010,3,5632.33,UPI,Cancelled
ORD000320,CUST00451,2025-12-11,PRD012,3,4139.81,Credit Card,Delivered
ORD000321,CUST00712,2025-04-01,PRD011,1,9287.05,UPI,Cancelled
ORD000322,CUST00194,2025-04-29,PRD003,2,82748.29,Debit Card,Delivered
ORD000323,CUST00489,2026-08-20,PRD003,1,39415.66,Debit Card,Delivered
ORD000324,CUST00933,2025-05-01,PRD003,1,40539.12,UPI,Delivered
ORD000325,CUST00364,2026-03-27,PRD005,1,1755.87,UPI,Delivered
ORD000326,CUST01173,2025-10-09,PRD006,2,2465.06,Credit Card,Delivered
ORD000327,CUST00968,2025-09-06,PRD002,1,14349.94,Debit Card,Returned
ORD000328,CUST00468,2026-07-24,PRD009,2,45731.09,UPI,Delivered
ORD000329,CUST00205,2026-05-31,PRD005,3,5122.11,Debit Card,Delivered
ORD000330,CUST01118,2025-06-26,PRD005,3,5053.91,UPI,Delivered
ORD000331,CUST00723,2025-03-26,PRD005,3,5136.77,Net Banking,Delivered
ORD000332,CUST00992,2025-06-25,PRD002,1,14591.35,UPI,Delivered
ORD000333,CUST00303,2026-01-21,PRD007,1,913.25,COD,Delivered
ORD000334,CUST00064,2026-02-11,PRD004,2,6979.31,Debit Card,Cancelled
ORD000335,CUST00423,2025-04-06,PRD012,1,1492.23,UPI,Delivered
ORD000336,CUST00561,2026-08-29,PRD011,3,29734.2,Net Banking,Delivered
ORD000337,CUST00359,2026-09-08,PRD005,3,5036.05,Net Banking,Delivered
ORD000338,CUST00855,2025-12-07,PRD005,1,1723.36,Debit Card,Delivered
ORD000339,CUST00252,2026-02-15,PRD007,2,1956.55,Debit Card,Delivered
ORD000340,CUST00591,2026-01-10,PRD002,1,14527.32,COD,Delivered
ORD000341,CUST00308,2025-06-14,PRD009,1,24159.83,Debit Card,Delivered
ORD000342,CUST00998,2026-04-25,PRD005,1,1621.91,UPI,Cancelled
ORD000343,CUST00446,2026-08-03,PRD005,2,3413.91,UPI,Delivered
ORD000344,CUST00882,2025-07-03,PRD006,3,3526.75,Credit Card,Returned
ORD000345,CUST00718,2025-04-05,PRD005,2,3514.84,Credit Card,Delivered
ORD000346,CUST00177,2025-04-02,PRD012,1,1458.98,COD,Delivered
ORD000347,CUST01199,2025-12-22,PRD002,1,,Debit Card,Delivered
ORD000348,CUST00510,2025-06-11,PRD011,3,28194.52,UPI,Delivered
ORD000349,CUST00536,2026-07-02,PRD005,2,3441.09,Debit Card,Delivered
ORD000350,CUST01185,2025-05-21,PRD003,3,119322.49,COD,Cancelled
ORD000351,CUST01136,2025-07-16,PRD004,1,3253.14,COD,Delivered
ORD000352,CUST01118,2025-09-13,PRD003,2,84569.16,UPI,Cancelled
ORD000353,CUST00284,2025-07-17,PRD009,2,47517.18,Debit Card,Delivered
ORD000354,CUST00960,2026-04-17,PRD006,2,2587.98,COD,Delivered
ORD000355,CUST00057,2026-08-10,PRD009,1,23551.35,Credit Card,Delivered
ORD000356,CUST00620,2025-08-12,PRD004,2,6387.27,Net Banking,Delivered
ORD000357,CUST01159,2025-12-06,PRD005,1,1689.74,COD,Cancelled
ORD000358,CUST00013,2026-08-17,PRD008,2,5430.8,UPI,Delivered
ORD000359,CUST00554,2025-09-25,PRD011,1,9096.49,Debit Card,Delivered
ORD000360,CUST01159,2026-01-12,PRD008,3,8152.06,Net Banking,Delivered
ORD000361,CUST01047,2025-08-26,PRD012,3,,Credit Card,Delivered
ORD000362,CUST01152,2026-04-27,PRD012,2,2966.54,Credit Card,Delivered
ORD000363,CUST00617,2025-12-13,PRD011,1,9935.54,COD,Cancelled
ORD000364,CUST00412,2025-12-22,PRD002,1,14404.73,UPI,Delivered
ORD000365,CUST01065,2025-10-22,PRD002,1,14209.67,Net Banking,Delivered
ORD000366,CUST00909,2025-07-03,PRD007,1,929.06,COD,Delivered
ORD000367,CUST00377,2025-06-22,PRD004,2,6727.01,COD,Delivered
ORD000368,CUST00253,2026-03-27,PRD007,1,917.56,Credit Card,Delivered
ORD000369,CUST00350,2026-07-13,PRD009,3,68999.87,COD,Delivered
ORD000370,CUST00594,2025-08-19,PRD005,3,5175.06,Debit Card,Delivered
ORD000371,CUST00564,2025-10-19,PRD007,2,1819.65,COD,Delivered
ORD000372,CUST00871,2026-01-30,PRD003,1,39215.63,COD,Delivered
ORD000373,CUST00023,2026-05-08,PRD010,1,1929.12,Net Banking,Delivered
ORD000374,CUST00911,2025-09-05,PRD001,1,2366.03,COD,Delivered
ORD000375,CUST00568,2026-05-23,PRD001,1,2462.97,Net Banking,Delivered
ORD000376,CUST00432,2026-08-18,PRD006,3,3707.23,Credit Card,Delivered
ORD000377,CUST00311,2025-12-09,PRD006,3,3639.52,Credit Card,Cancelled
ORD000378,CUST00571,2026-07-10,PRD011,1,9067.3,COD,Delivered
ORD000379,CUST00772,2025-11-04,PRD008,2,5743.71,Net Banking,Delivered
ORD000380,CUST01077,2026-04-28,PRD005,1,1725.03,Net Banking,Delivered
ORD000381,CUST00713,2026-06-04,PRD010,2,3625.21,UPI,Returned
ORD000382,CUST00326,2026-02-20,PRD004,1,3323.85,COD,Delivered
ORD000383,CUST00663,2026-02-11,PRD004,3,9557.97,Credit Card,Cancelled
ORD000384,CUST00787,2025-11-07,PRD007,1,924.12,UPI,Delivered
ORD000385,CUST00150,2026-01-21,PRD008,1,2951.22,Credit Card,Delivered
ORD000386,CUST00658,2025-10-08,PRD002,3,41096.73,Net Banking,Delivered
ORD000387,CUST01140,2026-02-25,PRD004,1,3302.19,Debit Card,Delivered
ORD000388,CUST00462,2025-04-24,PRD004,3,10301.59,Credit Card,Delivered
ORD000389,CUST00177,2025-06-19,PRD010,1,,Credit Card,Delivered
ORD000390,CUST00069,2025-04-08,PRD003,1,40453.58,Net Banking,Delivered
ORD000391,CUST00148,2025-12-22,PRD006,1,1293.51,Net Banking,Delivered
ORD000392,CUST01017,2026-01-31,PRD004,1,3314.86,Debit Card,Delivered
ORD000393,CUST00731,2025-08-26,PRD010,2,3918.68,COD,Returned
ORD000394,CUST00876,2026-06-10,PRD011,2,19136.39,Credit Card,Returned
ORD000395,CUST01060,2026-03-04,PRD005,1,1660.58,Net Banking,Delivered
ORD000396,CUST01108,2026-08-24,PRD006,1,1291.29,Debit Card,Delivered
ORD000397,CUST00800,2025-09-27,PRD012,1,1479.73,Debit Card,Delivered
ORD000398,CUST00154,2025-04-06,PRD009,2,47586.9,Net Banking,Delivered
ORD000399,CUST01025,2025-06-26,PRD005,2,3434.63,UPI,Delivered
ORD000400,CUST01194,2025-09-11,PRD008,1,2708.78,COD,Delivered
ORD000401,CUST00535,2026-05-22,PRD004,1,3169.88,Credit Card,Returned
ORD000402,CUST01121,2025-09-30,PRD012,1,1448.53,UPI,Delivered
ORD000403,CUST00483,2025-04-29,PRD008,1,2868.2,Net Banking,Returned
ORD000404,CUST00073,2026-03-10,PRD006,1,1246.8,Net Banking,Delivered
ORD000405,CUST00166,2025-10-07,PRD009,2,46350.69,UPI,Delivered
ORD000406,CUST00214,2026-05-15,PRD001,2,4823.24,COD,Delivered
ORD000407,CUST00979,2025-05-26,PRD005,1,1629.06,Credit Card,Delivered
ORD000408,CUST01095,2025-09-09,PRD010,2,3893.22,Net Banking,Delivered
ORD000409,CUST00988,2025-03-26,PRD001,2,4845.78,COD,Cancelled
ORD000410,CUST00875,2025-09-14,PRD009,1,22794.07,Net Banking,Delivered
ORD000411,CUST00754,2025-11-27,PRD006,1,1288.36,Credit Card,Delivered
ORD000412,CUST00476,2026-05-24,PRD002,2,28237.31,Net Banking,Delivered
ORD000413,CUST01164,2026-07-19,PRD001,1,2311.56,UPI,Returned
ORD000414,CUST00157,2026-01-18,PRD001,1,2319.72,Debit Card,Delivered
ORD000415,CUST00717,2025-10-15,PRD010,3,5995.85,Credit Card,Returned
ORD000416,CUST00815,2026-02-08,PRD008,3,8166.4,Debit Card,Delivered
ORD000417,CUST01114,2025-12-30,PRD004,2,6867.43,Credit Card,Cancelled
ORD000418,CUST00909,2025-05-15,PRD012,1,1466.05,Debit Card,Delivered
ORD000419,CUST00501,2025-08-18,PRD009,1,23852.59,UPI,Delivered
ORD000420,CUST00111,2026-02-12,PRD006,2,2499.76,Debit Card,Cancelled
ORD000421,CUST00161,2026-07-11,PRD004,1,3331.4,Debit Card,Returned
ORD000422,CUST01133,2026-06-28,PRD004,1,3434.75,Credit Card,Delivered
ORD000423,CUST00074,2025-04-30,PRD004,3,10249.47,UPI,Delivered
ORD000424,CUST00044,2026-07-16,PRD008,1,2875.51,Debit Card,Delivered
ORD000425,CUST00174,2025-11-03,PRD001,1,2345.05,UPI,Returned
ORD000426,CUST00784,2026-05-03,PRD007,2,1839.3,Credit Card,Delivered
ORD000427,CUST00883,2025-09-08,PRD009,1,22577.36,Debit Card,Delivered
ORD000428,CUST00054,2025-09-09,PRD010,1,1980.5,Net Banking,Delivered
ORD000429,CUST00444,2025-07-05,PRD001,1,2404.42,COD,Cancelled
ORD000430,CUST00117,2026-05-28,PRD002,2,29161.95,Debit Card,Delivered
ORD000431,CUST01096,2025-12-15,PRD008,2,5739.07,Net Banking,Delivered
ORD000432,CUST00533,2026-09-06,PRD003,2,85934.47,Credit Card,Delivered
ORD000433,CUST00271,2025-11-03,PRD001,1,2486.75,UPI,Cancelled
ORD000434,CUST00512,2025-05-27,PRD009,1,23485.56,Net Banking,Delivered
ORD000435,CUST00562,2025-06-21,PRD006,1,1270.74,Net Banking,Delivered
ORD000436,CUST00026,2025-09-13,PRD002,1,13980.55,Debit Card,Delivered
ORD000437,CUST00367,2025-10-13,PRD008,2,5403.52,UPI,Delivered
ORD000438,CUST00735,2026-01-26,PRD008,3,8293.29,UPI,Returned
ORD000439,CUST01187,2025-08-21,PRD002,1,14326.22,UPI,Returned
ORD000440,CUST00903,2026-03-03,PRD003,1,,COD,Cancelled
ORD000441,CUST00261,2026-06-26,PRD004,3,10361.84,UPI,Delivered
ORD000442,CUST00477,2026-09-05,PRD002,3,43577.08,COD,Delivered
ORD000443,CUST01188,2026-07-26,PRD006,1,1198.71,Debit Card,Delivered
ORD000444,CUST00528,2025-08-21,PRD001,3,7384.1,Net Banking,Returned
ORD000445,CUST00092,2026-06-18,PRD010,1,1814.59,COD,Delivered
ORD000446,CUST00232,2025-10-24,PRD009,1,23313.54,Debit Card,Delivered
ORD000447,CUST00852,2026-07-17,PRD002,3,41771.09,UPI,Delivered
ORD000448,CUST00669,2026-07-29,PRD010,1,1880.69,Debit Card,Delivered
ORD000449,CUST00964,2025-04-11,PRD005,2,3370.72,Debit Card,Delivered
ORD000450,CUST00308,2026-03-04,PRD010,1,1841.37,Debit Card,Delivered
ORD000451,CUST01047,2025-04-27,PRD012,3,4308.79,Debit Card,Delivered
ORD000452,CUST00441,2025-05-11,PRD007,2,1943.31,COD,Delivered
ORD000453,CUST00161,2026-05-28,PRD002,1,14995.72,Net Banking,Delivered
ORD000454,CUST00857,2026-04-15,PRD009,3,74085.63,UPI,Delivered
ORD000455,CUST00968,2025-08-16,PRD011,2,18632.02,Credit Card,Delivered
ORD000456,CUST01179,2026-05-01,PRD005,1,1762.84,Debit Card,Delivered
ORD000457,CUST00473,2025-10-23,PRD008,1,2733.71,Credit Card,Cancelled
ORD000458,CUST00912,2026-01-15,PRD012,2,2803.72,Net Banking,Delivered
ORD000459,CUST00157,2025-09-06,PRD006,3,3597.07,COD,Delivered
ORD000460,CUST00471,2026-02-14,PRD010,1,1848.06,COD,Delivered
ORD000461,CUST01198,2025-10-19,PRD011,1,9794.88,Debit Card,Delivered
ORD000462,CUST00643,2026-04-01,PRD002,1,14256.59,Credit Card,Delivered
ORD000463,CUST01180,2025-11-21,PRD008,3,8275.53,Credit Card,Returned
ORD000464,CUST00930,2026-06-22,PRD001,1,2314.92,Net Banking,Delivered
ORD000465,CUST00963,2026-08-25,PRD012,1,1354.21,COD,Delivered
ORD000466,CUST00050,2025-05-25,PRD012,1,1368.94,Net Banking,Delivered
ORD000467,CUST00795,2025-10-08,PRD007,1,968.72,Credit Card,Delivered
ORD000468,CUST00601,2026-02-17,PRD002,1,14846.54,Net Banking,Returned
ORD000469,CUST00221,2025-04-05,PRD012,1,1487.12,COD,Delivered
ORD000470,CUST00838,2025-04-15,PRD011,2,18869.49,COD,Cancelled
ORD000471,CUST00276,2025-03-26,PRD012,1,1437.47,Net Banking,Cancelled
ORD000472,CUST00172,2025-05-16,PRD003,1,40289.52,COD,Delivered
ORD000473,CUST00777,2025-09-11,PRD006,2,2525.91,Debit Card,Delivered
ORD000474,CUST00199,2026-03-27,PRD004,1,3166.0,Net Banking,Delivered
ORD000475,CUST01076,2025-11-11,PRD010,2,3768.79,Debit Card,Returned
ORD000476,CUST00787,2025-06-20,PRD006,1,1174.55,Credit Card,Delivered
ORD000477,CUST00882,2025-07-02,PRD009,1,24037.73,UPI,Delivered
ORD000478,CUST00712,2026-07-21,PRD005,1,1668.37,COD,Delivered
ORD000479,CUST00459,2025-10-06,PRD003,1,39814.62,Net Banking,Delivered
ORD000480,CUST00218,2026-07-21,PRD004,3,9548.05,Net Banking,Delivered
ORD000481,CUST01042,2026-09-06,PRD003,1,38870.0,Net Banking,Delivered
ORD000482,CUST01102,2026-08-07,PRD004,1,3436.86,Debit Card,Delivered
ORD000483,CUST00417,2026-07-02,PRD005,2,3398.25,Credit Card,Delivered
ORD000484,CUST00930,2025-08-08,PRD005,1,1784.46,UPI,Cancelled
ORD000485,CUST00911,2026-05-18,PRD007,2,1970.93,Debit Card,Delivered
ORD000486,CUST00239,2025-05-19,PRD006,1,1198.0,UPI,Cancelled
ORD000487,CUST00670,2026-08-14,PRD003,2,81297.9,Net Banking,Delivered
ORD000488,CUST00152,2025-04-30,PRD012,3,4463.15,COD,Delivered
ORD000489,CUST00206,2025-09-14,PRD012,2,2950.46,UPI,Delivered
ORD000490,CUST00017,2026-02-14,PRD004,1,3454.25,Credit Card,Delivered
ORD000491,CUST00401,2026-06-02,PRD005,2,3531.03,COD,Delivered
ORD000492,CUST00579,2025-08-13,PRD003,1,39080.55,Net Banking,Delivered
ORD000493,CUST00439,2025-06-20,PRD001,2,4776.96,Credit Card,Delivered
ORD000494,CUST00365,2025-06-03,PRD001,2,4804.77,Net Banking,Delivered
ORD000495,CUST00481,2025-11-24,PRD011,1,9655.98,Credit Card,Delivered
ORD000496,CUST00615,2025-05-28,PRD004,1,3320.63,COD,Delivered
ORD000497,CUST00345,2026-06-29,PRD006,2,2363.28,UPI,Delivered
ORD000498,CUST00589,2026-05-01,PRD007,2,1930.55,UPI,Delivered
ORD000499,CUST00361,2026-07-13,PRD008,1,2803.34,COD,Delivered
ORD000500,CUST00263,2026-08-24,PRD008,2,5810.4,UPI,Delivered
ORD000501,CUST00596,2025-10-30,PRD005,2,3544.39,COD,Delivered
ORD000502,CUST00125,2025-11-17,PRD009,1,23293.11,COD,Delivered
ORD000503,CUST00906,2025-05-26,PRD007,2,1809.12,COD,Delivered
ORD000504,CUST00449,2025-12-30,PRD006,3,3627.53,COD,Returned
ORD000505,CUST00454,2026-01-27,PRD010,1,1954.93,UPI,Delivered
ORD000506,CUST00676,2026-03-13,PRD003,2,85570.41,UPI,Delivered
ORD000507,CUST00777,2026-08-30,PRD002,3,42084.35,Net Banking,Delivered
ORD000508,CUST00130,2025-09-10,PRD011,1,9361.16,Credit Card,Delivered
ORD000509,CUST00322,2026-04-19,PRD009,2,46144.83,Credit Card,Returned
ORD000510,CUST00766,2025-07-20,PRD006,2,2528.72,UPI,Delivered
ORD000511,CUST00074,2025-08-10,PRD001,2,,COD,Delivered
ORD000512,CUST00087,2025-08-27,PRD003,1,39688.1,Credit Card,Delivered
ORD000513,CUST00070,2025-05-04,PRD005,3,5280.45,COD,Delivered
ORD000514,CUST00269,2026-01-16,PRD012,1,1360.57,Net Banking,Returned
ORD000515,CUST00851,2026-07-05,PRD001,1,2384.47,Credit Card,Cancelled
ORD000516,CUST00196,2026-03-12,PRD012,2,2756.45,Net Banking,Cancelled
ORD000517,CUST00640,2026-04-22,PRD006,2,2344.29,Debit Card,Delivered
ORD000518,CUST00940,2025-07-10,PRD004,1,3378.65,COD,Delivered
ORD000519,CUST00772,2025-05-02,PRD005,2,3586.09,Net Banking,Delivered
ORD000520,CUST00571,2026-08-27,PRD008,1,2859.01,Credit Card,Delivered
ORD000521,CUST00784,2025-04-22,PRD001,2,4973.74,Net Banking,Cancelled
ORD000522,CUST00222,2025-03-28,PRD008,1,2706.57,Credit Card,Delivered
ORD000523,CUST00916,2025-07-15,PRD006,2,2505.2,Debit Card,Delivered
ORD000524,CUST00295,2026-06-05,PRD011,1,9168.34,COD,Delivered
ORD000525,CUST00224,2025-06-30,PRD004,1,3364.81,COD,Delivered
ORD000526,CUST01072,2025-05-16,PRD012,2,2715.87,COD,Cancelled
ORD000527,CUST00517,2025-07-11,PRD007,1,982.45,UPI,Cancelled
ORD000528,CUST00659,2026-02-02,PRD012,2,2959.45,Debit Card,Delivered
ORD000529,CUST00429,2025-12-30,PRD009,2,46563.22,Credit Card,Delivered
ORD000530,CUST00660,2026-06-27,PRD008,3,8596.46,UPI,Delivered
ORD000531,CUST00216,2026-05-05,PRD007,3,2735.45,UPI,Delivered
ORD000532,CUST00332,2025-09-05,PRD009,3,68977.5,UPI,Delivered
ORD000533,CUST00080,2025-11-21,PRD007,2,,COD,Delivered
ORD000534,CUST00287,2025-06-12,PRD012,2,2700.98,UPI,Delivered
ORD000535,CUST00892,2025-12-18,PRD005,3,5222.51,Net Banking,Delivered
ORD000536,CUST00661,2026-07-27,PRD010,1,1832.27,Debit Card,Delivered
ORD000537,CUST01072,2025-07-17,PRD011,1,9951.0,Debit Card,Returned
ORD000538,CUST01064,2025-10-03,PRD010,1,1841.2,Debit Card,Delivered
ORD000539,CUST00278,2026-08-29,PRD003,2,81473.39,Debit Card,Cancelled
ORD000540,CUST00853,2026-07-02,PRD003,1,42970.24,UPI,Delivered
ORD000541,CUST00639,2025-12-23,PRD012,1,1363.17,COD,Delivered
ORD000542,CUST00678,2026-05-16,PRD002,1,14390.72,UPI,Delivered
ORD000543,CUST00718,2025-06-30,PRD011,2,18688.05,UPI,Returned
ORD000544,CUST00395,2025-08-18,PRD005,1,1775.27,Net Banking,Returned
ORD000545,CUST00627,2025-06-17,PRD006,2,2580.93,Net Banking,Cancelled
ORD000546,CUST01109,2025-09-02,PRD011,3,28775.04,UPI,Delivered
ORD000547,CUST00444,2026-07-03,PRD005,1,1637.51,Net Banking,Delivered
ORD000548,CUST00387,2026-03-06,PRD011,2,19542.0,Net Banking,Delivered
ORD000549,CUST00568,2025-06-08,PRD012,2,2840.13,Credit Card,Delivered
ORD000550,CUST00006,2026-07-07,PRD004,1,3430.19,Credit Card,Delivered
ORD000551,CUST00294,2026-04-27,PRD003,2,80178.84,UPI,Returned
ORD000552,CUST00281,2025-07-28,PRD009,2,47356.55,Debit Card,Delivered
ORD000553,CUST01025,2026-07-16,PRD002,1,,COD,Delivered
ORD000554,CUST00972,2025-06-29,PRD006,1,1210.27,UPI,Returned
ORD000555,CUST00439,2025-04-05,PRD003,3,125273.47,COD,Returned
ORD000556,CUST01148,2026-03-13,PRD008,2,5548.47,UPI,Delivered
ORD000557,CUST01143,2025-11-20,PRD007,3,2704.88,Debit Card,Delivered
ORD000558,CUST00955,2025-08-11,PRD011,1,9212.86,Net Banking,Cancelled
ORD000559,CUST00392,2026-08-03,PRD007,1,973.79,UPI,Delivered
ORD000560,CUST00402,2025-05-05,PRD008,1,2700.78,Debit Card,Delivered
ORD000561,CUST00673,2025-11-08,PRD002,1,14253.24,UPI,Delivered
ORD000562,CUST00560,2025-06-10,PRD001,3,7106.21,UPI,Delivered
ORD000563,CUST00519,2025-12-17,PRD005,3,5166.11,UPI,Delivered
ORD000564,CUST00965,2025-12-20,PRD010,3,5501.51,Net Banking,Delivered
ORD000565,CUST00213,2025-04-18,PRD001,1,2472.58,Credit Card,Delivered
ORD000566,CUST00363,2025-08-15,PRD003,1,42335.97,UPI,Delivered
ORD000567,CUST00909,2025-05-12,PRD011,3,27289.7,Net Banking,Delivered
ORD000568,CUST00569,2026-03-06,PRD004,3,9464.8,Debit Card,Delivered
ORD000569,CUST00347,2026-04-20,PRD010,3,5706.95,COD,Delivered
ORD000570,CUST00853,2025-11-04,PRD011,3,27576.06,Net Banking,Delivered
ORD000571,CUST00303,2025-08-26,PRD012,1,1415.57,Debit Card,Delivered
ORD000572,CUST00407,2025-10-24,PRD012,2,2888.66,UPI,Delivered
ORD000573,CUST00638,2026-02-04,PRD005,2,3361.05,Net Banking,Delivered
ORD000574,CUST00177,2025-12-31,PRD010,2,3965.22,Credit Card,Delivered
ORD000575,CUST00177,2025-12-12,PRD003,1,42851.8,Credit Card,Delivered
ORD000576,CUST00022,2025-11-10,PRD004,3,9532.61,Credit Card,Delivered
ORD000577,CUST00631,2026-03-23,PRD011,3,29590.8,Credit Card,Delivered
ORD000578,CUST00636,2026-03-05,PRD001,2,4587.17,Credit Card,Cancelled
ORD000579,CUST01158,2026-08-20,PRD006,2,2387.11,Credit Card,Delivered
ORD000580,CUST00363,2025-07-17,PRD005,1,1666.69,COD,Delivered
ORD000581,CUST00728,2025-04-18,PRD010,1,1927.4,COD,Delivered
ORD000582,CUST00350,2025-04-09,PRD001,2,4767.07,Credit Card,Delivered
ORD000583,CUST00889,2025-08-11,PRD006,3,3817.61,Credit Card,Returned
ORD000584,CUST00701,2025-04-25,PRD012,2,2920.99,Debit Card,Delivered
ORD000585,CUST00186,2025-05-14,PRD009,1,23668.27,UPI,Delivered
ORD000586,CUST00237,2025-07-21,PRD009,3,71061.23,COD,Delivered
ORD000587,CUST01062,2026-02-18,PRD006,1,1254.61,UPI,Delivered
ORD000588,CUST00661,2026-04-11,PRD012,1,1479.41,UPI,Delivered
ORD000589,CUST00326,2025-10-18,PRD007,2,1927.65,UPI,Delivered
ORD000590,CUST00384,2025-05-14,PRD006,1,1240.13,UPI,Delivered
ORD000591,CUST00900,2026-04-21,PRD010,2,3875.86,COD,Delivered
ORD000592,CUST00970,2026-07-08,PRD004,1,3359.37,COD,Cancelled
ORD000593,CUST00822,2025-08-12,PRD005,1,1776.95,Net Banking,Delivered
ORD000594,CUST00221,2025-07-10,PRD007,2,1988.81,COD,Cancelled
ORD000595,CUST00183,2026-05-19,PRD001,1,2479.6,Net Banking,Delivered
ORD000596,CUST01074,2025-09-24,PRD004,2,6389.1,Debit Card,Cancelled
ORD000597,CUST00111,2025-08-23,PRD002,1,13711.28,Debit Card,Cancelled
ORD000598,CUST00940,2026-02-06,PRD007,1,964.89,Credit Card,Delivered
ORD000599,CUST00353,2026-04-21,PRD005,1,1661.59,Credit Card,Delivered
ORD000600,CUST00895,2025-05-10,PRD002,3,43578.31,Debit Card,Delivered
ORD000601,CUST00011,2025-12-17,PRD008,1,2840.29,COD,Delivered
ORD000602,CUST00436,2026-04-03,PRD008,3,8514.3,Credit Card,Delivered
ORD000603,CUST00197,2025-12-03,PRD007,1,992.53,COD,Delivered
ORD000604,CUST00670,2025-09-01,PRD005,3,5086.45,COD,Cancelled
ORD000605,CUST01094,2026-07-23,PRD002,1,14609.67,Net Banking,Delivered
ORD000606,CUST00056,2025-07-27,PRD004,2,6462.76,Debit Card,Delivered
ORD000607,CUST00697,2025-09-07,PRD009,1,24378.24,UPI,Delivered
ORD000608,CUST00472,2025-04-27,PRD003,2,79214.76,COD,Delivered
ORD000609,CUST00191,2025-06-30,PRD006,2,2448.8,Debit Card,Delivered
ORD000610,CUST00638,2026-07-19,PRD007,3,2707.74,COD,Returned
ORD000611,CUST00368,2025-06-05,PRD003,2,84572.43,COD,Delivered
ORD000612,CUST00170,2025-03-27,PRD006,3,3762.89,COD,Cancelled
ORD000613,CUST00026,2025-12-02,PRD003,1,40879.02,COD,Delivered
ORD000614,CUST00024,2025-09-17,PRD008,3,8458.71,UPI,Delivered
ORD000615,CUST00621,2025-06-24,PRD007,1,910.68,COD,Cancelled
ORD000616,CUST01029,2025-08-10,PRD006,2,2557.51,Debit Card,Cancelled
ORD000617,CUST00229,2025-05-01,PRD003,2,80695.98,UPI,Delivered
ORD000618,CUST00308,2026-03-22,PRD001,1,2425.92,Debit Card,Delivered
ORD000619,CUST00405,2026-06-24,PRD009,2,47273.06,UPI,Cancelled
ORD000620,CUST00952,2026-02-04,PRD005,1,1707.18,Debit Card,Delivered
ORD000621,CUST00103,2026-08-26,PRD010,3,5652.59,Debit Card,Delivered
ORD000622,CUST00049,2026-01-29,PRD009,1,23391.28,UPI,Delivered
ORD000623,CUST00915,2025-12-09,PRD006,1,1246.49,Debit Card,Delivered
ORD000624,CUST00075,2025-08-01,PRD009,3,,Net Banking,Delivered
ORD000625,CUST00194,2025-05-19,PRD003,3,122462.66,Debit Card,Delivered
ORD000626,CUST00708,2026-06-06,PRD008,3,8923.92,Net Banking,Delivered
ORD000627,CUST01166,2026-01-21,PRD008,1,2810.9,Credit Card,Delivered
ORD000628,CUST00208,2026-09-06,PRD007,2,1813.94,Debit Card,Delivered
ORD000629,CUST00866,2026-06-15,PRD007,1,973.7,UPI,Delivered
ORD000630,CUST00888,2025-12-29,PRD002,1,14991.38,Net Banking,Delivered
ORD000631,CUST01053,2025-06-19,PRD009,1,22621.17,Net Banking,Delivered
ORD000632,CUST00969,2025-06-08,PRD004,2,6780.27,Credit Card,Delivered
ORD000633,CUST00567,2025-05-10,PRD009,3,70487.21,Credit Card,Delivered
ORD000634,CUST00584,2025-09-01,PRD005,1,1622.47,COD,Delivered
ORD000635,CUST00266,2026-04-22,PRD005,1,1761.27,Debit Card,Delivered
ORD000636,CUST00199,2025-11-20,PRD004,1,3262.68,UPI,Delivered
ORD000637,CUST00590,2026-04-21,PRD012,3,4254.45,COD,Delivered
ORD000638,CUST00551,2026-09-06,PRD006,2,2579.78,UPI,Delivered
ORD000639,CUST00703,2025-08-06,PRD006,1,1226.83,COD,Delivered
ORD000640,CUST01022,2025-12-08,PRD004,2,6769.16,Debit Card,Delivered
ORD000641,CUST00826,2025-10-03,PRD001,3,7472.8,COD,Returned
ORD000642,CUST01150,2025-03-28,PRD006,1,1297.03,Debit Card,Delivered
ORD000643,CUST00623,2025-09-27,PRD005,1,1703.18,Credit Card,Delivered
ORD000644,CUST01198,2026-04-08,PRD003,2,81109.28,UPI,Delivered
ORD000645,CUST00582,2026-07-15,PRD009,3,69257.62,Net Banking,Delivered
ORD000646,CUST00270,2026-05-13,PRD007,2,1822.87,COD,Delivered
ORD000647,CUST00448,2026-06-26,PRD004,1,3211.6,Credit Card,Delivered
ORD000648,CUST00822,2026-07-21,PRD009,2,46086.92,Net Banking,Delivered
ORD000649,CUST00572,2026-02-05,PRD006,1,1255.38,Debit Card,Delivered
ORD000650,CUST01029,2025-05-20,PRD009,2,49293.31,COD,Delivered
ORD000651,CUST00951,2026-03-26,PRD005,2,3552.43,COD,Delivered
ORD000652,CUST00591,2026-04-18,PRD001,2,4879.51,Credit Card,Returned
ORD000653,CUST00202,2025-04-01,PRD007,2,1992.85,COD,Delivered
ORD000654,CUST00387,2026-08-31,PRD011,1,9137.66,Net Banking,Delivered
ORD000655,CUST01031,2026-06-26,PRD002,2,28224.44,UPI,Delivered
ORD000656,CUST00666,2026-03-12,PRD010,1,1924.14,UPI,Delivered
ORD000657,CUST00759,2025-06-05,PRD001,3,7339.47,COD,Delivered
ORD000658,CUST01131,2025-12-14,PRD009,1,22902.53,Debit Card,Returned
ORD000659,CUST00491,2025-07-30,PRD003,2,85321.93,Debit Card,Delivered
ORD000660,CUST00272,2026-04-25,PRD005,1,1656.34,COD,Returned
ORD000661,CUST00941,2026-08-28,PRD004,3,10486.2,Credit Card,Delivered
ORD000662,CUST00945,2025-10-01,PRD009,3,72027.17,Debit Card,Delivered
ORD000663,CUST00327,2026-04-26,PRD004,2,6347.08,UPI,Cancelled
ORD000664,CUST00833,2025-07-03,PRD009,2,45350.01,COD,Returned
ORD000665,CUST00533,2026-08-18,PRD012,2,2931.02,Net Banking,Delivered
ORD000666,CUST00049,2026-02-28,PRD008,2,5434.06,COD,Returned
ORD000667,CUST00082,2026-08-24,PRD006,2,2471.1,COD,Cancelled
ORD000668,CUST00878,2026-07-07,PRD002,1,13892.82,Net Banking,Delivered
ORD000669,CUST00229,2026-03-22,PRD012,1,1447.51,Credit Card,Delivered
ORD000670,CUST00498,2026-07-19,PRD008,1,2798.07,UPI,Delivered
ORD000671,CUST00939,2025-11-18,PRD012,2,2925.14,Debit Card,Cancelled
ORD000672,CUST00605,2026-08-20,PRD012,2,2833.22,Debit Card,Delivered
ORD000673,CUST01164,2025-12-30,PRD005,2,3288.58,Net Banking,Delivered
ORD000674,CUST00591,2025-08-11,PRD001,1,2389.93,Debit Card,Returned
ORD000675,CUST00629,2026-03-22,PRD012,1,1394.78,COD,Delivered
ORD000676,CUST00604,2026-07-13,PRD003,3,117755.6,Net Banking,Returned
ORD000677,CUST00599,2025-10-18,PRD007,1,901.9,Credit Card,Delivered
ORD000678,CUST01195,2025-11-01,PRD005,1,1665.77,Net Banking,Delivered
ORD000679,CUST01059,2026-09-08,PRD007,2,1832.25,Debit Card,Delivered
ORD000680,CUST00320,2025-09-04,PRD010,2,3747.87,COD,Delivered
ORD000681,CUST00347,2025-04-12,PRD009,2,49483.69,UPI,Delivered
ORD000682,CUST00133,2025-12-26,PRD006,1,1198.24,Debit Card,Delivered
ORD000683,CUST00245,2025-09-22,PRD011,1,9458.38,UPI,Delivered
ORD000684,CUST01074,2026-02-14,PRD004,3,10144.56,COD,Delivered
ORD000685,CUST00203,2025-11-10,PRD006,2,2481.94,Net Banking,Delivered
ORD000686,CUST01102,2025-11-21,PRD002,1,14283.47,Credit Card,Delivered
ORD000687,CUST00525,2026-08-25,PRD012,1,1446.66,Credit Card,Delivered
ORD000688,CUST00468,2026-05-22,PRD012,3,4065.39,Net Banking,Delivered
ORD000689,CUST00545,2025-08-23,PRD009,1,22974.12,UPI,Delivered
ORD000690,CUST00272,2026-08-26,PRD009,1,23068.04,Net Banking,Delivered
ORD000691,CUST01191,2025-12-15,PRD008,2,5927.01,UPI,Delivered
ORD000692,CUST00654,2026-03-26,PRD011,1,9115.49,UPI,Delivered
ORD000693,CUST00975,2025-11-27,PRD004,1,3224.33,COD,Delivered
ORD000694,CUST00615,2025-06-10,PRD010,1,1971.24,UPI,Delivered
ORD000695,CUST00907,2026-08-25,PRD011,1,9633.97,COD,Delivered
ORD000696,CUST00002,2026-02-20,PRD005,2,3415.44,Credit Card,Delivered
ORD000697,CUST00674,2026-03-14,PRD009,2,49755.19,Debit Card,Delivered
ORD000698,CUST00542,2025-08-31,PRD009,1,24193.64,Net Banking,Delivered
ORD000699,CUST00633,2025-08-23,PRD011,2,19511.27,Credit Card,Delivered
ORD000700,CUST00999,2026-05-26,PRD001,1,2376.44,COD,Returned
ORD000701,CUST00335,2025-03-29,PRD003,1,41592.83,UPI,Cancelled
ORD000702,CUST00908,2025-04-12,PRD006,3,3827.85,Credit Card,Delivered
ORD000703,CUST00223,2025-08-20,PRD004,1,3255.95,Net Banking,Delivered
ORD000704,CUST00967,2026-02-04,PRD002,3,43239.99,Net Banking,Delivered
ORD000705,CUST00317,2025-04-18,PRD006,1,1220.57,Credit Card,Delivered
ORD000706,CUST00324,2025-09-02,PRD010,3,5971.04,COD,Delivered
ORD000707,CUST00551,2025-11-08,PRD007,3,2976.87,COD,Delivered
ORD000708,CUST00622,2026-03-12,PRD006,1,1263.5,Debit Card,Delivered
ORD000709,CUST00922,2025-03-21,PRD005,2,3512.62,UPI,Delivered
ORD000710,CUST00828,2025-08-03,PRD001,2,4900.72,COD,Delivered
ORD000711,CUST00562,2025-09-26,PRD001,3,7243.64,Debit Card,Delivered
ORD000712,CUST00604,2025-08-20,PRD006,1,1271.84,Debit Card,Delivered
ORD000713,CUST01143,2026-06-27,PRD009,3,69109.58,Net Banking,Delivered
ORD000714,CUST00902,2026-03-15,PRD005,1,1647.96,COD,Delivered
ORD000715,CUST00183,2026-05-10,PRD008,1,2816.08,COD,Cancelled
ORD000716,CUST00512,2025-06-12,PRD005,2,3259.54,UPI,Delivered
ORD000717,CUST00702,2025-05-06,PRD005,2,3570.51,UPI,Delivered
ORD000718,CUST00967,2025-08-14,PRD003,3,128702.61,COD,Delivered
ORD000719,CUST00311,2026-09-09,PRD003,2,79118.11,UPI,Delivered
ORD000720,CUST00898,2025-07-05,PRD004,1,3416.0,Debit Card,Delivered
ORD000721,CUST01141,2026-01-31,PRD009,1,22850.25,UPI,Delivered
ORD000722,CUST00643,2025-05-03,PRD006,2,2394.01,Debit Card,Cancelled
ORD000723,CUST00960,2025-07-17,PRD004,2,6437.45,Debit Card,Delivered
ORD000724,CUST00523,2025-12-01,PRD010,3,5481.42,COD,Delivered
ORD000725,CUST00876,2025-09-28,PRD007,2,1964.37,UPI,Cancelled
ORD000726,CUST01050,2026-06-02,PRD006,1,1298.44,Net Banking,Delivered
ORD000727,CUST00670,2026-02-28,PRD009,2,46666.9,UPI,Delivered
ORD000728,CUST00155,2025-11-04,PRD010,1,1955.14,Net Banking,Delivered
ORD000729,CUST00325,2026-08-25,PRD009,1,23670.17,Credit Card,Delivered
ORD000730,CUST00150,2025-05-12,PRD011,2,18929.54,Credit Card,Returned
ORD000731,CUST00677,2025-08-09,PRD002,1,14008.78,Net Banking,Delivered
ORD000732,CUST00886,2025-08-31,PRD001,2,4501.38,COD,Delivered
ORD000733,CUST00039,2025-09-04,PRD001,1,2286.71,Credit Card,Delivered
ORD000734,CUST01197,2026-01-19,PRD011,1,9652.65,Credit Card,Delivered
ORD000735,CUST01177,2026-03-22,PRD006,3,3566.77,Credit Card,Returned
ORD000736,CUST00423,2025-09-11,PRD005,1,,UPI,Delivered
ORD000737,CUST00261,2026-01-27,PRD009,1,23317.72,Debit Card,Delivered
ORD000738,CUST00472,2026-03-24,PRD011,1,9162.37,Debit Card,Delivered
ORD000739,CUST00478,2025-07-06,PRD004,1,3456.19,COD,Delivered
ORD000740,CUST00253,2025-06-02,PRD007,1,973.42,Credit Card,Delivered
ORD000741,CUST00780,2026-01-14,PRD001,2,4597.48,COD,Delivered
ORD000742,CUST01026,2025-08-30,PRD002,1,14259.1,Net Banking,Delivered
ORD000743,CUST01058,2025-05-06,PRD002,1,13679.63,COD,Cancelled
ORD000744,CUST00734,2026-01-20,PRD012,1,1380.63,UPI,Delivered
ORD000745,CUST01039,2026-02-23,PRD006,2,2367.3,COD,Delivered
ORD000746,CUST00034,2026-01-09,PRD001,2,4698.27,UPI,Returned
ORD000747,CUST00727,2025-10-10,PRD006,1,1225.5,Debit Card,Returned
ORD000748,CUST00470,2026-07-06,PRD012,1,1470.54,COD,Delivered
ORD000749,CUST00033,2025-11-11,PRD005,3,5031.77,Credit Card,Delivered
ORD000750,CUST00510,2025-06-03,PRD003,2,81858.25,Credit Card,Delivered
ORD000751,CUST00963,2025-11-14,PRD001,1,2301.54,Debit Card,Delivered
ORD000752,CUST00762,2025-09-06,PRD010,2,3765.81,Credit Card,Returned
ORD000753,CUST01063,2026-08-07,PRD003,3,124722.91,Debit Card,Returned
ORD000754,CUST00225,2026-04-09,PRD003,1,40015.15,Debit Card,Delivered
ORD000755,CUST00544,2025-11-28,PRD010,1,1804.26,UPI,Delivered
ORD000756,CUST00964,2025-11-06,PRD001,3,7432.21,UPI,Returned
ORD000757,CUST01105,2025-11-03,PRD007,2,1832.11,UPI,Cancelled
ORD000758,CUST00031,2025-10-28,PRD006,1,1297.47,UPI,Delivered
ORD000759,CUST00975,2025-04-04,PRD008,2,5720.13,Credit Card,Returned
ORD000760,CUST00002,2026-01-16,PRD005,2,3563.06,Credit Card,Delivered
ORD000761,CUST00662,2026-08-20,PRD011,2,19225.3,UPI,Delivered
ORD000762,CUST00979,2025-11-03,PRD008,3,8611.24,Credit Card,Returned
ORD000763,CUST00450,2026-05-03,PRD009,1,22855.57,UPI,Returned
ORD000764,CUST00195,2026-02-16,PRD012,2,2882.58,Credit Card,Delivered
ORD000765,CUST00464,2025-08-31,PRD005,1,1673.27,COD,Cancelled
ORD000766,CUST01092,2025-07-30,PRD009,2,49415.94,Credit Card,Delivered
ORD000767,CUST00672,2025-12-22,PRD007,1,956.98,UPI,Delivered
ORD000768,CUST00789,2025-05-28,PRD011,1,9978.53,UPI,Cancelled
ORD000769,CUST00293,2026-01-08,PRD011,1,9236.91,COD,Returned
ORD000770,CUST00661,2026-01-20,PRD001,2,4926.87,Credit Card,Delivered
ORD000771,CUST01183,2025-08-26,PRD007,2,1888.75,Debit Card,Delivered
ORD000772,CUST01118,2026-05-02,PRD008,1,2895.67,Net Banking,Cancelled
ORD000773,CUST00691,2025-10-19,PRD006,1,1273.93,COD,Delivered
ORD000774,CUST01125,2025-10-24,PRD008,3,8867.64,Net Banking,Delivered
ORD000775,CUST00539,2025-03-24,PRD002,1,13537.22,Net Banking,Delivered
ORD000776,CUST00259,2026-05-31,PRD002,1,14744.13,UPI,Delivered
ORD000777,CUST01128,2026-07-06,PRD012,1,1401.21,COD,Delivered
ORD000778,CUST00894,2025-11-24,PRD009,1,24928.2,Credit Card,Delivered
ORD000779,CUST00815,2025-04-19,PRD009,1,24200.47,UPI,Delivered
ORD000780,CUST00407,2025-04-19,PRD012,3,4317.54,Credit Card,Delivered
ORD000781,CUST01153,2026-06-12,PRD009,2,47663.87,Net Banking,Delivered
ORD000782,CUST00472,2026-03-06,PRD012,2,2745.79,Credit Card,Delivered
ORD000783,CUST00464,2025-09-17,PRD012,1,1492.27,COD,Delivered
ORD000784,CUST00415,2025-05-12,PRD005,1,1789.81,Debit Card,Delivered
ORD000785,CUST00799,2025-08-24,PRD009,2,47338.13,Credit Card,Returned
ORD000786,CUST00615,2025-12-05,PRD001,1,2387.98,Debit Card,Delivered
ORD000787,CUST00428,2025-09-15,PRD012,2,2718.23,COD,Delivered
ORD000788,CUST00288,2025-04-22,PRD003,2,83973.55,Credit Card,Returned
ORD000789,CUST00802,2026-04-24,PRD003,3,123726.39,Credit Card,Delivered
ORD000790,CUST00718,2026-03-20,PRD002,1,13913.4,COD,Delivered
ORD000791,CUST00253,2026-04-24,PRD012,3,4349.64,Credit Card,Delivered
ORD000792,CUST00909,2025-04-18,PRD003,3,120321.56,UPI,Delivered
ORD000793,CUST01067,2025-07-09,PRD005,2,3464.35,COD,Delivered
ORD000794,CUST00476,2025-06-06,PRD011,2,18247.9,Net Banking,Delivered
ORD000795,CUST00931,2026-04-24,PRD003,1,41942.3,Debit Card,Returned
ORD000796,CUST00558,2025-12-13,PRD001,2,4625.88,COD,Returned
ORD000797,CUST00873,2025-07-19,PRD010,1,1937.32,COD,Returned
ORD000798,CUST00597,2026-03-20,PRD004,2,6996.32,Net Banking,Delivered
ORD000799,CUST00743,2026-06-24,PRD004,3,10183.77,COD,Delivered
ORD000800,CUST00864,2025-08-30,PRD001,3,7324.53,Debit Card,Delivered
ORD000801,CUST00516,2025-09-04,PRD011,2,19332.02,Debit Card,Delivered
ORD000802,CUST00731,2026-09-06,PRD002,1,14708.01,Credit Card,Delivered
ORD000803,CUST01200,2025-03-24,PRD008,1,2898.72,UPI,Delivered
ORD000804,CUST01000,2025-12-07,PRD009,2,46877.24,Net Banking,Returned
ORD000805,CUST00784,2026-03-27,PRD001,2,4917.14,UPI,Delivered
ORD000806,CUST01179,2025-05-21,PRD002,1,13857.0,Net Banking,Delivered
ORD000807,CUST00864,2025-03-21,PRD007,3,2801.39,COD,Cancelled
ORD000808,CUST00944,2026-02-10,PRD010,2,3757.6,COD,Delivered
ORD000809,CUST00053,2025-05-25,PRD004,2,6739.44,Debit Card,Delivered
ORD000810,CUST00203,2025-05-12,PRD005,2,3500.51,Debit Card,Returned
ORD000811,CUST00735,2025-07-09,PRD011,1,9964.59,Debit Card,Delivered
ORD000812,CUST00914,2025-12-01,PRD001,1,2496.74,Debit Card,Delivered
ORD000813,CUST00329,2026-06-13,PRD004,2,6681.18,Debit Card,Cancelled
ORD000814,CUST00822,2025-11-15,PRD006,1,1280.38,Debit Card,Returned
ORD000815,CUST00721,2025-04-20,PRD010,2,3932.53,Credit Card,Cancelled
ORD000816,CUST00649,2025-05-25,PRD005,1,1635.37,COD,Delivered
ORD000817,CUST00641,2025-10-25,PRD010,2,3900.67,Credit Card,Delivered
ORD000818,CUST00543,2026-09-02,PRD012,2,2939.81,Debit Card,Delivered
ORD000819,CUST00327,2026-06-06,PRD003,1,39515.18,Debit Card,Delivered
ORD000820,CUST01037,2026-06-18,PRD012,3,4387.62,Net Banking,Delivered
ORD000821,CUST00365,2026-01-10,PRD007,2,1837.88,UPI,Delivered
ORD000822,CUST00345,2026-06-07,PRD011,2,18289.7,Debit Card,Returned
ORD000823,CUST01092,2026-03-23,PRD006,2,2438.29,Debit Card,Delivered
ORD000824,CUST01168,2026-06-28,PRD002,1,14162.86,UPI,Delivered
ORD000825,CUST00504,2026-02-17,PRD009,1,23183.54,COD,Delivered
ORD000826,CUST00460,2025-11-09,PRD012,1,1382.95,Credit Card,Delivered
ORD000827,CUST00298,2026-02-27,PRD001,1,2254.29,Net Banking,Delivered
ORD000828,CUST00990,2025-06-28,PRD008,2,5997.02,Credit Card,Delivered
ORD000829,CUST00845,2026-06-06,PRD003,2,82792.47,COD,Delivered
ORD000830,CUST00536,2026-03-11,PRD012,1,1388.61,Debit Card,Returned
ORD000831,CUST00747,2025-06-21,PRD004,1,3176.06,Credit Card,Delivered
ORD000832,CUST00659,2026-04-25,PRD012,1,1435.89,UPI,Cancelled
ORD000833,CUST01040,2026-01-10,PRD012,2,2729.62,Net Banking,Delivered
ORD000834,CUST00467,2025-12-03,PRD012,1,1445.78,Net Banking,Cancelled
ORD000835,CUST00459,2025-08-24,PRD008,1,2715.06,Net Banking,Delivered
ORD000836,CUST00897,2026-03-16,PRD008,2,5969.91,Credit Card,Delivered
ORD000837,CUST00046,2026-08-20,PRD009,2,45285.92,Debit Card,Delivered
ORD000838,CUST00977,2025-12-12,PRD012,1,1402.23,Debit Card,Delivered
ORD000839,CUST01167,2026-03-16,PRD005,3,5179.9,COD,Delivered
ORD000840,CUST00274,2025-10-18,PRD007,1,930.05,Debit Card,Delivered
ORD000841,CUST00677,2026-04-01,PRD004,2,6653.67,COD,Cancelled
ORD000842,CUST00296,2025-05-17,PRD009,3,73967.55,Net Banking,Delivered
ORD000843,CUST00109,2025-11-01,PRD012,1,1465.22,UPI,Delivered
ORD000844,CUST00131,2025-11-05,PRD009,2,48660.84,Credit Card,Cancelled
ORD000845,CUST00368,2025-04-05,PRD003,1,40827.44,UPI,Delivered
ORD000846,CUST00680,2025-11-22,PRD002,1,14360.05,COD,Delivered
ORD000847,CUST00835,2026-01-19,PRD007,3,2951.23,Credit Card,Delivered
ORD000848,CUST00197,2025-03-26,PRD005,1,1696.52,Debit Card,Delivered
ORD000849,CUST01024,2025-08-31,PRD002,1,13799.99,Debit Card,Delivered
ORD000850,CUST00168,2026-03-04,PRD006,2,2474.3,UPI,Cancelled
ORD000851,CUST00125,2026-07-16,PRD009,1,22737.82,UPI,Delivered
ORD000852,CUST01084,2026-02-18,PRD001,1,2325.64,Net Banking,Delivered
ORD000853,CUST01154,2025-04-13,PRD006,1,1193.58,Net Banking,Delivered
ORD000854,CUST01021,2026-07-23,PRD003,2,80367.26,Credit Card,Delivered
ORD000855,CUST00767,2026-08-22,PRD010,1,1940.3,Credit Card,Returned
ORD000856,CUST01040,2025-11-28,PRD003,2,77731.65,Net Banking,Delivered
ORD000857,CUST00247,2026-04-15,PRD005,1,1741.98,Net Banking,Delivered
ORD000858,CUST01062,2025-08-17,PRD003,1,41294.1,Net Banking,Delivered
ORD000859,CUST00691,2026-09-02,PRD008,3,8447.14,COD,Delivered
ORD000860,CUST00239,2025-09-30,PRD011,2,18490.6,Credit Card,Delivered
ORD000861,CUST00491,2026-06-26,PRD008,1,2711.57,UPI,Cancelled
ORD000862,CUST00984,2025-12-17,PRD011,3,28770.52,Net Banking,Cancelled
ORD000863,CUST00187,2025-09-25,PRD011,3,28579.15,Net Banking,Delivered
ORD000864,CUST01090,2026-04-06,PRD009,2,48214.06,Debit Card,Cancelled
ORD000865,CUST00657,2025-10-17,PRD003,2,79917.59,COD,Cancelled
ORD000866,CUST00828,2025-04-23,PRD007,2,1802.96,UPI,Delivered
ORD000867,CUST00659,2026-03-10,PRD009,2,46527.63,Debit Card,Delivered
ORD000868,CUST00113,2025-09-27,PRD009,1,22722.06,Net Banking,Delivered
ORD000869,CUST01170,2026-04-13,PRD009,1,24347.17,Net Banking,Delivered
ORD000870,CUST00058,2025-09-20,PRD001,1,2337.01,Net Banking,Delivered
ORD000871,CUST00108,2026-04-11,PRD011,2,19046.06,Credit Card,Cancelled
ORD000872,CUST01042,2026-05-19,PRD006,3,3862.19,UPI,Delivered
ORD000873,CUST00937,2025-08-18,PRD003,1,,Credit Card,Cancelled
ORD000874,CUST01015,2026-05-06,PRD004,2,6309.11,COD,Delivered
ORD000875,CUST00422,2025-08-31,PRD012,1,1349.81,Credit Card,Delivered
ORD000876,CUST00678,2025-10-19,PRD003,2,80595.47,COD,Returned
ORD000877,CUST00092,2026-07-28,PRD003,1,,Debit Card,Delivered
ORD000878,CUST00866,2026-03-04,PRD011,2,19802.2,Debit Card,Cancelled
ORD000879,CUST00420,2025-10-10,PRD011,3,28224.79,UPI,Delivered
ORD000880,CUST00852,2025-11-30,PRD007,2,1978.23,COD,Delivered
ORD000881,CUST00520,2026-03-11,PRD010,1,1878.15,COD,Delivered
ORD000882,CUST00264,2026-01-26,PRD011,3,28909.9,UPI,Delivered
ORD000883,CUST00326,2026-08-03,PRD008,1,2797.28,Debit Card,Delivered
ORD000884,CUST00816,2026-05-13,PRD005,2,3546.01,Debit Card,Delivered
ORD000885,CUST00223,2025-12-29,PRD002,2,29650.1,UPI,Returned
ORD000886,CUST01137,2025-05-29,PRD008,1,2997.67,COD,Delivered
ORD000887,CUST00981,2025-09-12,PRD002,1,14748.66,Credit Card,Delivered
ORD000888,CUST00172,2026-08-18,PRD012,1,1441.34,COD,Delivered
ORD000889,CUST00293,2025-09-24,PRD008,2,5795.79,Net Banking,Cancelled
ORD000890,CUST00388,2026-02-17,PRD004,3,10044.37,Credit Card,Delivered
ORD000891,CUST00700,2025-10-25,PRD005,1,1655.2,UPI,Delivered
ORD000892,CUST00802,2025-04-14,PRD007,1,949.61,Credit Card,Delivered
ORD000893,CUST00377,2026-06-24,PRD011,1,9720.21,UPI,Delivered
ORD000894,CUST00903,2025-06-14,PRD002,1,13930.78,Credit Card,Delivered
ORD000895,CUST00294,2025-05-12,PRD009,1,24210.94,COD,Delivered
ORD000896,CUST01061,2025-05-17,PRD009,1,22923.87,Debit Card,Delivered
ORD000897,CUST00759,2026-08-07,PRD001,1,2420.11,UPI,Delivered
ORD000898,CUST00781,2025-12-03,PRD001,2,4691.89,Net Banking,Delivered
ORD000899,CUST00246,2026-05-05,PRD004,3,10020.0,UPI,Delivered
ORD000900,CUST00976,2026-09-01,PRD010,3,5808.46,COD,Delivered
ORD000901,CUST00921,2026-05-31,PRD012,1,1440.93,Debit Card,Delivered
ORD000902,CUST00932,2026-04-20,PRD008,1,2962.85,Credit Card,Delivered
ORD000903,CUST00296,2025-07-26,PRD005,3,5377.05,COD,Cancelled
ORD000904,CUST00527,2026-07-19,PRD003,1,40555.52,Debit Card,Cancelled
ORD000905,CUST00295,2025-06-22,PRD001,2,4937.93,Credit Card,Delivered
ORD000906,CUST00824,2026-07-15,PRD003,3,128247.28,COD,Delivered
ORD000907,CUST00856,2026-05-03,PRD008,3,8954.15,COD,Delivered
ORD000908,CUST00745,2025-11-02,PRD006,1,1186.39,Net Banking,Delivered
ORD000909,CUST00422,2025-04-24,PRD004,1,3347.98,Net Banking,Cancelled
ORD000910,CUST00745,2026-02-14,PRD008,2,5873.29,Debit Card,Returned
ORD000911,CUST00629,2025-05-21,PRD004,2,6374.23,COD,Delivered
ORD000912,CUST00616,2026-06-21,PRD010,2,3685.03,Net Banking,Delivered
ORD000913,CUST00321,2025-04-29,PRD011,2,18861.68,COD,Delivered
ORD000914,CUST00049,2026-05-07,PRD012,1,1449.08,Debit Card,Delivered
ORD000915,CUST01154,2026-02-11,PRD003,3,126183.05,Credit Card,Delivered
ORD000916,CUST00309,2026-06-17,PRD007,1,985.82,Credit Card,Delivered
ORD000917,CUST00997,2026-08-01,PRD006,2,2497.28,UPI,Delivered
ORD000918,CUST00199,2025-09-10,PRD002,1,14879.27,UPI,Delivered
ORD000919,CUST00679,2026-04-02,PRD002,1,14034.11,Credit Card,Delivered
ORD000920,CUST00437,2025-10-10,PRD005,1,1782.67,Net Banking,Delivered
ORD000921,CUST00915,2026-09-05,PRD008,1,2785.99,UPI,Cancelled
ORD000922,CUST01151,2026-01-24,PRD003,1,39208.38,Net Banking,Delivered
ORD000923,CUST00840,2025-07-06,PRD003,2,81436.39,Debit Card,Delivered
ORD000924,CUST00511,2025-08-04,PRD002,3,44588.36,UPI,Delivered
ORD000925,CUST00081,2025-11-12,PRD003,2,81499.27,UPI,Delivered
ORD000926,CUST00165,2025-08-22,PRD012,1,1436.78,Credit Card,Delivered
ORD000927,CUST00917,2025-07-07,PRD001,2,4781.48,Debit Card,Delivered
ORD000928,CUST00175,2025-06-16,PRD006,1,1250.16,COD,Delivered
ORD000929,CUST00307,2026-06-03,PRD002,3,43351.11,Debit Card,Delivered
ORD000930,CUST00171,2026-05-31,PRD006,2,2466.74,Net Banking,Delivered
ORD000931,CUST01026,2025-07-02,PRD007,1,924.35,Net Banking,Delivered
ORD000932,CUST00574,2026-01-29,PRD009,1,24763.55,UPI,Delivered
ORD000933,CUST00490,2026-02-23,PRD012,1,1498.42,Debit Card,Delivered
ORD000934,CUST00083,2026-03-17,PRD005,3,5211.72,UPI,Delivered
ORD000935,CUST00682,2025-07-08,PRD009,1,24944.62,Net Banking,Delivered
ORD000936,CUST00022,2026-06-01,PRD012,2,2812.33,COD,Delivered
ORD000937,CUST00779,2026-07-16,PRD007,1,926.1,COD,Delivered
ORD000938,CUST00688,2025-10-01,PRD006,2,2541.91,COD,Returned
ORD000939,CUST00701,2025-10-27,PRD003,1,41074.29,COD,Cancelled
ORD000940,CUST00577,2026-01-10,PRD005,1,1784.39,UPI,Delivered
ORD000941,CUST00653,2025-04-28,PRD009,1,22820.4,UPI,Delivered
ORD000942,CUST00498,2025-06-29,PRD002,1,13730.09,Credit Card,Delivered
ORD000943,CUST00179,2026-04-19,PRD002,1,14603.78,Debit Card,Cancelled
ORD000944,CUST00145,2026-07-25,PRD003,2,84891.63,COD,Delivered
ORD000945,CUST00678,2026-03-02,PRD011,1,9055.26,Credit Card,Delivered
ORD000946,CUST00409,2025-12-13,PRD012,1,1456.77,UPI,Delivered
ORD000947,CUST00008,2026-06-13,PRD007,3,2712.28,UPI,Delivered
ORD000948,CUST00793,2026-01-22,PRD006,3,3692.81,Credit Card,Delivered
ORD000949,CUST01015,2025-12-01,PRD010,3,5570.05,Net Banking,Delivered
ORD000950,CUST00126,2025-09-27,PRD008,1,2722.96,Credit Card,Delivered
ORD000951,CUST00540,2026-02-17,PRD003,2,79026.53,UPI,Delivered
ORD000952,CUST00156,2026-01-16,PRD004,1,3413.72,Credit Card,Returned
ORD000953,CUST00333,2025-06-03,PRD007,3,2786.23,COD,Returned
ORD000954,CUST01038,2025-04-26,PRD011,1,9250.02,Debit Card,Delivered
ORD000955,CUST00494,2025-11-06,PRD009,1,24919.35,Debit Card,Delivered
ORD000956,CUST00577,2025-10-10,PRD003,1,40822.92,UPI,Delivered
ORD000957,CUST00881,2025-04-28,PRD002,3,43719.58,UPI,Cancelled
ORD000958,CUST00181,2025-05-02,PRD006,2,2575.78,Net Banking,Cancelled
ORD000959,CUST00135,2026-05-17,PRD010,1,1862.88,Debit Card,Cancelled
ORD000960,CUST00984,2025-08-29,PRD006,2,2465.26,Net Banking,Delivered
ORD000961,CUST00390,2025-05-23,PRD004,2,6781.67,COD,Delivered
ORD000962,CUST00953,2025-07-23,PRD008,1,2952.96,COD,Delivered
ORD000963,CUST00950,2026-02-08,PRD008,2,5840.77,COD,Delivered
ORD000964,CUST00860,2025-09-15,PRD001,1,,Credit Card,Cancelled
ORD000965,CUST00819,2025-07-19,PRD006,1,1275.28,Credit Card,Delivered
ORD000966,CUST00310,2026-08-10,PRD010,1,1802.38,COD,Delivered
ORD000967,CUST00307,2026-08-01,PRD005,1,1708.57,Credit Card,Delivered
ORD000968,CUST00622,2025-08-03,PRD009,1,23715.39,COD,Delivered
ORD000969,CUST00887,2026-04-04,PRD007,1,965.61,Debit Card,Delivered
ORD000970,CUST00218,2025-04-26,PRD002,1,14410.77,Credit Card,Cancelled
ORD000971,CUST00482,2026-07-04,PRD009,2,47079.84,UPI,Returned
ORD000972,CUST00631,2026-08-25,PRD011,1,,Net Banking,Delivered
ORD000973,CUST00879,2025-04-30,PRD010,1,1904.97,Debit Card,Delivered
ORD000974,CUST00765,2026-01-25,PRD012,1,1494.57,UPI,Delivered
ORD000975,CUST00037,2026-06-24,PRD008,1,2761.92,Debit Card,Delivered
ORD000976,CUST00479,2026-08-06,PRD006,3,3886.29,Debit Card,Delivered
ORD000977,CUST01137,2025-12-16,PRD006,2,2519.63,Credit Card,Cancelled
ORD000978,CUST00660,2025-10-22,PRD011,2,18456.01,Net Banking,Delivered
ORD000979,CUST00486,2025-04-20,PRD004,2,6921.41,Debit Card,Delivered
ORD000980,CUST01047,2026-04-01,PRD002,2,28868.9,UPI,Cancelled
ORD000981,CUST01084,2025-05-19,PRD008,2,5932.57,Debit Card,Delivered
ORD000982,CUST00138,2025-11-30,PRD008,2,5872.81,Debit Card,Cancelled
ORD000983,CUST00294,2026-07-29,PRD006,1,1198.11,UPI,Delivered
ORD000984,CUST00671,2025-08-10,PRD006,2,2376.16,Debit Card,Delivered
ORD000985,CUST00656,2025-04-06,PRD008,1,2859.94,Credit Card,Delivered
ORD000986,CUST00014,2025-09-19,PRD010,1,1811.21,Credit Card,Delivered
ORD000987,CUST01073,2025-08-08,PRD009,1,23439.08,UPI,Delivered
ORD000988,CUST00611,2025-09-17,PRD005,1,1623.65,COD,Delivered
ORD000989,CUST00162,2026-05-07,PRD006,2,2596.18,COD,Cancelled
ORD000990,CUST00783,2025-06-04,PRD009,1,24395.18,UPI,Delivered
ORD000991,CUST00561,2026-01-10,PRD008,1,2881.0,Debit Card,Delivered
ORD000992,CUST00334,2026-04-21,PRD010,1,1802.49,UPI,Delivered
ORD000993,CUST00669,2026-08-02,PRD009,2,46574.48,COD,Delivered
ORD000994,CUST01127,2026-03-14,PRD001,3,6990.12,Credit Card,Delivered
ORD000995,CUST00669,2026-07-08,PRD010,1,1863.87,Net Banking,Delivered
ORD000996,CUST00081,2025-07-26,PRD009,1,24283.19,COD,Cancelled
ORD000997,CUST00131,2025-04-29,PRD002,1,14283.22,Credit Card,Delivered
ORD000998,CUST00189,2026-08-14,PRD006,1,1222.7,UPI,Delivered
ORD000999,CUST01009,2026-07-22,PRD007,2,1881.39,COD,Delivered
ORD001000,CUST00318,2026-04-04,PRD009,1,23620.3,UPI,Returned
ORD001001,CUST00535,2026-05-08,PRD004,1,3388.26,UPI,Delivered
ORD001002,CUST00108,2025-04-09,PRD011,3,27124.47,Credit Card,Delivered
ORD001003,CUST00477,2026-09-01,PRD003,1,40087.75,COD,Delivered
ORD001004,CUST00040,2026-08-15,PRD009,1,24173.14,COD,Delivered
ORD001005,CUST01127,2026-02-06,PRD002,1,13553.1,Credit Card,Delivered
ORD001006,CUST01194,2026-02-14,PRD008,1,2723.28,Debit Card,Delivered
ORD001007,CUST01043,2025-05-03,PRD003,2,82009.67,Net Banking,Delivered
ORD001008,CUST00577,2026-01-12,PRD005,2,3377.95,Credit Card,Delivered
ORD001009,CUST00525,2026-08-14,PRD006,1,1202.92,UPI,Delivered
ORD001010,CUST00585,2025-08-14,PRD008,1,2989.32,Net Banking,Delivered
ORD001011,CUST00831,2025-04-12,PRD004,1,3284.67,UPI,Delivered
ORD001012,CUST00422,2025-04-09,PRD004,2,6507.17,Credit Card,Cancelled
ORD001013,CUST00183,2025-12-20,PRD005,1,1735.64,Credit Card,Delivered
ORD001014,CUST01161,2026-03-07,PRD005,1,1674.85,Credit Card,Delivered
ORD001015,CUST00371,2025-11-09,PRD006,1,1262.62,Debit Card,Delivered
ORD001016,CUST00938,2025-08-31,PRD007,2,1982.18,COD,Cancelled
ORD001017,CUST01149,2026-06-22,PRD010,1,1932.44,Credit Card,Cancelled
ORD001018,CUST00160,2026-08-27,PRD010,1,1969.55,Net Banking,Returned
ORD001019,CUST00103,2025-04-01,PRD001,1,2324.93,COD,Delivered
ORD001020,CUST01164,2025-04-19,PRD003,1,39624.91,Credit Card,Delivered
ORD001021,CUST00867,2026-05-12,PRD012,1,1411.68,UPI,Delivered
ORD001022,CUST00610,2026-06-02,PRD001,1,2314.76,Credit Card,Delivered
ORD001023,CUST00247,2026-01-03,PRD011,3,29375.35,COD,Delivered
ORD001024,CUST00358,2026-06-28,PRD001,1,2307.78,Net Banking,Delivered
ORD001025,CUST01142,2026-03-24,PRD005,1,1720.43,UPI,Delivered
ORD001026,CUST00314,2026-04-23,PRD004,1,3281.16,UPI,Delivered
ORD001027,CUST01019,2026-01-13,PRD007,2,1992.59,Net Banking,Delivered
ORD001028,CUST00091,2025-04-18,PRD011,1,9875.39,Debit Card,Delivered
ORD001029,CUST00982,2026-05-08,PRD004,1,3244.26,Credit Card,Delivered
ORD001030,CUST00481,2026-03-31,PRD012,2,2996.75,UPI,Returned
ORD001031,CUST01154,2025-11-08,PRD007,2,1895.81,Credit Card,Delivered
ORD001032,CUST00097,2025-11-06,PRD005,1,1685.18,COD,Delivered
ORD001033,CUST01116,2025-06-03,PRD003,1,40295.53,Net Banking,Delivered
ORD001034,CUST01108,2025-11-12,PRD003,1,40190.25,Credit Card,Cancelled
ORD001035,CUST01189,2026-07-18,PRD007,1,933.81,Debit Card,Delivered
ORD001036,CUST00303,2026-09-02,PRD011,2,18813.77,COD,Delivered
ORD001037,CUST00178,2025-10-05,PRD010,1,1865.63,Debit Card,Returned
ORD001038,CUST00956,2025-07-03,PRD008,2,5496.73,UPI,Returned
ORD001039,CUST00704,2025-11-11,PRD009,3,70059.57,Credit Card,Delivered
ORD001040,CUST01175,2025-04-21,PRD003,1,40403.37,COD,Returned
ORD001041,CUST00230,2025-07-24,PRD009,2,45517.26,UPI,Delivered
ORD001042,CUST00522,2026-02-01,PRD009,3,73044.91,Debit Card,Delivered
ORD001043,CUST01002,2025-07-21,PRD002,1,14694.39,Net Banking,Cancelled
ORD001044,CUST00809,2026-04-28,PRD009,3,69140.27,Debit Card,Returned
ORD001045,CUST00836,2026-07-13,PRD012,1,1445.62,Credit Card,Delivered
ORD001046,CUST00386,2026-05-23,PRD012,1,1494.4,UPI,Returned
ORD001047,CUST01015,2026-01-21,PRD003,1,40017.26,COD,Delivered
ORD001048,CUST00621,2026-09-07,PRD004,2,6964.1,Credit Card,Delivered
ORD001049,CUST00049,2025-03-29,PRD001,1,2300.85,UPI,Delivered
ORD001050,CUST00138,2026-04-13,PRD005,2,3390.01,Debit Card,Delivered
ORD001051,CUST00826,2026-06-02,PRD001,3,,Debit Card,Delivered
ORD001052,CUST00427,2025-05-01,PRD005,2,3569.06,Net Banking,Delivered
ORD001053,CUST00224,2025-05-28,PRD001,3,6770.93,Debit Card,Delivered
ORD001054,CUST00720,2025-06-26,PRD001,1,2464.31,COD,Cancelled
ORD001055,CUST01104,2025-04-13,PRD002,2,28858.77,Debit Card,Delivered
ORD001056,CUST01005,2025-09-25,PRD001,2,4741.83,UPI,Delivered
ORD001057,CUST00973,2026-03-09,PRD005,2,3326.49,UPI,Delivered
ORD001058,CUST00932,2025-07-30,PRD007,3,2878.2,COD,Delivered
ORD001059,CUST00071,2025-08-25,PRD006,1,1260.55,COD,Delivered
ORD001060,CUST00444,2026-02-11,PRD010,2,3871.59,Net Banking,Delivered
ORD001061,CUST00058,2025-12-04,PRD009,2,45904.33,Debit Card,Delivered
ORD001062,CUST01158,2025-05-26,PRD007,2,1807.93,Net Banking,Delivered
ORD001063,CUST00241,2025-05-01,PRD012,2,2968.7,Debit Card,Delivered
ORD001064,CUST00334,2025-08-03,PRD001,1,2355.74,Credit Card,Delivered
ORD001065,CUST00158,2026-01-08,PRD004,2,6302.18,Credit Card,Delivered
ORD001066,CUST00772,2025-12-13,PRD001,1,2334.08,Net Banking,Delivered
ORD001067,CUST01011,2026-04-22,PRD004,3,10182.91,UPI,Delivered
ORD001068,CUST00208,2025-09-29,PRD003,1,42907.83,Net Banking,Delivered
ORD001069,CUST01153,2026-07-28,PRD001,2,4895.21,COD,Delivered
ORD001070,CUST00043,2025-07-17,PRD012,2,2808.61,Net Banking,Returned
ORD001071,CUST00218,2026-04-10,PRD007,2,1885.37,COD,Delivered
ORD001072,CUST00138,2026-08-11,PRD002,1,14922.0,Debit Card,Delivered
ORD001073,CUST00973,2026-05-16,PRD007,2,1979.34,Credit Card,Delivered
ORD001074,CUST00248,2025-08-26,PRD001,1,2295.78,Credit Card,Delivered
ORD001075,CUST00914,2026-03-08,PRD011,2,18524.16,UPI,Delivered
ORD001076,CUST00380,2025-12-30,PRD010,2,3614.09,Credit Card,Delivered
ORD001077,CUST00302,2025-08-12,PRD005,1,,Debit Card,Cancelled
ORD001078,CUST00123,2026-04-01,PRD009,1,24163.81,Net Banking,Delivered
ORD001079,CUST01087,2025-12-17,PRD001,1,2283.35,Credit Card,Returned
ORD001080,CUST00984,2025-04-19,PRD004,1,3316.45,Credit Card,Delivered
ORD001081,CUST00203,2026-07-20,PRD003,2,82790.53,UPI,Delivered
ORD001082,CUST00300,2026-04-05,PRD011,1,9144.49,UPI,Returned
ORD001083,CUST00979,2026-02-19,PRD009,1,23116.74,COD,Delivered
ORD001084,CUST00741,2025-08-19,PRD004,1,3412.35,UPI,Delivered
ORD001085,CUST00657,2025-07-08,PRD007,1,971.68,Debit Card,Delivered
ORD001086,CUST00801,2025-06-03,PRD008,2,5532.99,Credit Card,Returned
ORD001087,CUST00982,2026-08-30,PRD010,2,3856.49,Credit Card,Returned
ORD001088,CUST00495,2025-07-23,PRD010,2,,COD,Delivered
ORD001089,CUST00064,2026-04-25,PRD007,1,969.48,Credit Card,Delivered
ORD001090,CUST00082,2025-07-12,PRD006,1,1229.44,Debit Card,Delivered
ORD001091,CUST00622,2025-10-08,PRD009,2,46538.85,COD,Delivered
ORD001092,CUST01048,2026-06-04,PRD008,2,5901.74,Net Banking,Cancelled
ORD001093,CUST01148,2025-06-05,PRD011,2,19569.67,Credit Card,Delivered
ORD001094,CUST00962,2026-08-31,PRD006,1,1295.78,Net Banking,Delivered
ORD001095,CUST01059,2026-04-02,PRD010,3,5774.58,Debit Card,Delivered
ORD001096,CUST00592,2026-03-06,PRD010,2,3968.74,Debit Card,Delivered
ORD001097,CUST00491,2025-11-21,PRD010,1,1860.34,Debit Card,Delivered
ORD001098,CUST01061,2025-05-21,PRD011,2,19193.6,Credit Card,Delivered
ORD001099,CUST00286,2025-12-15,PRD012,1,1451.93,Net Banking,Delivered
ORD001100,CUST01133,2025-04-08,PRD006,1,1244.67,Credit Card,Cancelled
ORD001101,CUST00241,2025-08-18,PRD012,3,4334.48,Credit Card,Returned
ORD001102,CUST00345,2025-10-14,PRD011,1,9646.51,COD,Delivered
ORD001103,CUST00768,2026-06-10,PRD004,2,6487.66,Net Banking,Delivered
ORD001104,CUST00941,2025-05-05,PRD009,1,24014.0,Debit Card,Delivered
ORD001105,CUST00255,2025-08-18,PRD007,2,1798.85,Credit Card,Delivered
ORD001106,CUST00522,2026-02-13,PRD008,2,5728.48,Debit Card,Delivered
ORD001107,CUST01047,2025-12-13,PRD010,2,3618.59,COD,Delivered
ORD001108,CUST01003,2026-06-29,PRD010,1,,UPI,Delivered
ORD001109,CUST00287,2025-10-14,PRD003,1,42144.61,UPI,Delivered
ORD001110,CUST00085,2025-04-13,PRD002,1,14301.88,Credit Card,Delivered
ORD001111,CUST00197,2025-07-10,PRD012,3,4065.26,Net Banking,Delivered
ORD001112,CUST00123,2025-06-28,PRD001,1,,Debit Card,Delivered
ORD001113,CUST00583,2025-11-08,PRD007,1,960.87,Net Banking,Delivered
ORD001114,CUST00547,2025-04-18,PRD009,1,22878.34,Net Banking,Returned
ORD001115,CUST01197,2025-09-01,PRD006,1,1294.64,COD,Delivered
ORD001116,CUST00417,2026-01-07,PRD009,2,45800.15,Net Banking,Delivered
ORD001117,CUST00553,2025-09-24,PRD008,1,2952.63,Credit Card,Delivered
ORD001118,CUST00496,2025-04-04,PRD008,2,5502.29,Credit Card,Delivered
ORD001119,CUST00573,2026-02-12,PRD002,1,13961.81,Net Banking,Delivered
ORD001120,CUST00792,2026-07-16,PRD008,1,2953.2,COD,Delivered
ORD001121,CUST00910,2026-08-01,PRD008,1,2814.4,Net Banking,Cancelled
ORD001122,CUST00779,2026-07-24,PRD001,2,4600.72,COD,Cancelled
ORD001123,CUST00895,2026-06-01,PRD009,1,23746.63,Net Banking,Delivered
ORD001124,CUST00795,2026-02-03,PRD008,2,5484.88,UPI,Delivered
ORD001125,CUST00774,2026-05-03,PRD003,2,80100.36,COD,Delivered
ORD001126,CUST00562,2025-09-21,PRD004,3,9689.67,Net Banking,Delivered
ORD001127,CUST00962,2026-06-11,PRD001,3,6930.28,UPI,Delivered
ORD001128,CUST00927,2025-11-10,PRD012,1,1400.84,COD,Delivered
ORD001129,CUST00042,2025-11-06,PRD008,2,5943.53,UPI,Cancelled
ORD001130,CUST00896,2026-04-18,PRD005,1,1685.05,Debit Card,Delivered
ORD001131,CUST00981,2026-04-22,PRD003,1,41216.67,Net Banking,Delivered
ORD001132,CUST01088,2025-04-20,PRD004,1,3276.66,Credit Card,Delivered
ORD001133,CUST00185,2025-05-18,PRD012,1,1453.33,UPI,Delivered
ORD001134,CUST00513,2025-10-16,PRD002,2,28357.41,Debit Card,Delivered
ORD001135,CUST00291,2026-04-14,PRD007,1,917.68,COD,Returned
ORD001136,CUST00639,2026-03-22,PRD003,2,84895.59,Net Banking,Delivered
ORD001137,CUST00107,2026-06-27,PRD010,3,5920.14,Credit Card,Cancelled
ORD001138,CUST00591,2026-08-09,PRD009,2,49472.63,Credit Card,Delivered
ORD001139,CUST00036,2025-11-26,PRD004,2,6345.35,UPI,Cancelled
ORD001140,CUST00552,2026-01-24,PRD003,2,81375.93,Debit Card,Delivered
ORD001141,CUST00367,2026-01-21,PRD003,2,79510.71,UPI,Delivered
ORD001142,CUST00667,2025-12-26,PRD003,1,38788.19,Net Banking,Delivered
ORD001143,CUST00117,2025-06-16,PRD007,1,,Credit Card,Delivered
ORD001144,CUST00496,2025-10-12,PRD010,1,1854.93,Credit Card,Delivered
ORD001145,CUST00932,2026-04-27,PRD003,3,119299.2,Net Banking,Delivered
ORD001146,CUST00087,2026-08-02,PRD002,2,27859.75,Net Banking,Delivered
ORD001147,CUST01004,2025-05-31,PRD011,2,19450.52,Net Banking,Delivered
ORD001148,CUST00956,2025-03-29,PRD011,2,19209.11,COD,Delivered
ORD001149,CUST00515,2026-05-26,PRD009,2,49287.66,Credit Card,Delivered
ORD001150,CUST00075,2026-08-16,PRD004,1,3277.69,Debit Card,Delivered
ORD001151,CUST00237,2025-05-06,PRD010,2,3717.95,UPI,Delivered
ORD001152,CUST00645,2025-08-02,PRD008,1,2763.75,Credit Card,Cancelled
ORD001153,CUST00922,2026-01-08,PRD010,3,5873.32,COD,Delivered
ORD001154,CUST00501,2025-09-19,PRD003,1,42584.76,Debit Card,Delivered
ORD001155,CUST00997,2025-10-20,PRD007,2,1872.44,Credit Card,Cancelled
ORD001156,CUST00949,2026-02-16,PRD003,2,,Credit Card,Delivered
ORD001157,CUST00208,2025-10-02,PRD005,1,1702.77,COD,Delivered
ORD001158,CUST00888,2026-03-11,PRD002,2,29461.32,Net Banking,Delivered
ORD001159,CUST00978,2026-05-17,PRD001,2,4663.86,Debit Card,Delivered
ORD001160,CUST01038,2026-06-01,PRD003,1,39326.62,Net Banking,Delivered
ORD001161,CUST00553,2026-02-12,PRD001,1,2406.71,Debit Card,Delivered
ORD001162,CUST00050,2025-05-27,PRD008,2,5765.83,Debit Card,Delivered
ORD001163,CUST00669,2026-01-21,PRD005,1,1712.11,UPI,Delivered
ORD001164,CUST00898,2025-09-10,PRD008,2,5419.89,Net Banking,Cancelled
ORD001165,CUST01160,2025-08-10,PRD009,1,22882.41,COD,Delivered
ORD001166,CUST00677,2025-06-25,PRD011,3,29164.71,Debit Card,Delivered
ORD001167,CUST00295,2025-11-25,PRD003,1,40349.79,COD,Delivered
ORD001168,CUST00452,2025-11-13,PRD001,1,2487.39,Credit Card,Delivered
ORD001169,CUST00857,2025-11-27,PRD010,1,1964.2,Credit Card,Delivered
ORD001170,CUST00875,2026-08-24,PRD009,2,49578.37,UPI,Delivered
ORD001171,CUST00136,2025-12-05,PRD003,1,40774.51,UPI,Delivered
ORD001172,CUST00449,2026-06-19,PRD008,1,2847.1,UPI,Delivered
ORD001173,CUST00942,2025-07-16,PRD006,2,2434.88,COD,Cancelled
ORD001174,CUST00529,2025-04-21,PRD010,2,3958.55,Debit Card,Delivered
ORD001175,CUST00669,2026-08-09,PRD009,1,24587.41,Net Banking,Delivered
ORD001176,CUST01066,2025-08-17,PRD011,1,9777.32,Credit Card,Returned
ORD001177,CUST00464,2026-02-13,PRD001,2,4662.21,Net Banking,Delivered
ORD001178,CUST00616,2025-09-06,PRD008,3,8143.44,Net Banking,Delivered
ORD001179,CUST00616,2025-04-24,PRD005,1,1718.95,Credit Card,Returned
ORD001180,CUST00510,2025-06-26,PRD008,1,2908.24,Net Banking,Delivered
ORD001181,CUST00744,2026-05-08,PRD007,3,2867.1,Debit Card,Delivered
ORD001182,CUST00167,2025-08-17,PRD004,1,3480.98,UPI,Delivered
ORD001183,CUST00643,2026-07-03,PRD001,2,4714.2,COD,Delivered
ORD001184,CUST00970,2025-05-28,PRD001,1,2278.64,Credit Card,Delivered
ORD001185,CUST00997,2026-02-24,PRD008,2,5641.31,Credit Card,Delivered
ORD001186,CUST00587,2025-06-08,PRD004,2,6533.41,Net Banking,Returned
ORD001187,CUST00670,2026-02-17,PRD010,2,3638.44,UPI,Returned
ORD001188,CUST00018,2025-04-16,PRD003,2,85108.62,Credit Card,Delivered
ORD001189,CUST00106,2025-05-21,PRD001,2,4564.91,Debit Card,Delivered
ORD001190,CUST00732,2025-04-10,PRD011,2,18328.61,Debit Card,Delivered
ORD001191,CUST00677,2026-03-25,PRD002,1,13622.61,UPI,Delivered
ORD001192,CUST00001,2026-06-28,PRD004,1,3437.48,COD,Returned
ORD001193,CUST00221,2026-01-28,PRD005,2,3539.3,UPI,Delivered
ORD001194,CUST00583,2025-04-12,PRD003,1,42364.32,Credit Card,Delivered
ORD001195,CUST01055,2026-04-12,PRD002,2,29065.16,UPI,Delivered
ORD001196,CUST00806,2025-04-22,PRD006,3,3691.5,COD,Delivered
ORD001197,CUST00735,2026-04-10,PRD009,1,24263.17,COD,Delivered
ORD001198,CUST00857,2025-08-07,PRD004,1,3222.77,COD,Delivered
ORD001199,CUST00305,2025-08-07,PRD012,1,1357.91,UPI,Delivered
ORD001200,CUST00303,2026-03-22,PRD002,2,29166.36,Debit Card,Delivered
ORD001201,CUST00682,2026-06-27,PRD012,1,1456.82,COD,Delivered
ORD001202,CUST00840,2025-09-27,PRD002,3,43519.48,Net Banking,Delivered
ORD001203,CUST00620,2026-04-12,PRD012,1,1447.46,Debit Card,Returned
ORD001204,CUST00321,2026-02-08,PRD007,1,903.99,Debit Card,Delivered
ORD001205,CUST00798,2025-09-25,PRD003,2,85710.36,Debit Card,Delivered
ORD001206,CUST00921,2025-05-01,PRD003,1,41740.78,Debit Card,Cancelled
ORD001207,CUST01161,2025-11-15,PRD012,1,1466.5,Debit Card,Delivered
ORD001208,CUST00852,2025-12-21,PRD002,2,28001.8,UPI,Returned
ORD001209,CUST00288,2025-07-26,PRD004,2,6967.95,Credit Card,Delivered
ORD001210,CUST00370,2025-09-12,PRD007,1,962.19,Debit Card,Cancelled
ORD001211,CUST00764,2025-10-07,PRD006,1,1269.33,Net Banking,Delivered
ORD001212,CUST00414,2026-06-08,PRD004,1,3379.57,Net Banking,Delivered
ORD001213,CUST00561,2025-10-31,PRD009,2,49966.16,Net Banking,Returned
ORD001214,CUST00403,2026-03-02,PRD007,3,2833.65,Net Banking,Returned
ORD001215,CUST01121,2026-07-06,PRD005,2,3402.43,Debit Card,Delivered
ORD001216,CUST00682,2025-06-06,PRD001,2,4980.55,UPI,Delivered
ORD001217,CUST00972,2025-09-13,PRD007,2,1919.83,Credit Card,Delivered
ORD001218,CUST00646,2026-05-20,PRD010,1,,UPI,Delivered
ORD001219,CUST00470,2025-09-17,PRD011,2,18528.88,Net Banking,Delivered
ORD001220,CUST00470,2025-10-27,PRD001,1,2361.37,COD,Delivered
ORD001221,CUST00005,2026-03-08,PRD007,1,979.26,Debit Card,Delivered
ORD001222,CUST01097,2025-11-30,PRD009,2,49340.76,Debit Card,Delivered
ORD001223,CUST00105,2026-08-28,PRD008,2,5794.84,Debit Card,Delivered
ORD001224,CUST00238,2026-02-19,PRD004,2,6528.15,Net Banking,Delivered
ORD001225,CUST00411,2025-06-15,PRD001,3,6993.78,Credit Card,Delivered
ORD001226,CUST00983,2025-04-14,PRD001,1,2436.38,Debit Card,Delivered
ORD001227,CUST00347,2026-08-05,PRD011,1,9414.63,COD,Delivered
ORD001228,CUST00418,2026-07-26,PRD012,1,1463.79,Debit Card,Delivered
ORD001229,CUST00634,2025-04-03,PRD009,3,68011.7,Credit Card,Delivered
ORD001230,CUST00249,2026-02-12,PRD001,1,2441.61,Debit Card,Delivered
ORD001231,CUST00367,2026-05-31,PRD002,2,28499.49,Net Banking,Delivered
ORD001232,CUST00953,2025-12-21,PRD009,1,24034.95,UPI,Delivered
ORD001233,CUST00730,2026-05-16,PRD002,1,14708.92,Net Banking,Delivered
ORD001234,CUST00513,2025-12-20,PRD012,1,1442.09,UPI,Delivered
ORD001235,CUST00130,2026-01-29,PRD003,1,40944.02,Net Banking,Delivered
ORD001236,CUST00398,2025-09-22,PRD008,3,8403.36,COD,Delivered
ORD001237,CUST00886,2025-07-15,PRD002,2,28205.5,Credit Card,Cancelled
ORD001238,CUST00390,2026-06-12,PRD010,3,5748.94,UPI,Delivered
ORD001239,CUST00465,2025-04-07,PRD011,2,18913.81,Debit Card,Delivered
ORD001240,CUST00756,2026-04-17,PRD004,1,3214.91,Net Banking,Delivered
ORD001241,CUST00728,2025-10-12,PRD001,3,7233.64,COD,Delivered
ORD001242,CUST00016,2026-09-10,PRD006,2,2557.22,Net Banking,Delivered
ORD001243,CUST01067,2025-05-02,PRD009,1,23682.63,Net Banking,Delivered
ORD001244,CUST01130,2025-05-01,PRD012,1,1470.64,Debit Card,Delivered
ORD001245,CUST00504,2026-08-08,PRD005,2,3343.78,UPI,Returned
ORD001246,CUST00113,2025-07-20,PRD005,3,4931.2,Debit Card,Delivered
ORD001247,CUST00778,2025-12-17,PRD003,1,40470.79,UPI,Delivered
ORD001248,CUST01088,2026-01-25,PRD006,1,1265.05,COD,Delivered
ORD001249,CUST00047,2026-01-11,PRD001,1,2426.98,Credit Card,Delivered
ORD001250,CUST01076,2025-11-01,PRD010,2,3743.14,UPI,Returned
ORD001251,CUST00542,2026-04-20,PRD006,1,1192.82,Credit Card,Returned
ORD001252,CUST01193,2026-06-21,PRD002,1,13966.3,Net Banking,Delivered
ORD001253,CUST01109,2025-12-30,PRD002,3,43095.26,Net Banking,Delivered
ORD001254,CUST00609,2025-04-17,PRD009,3,,UPI,Delivered
ORD001255,CUST00639,2025-12-01,PRD007,1,925.98,UPI,Delivered
ORD001256,CUST00281,2025-12-29,PRD002,1,14381.5,UPI,Delivered
ORD001257,CUST00977,2025-11-14,PRD001,2,4701.11,UPI,Returned
ORD001258,CUST00542,2025-08-13,PRD003,2,85095.23,Credit Card,Delivered
ORD001259,CUST00168,2026-06-15,PRD006,1,1288.37,UPI,Delivered
ORD001260,CUST00035,2025-08-26,PRD008,1,2737.09,Net Banking,Cancelled
ORD001261,CUST00489,2025-07-30,PRD007,1,986.52,Net Banking,Delivered
ORD001262,CUST00385,2025-07-30,PRD008,2,5655.95,Net Banking,Delivered
ORD001263,CUST00796,2026-05-09,PRD004,2,6393.52,Net Banking,Delivered
ORD001264,CUST00843,2025-10-02,PRD010,1,1922.32,UPI,Delivered
ORD001265,CUST00861,2025-11-22,PRD005,3,4858.08,UPI,Delivered
ORD001266,CUST00831,2026-04-29,PRD010,1,,Net Banking,Cancelled
ORD001267,CUST00378,2025-05-22,PRD011,2,19340.11,Credit Card,Delivered
ORD001268,CUST00083,2025-07-29,PRD004,1,3404.97,COD,Cancelled
ORD001269,CUST00273,2026-04-20,PRD004,1,3350.14,Credit Card,Delivered
ORD001270,CUST00227,2026-07-09,PRD012,1,1400.27,COD,Delivered
ORD001271,CUST00296,2025-10-02,PRD003,3,117687.11,Debit Card,Delivered
ORD001272,CUST00666,2025-09-27,PRD007,2,1934.13,COD,Delivered
ORD001273,CUST00413,2025-12-19,PRD011,1,9352.24,Credit Card,Delivered
ORD001274,CUST01004,2026-07-27,PRD008,1,2774.71,COD,Delivered
ORD001275,CUST00950,2026-03-08,PRD003,1,42283.88,COD,Cancelled
ORD001276,CUST01074,2026-02-10,PRD005,1,1777.65,Credit Card,Delivered
ORD001277,CUST00581,2025-11-18,PRD005,1,1621.58,Net Banking,Delivered
ORD001278,CUST00134,2025-11-02,PRD010,2,3855.77,COD,Delivered
ORD001279,CUST00412,2026-01-22,PRD012,1,1493.53,Debit Card,Returned
ORD001280,CUST00329,2026-06-10,PRD008,1,2739.13,Credit Card,Delivered
ORD001281,CUST00996,2025-05-27,PRD007,1,954.22,Credit Card,Delivered
ORD001282,CUST00225,2026-01-05,PRD005,3,4994.82,UPI,Delivered
ORD001283,CUST00557,2026-05-14,PRD011,2,19490.86,UPI,Cancelled
ORD001284,CUST00129,2025-10-27,PRD010,1,1855.63,Credit Card,Delivered
ORD001285,CUST01139,2026-01-30,PRD010,2,3810.06,Credit Card,Cancelled
ORD001286,CUST01018,2025-06-03,PRD009,1,,Net Banking,Delivered
ORD001287,CUST00860,2025-08-08,PRD010,1,1837.76,UPI,Delivered
ORD001288,CUST00628,2025-08-22,PRD012,2,2939.42,Net Banking,Delivered
ORD001289,CUST00409,2025-09-06,PRD011,2,19919.32,Net Banking,Delivered
ORD001290,CUST01156,2025-05-04,PRD006,1,1250.24,Credit Card,Delivered
ORD001291,CUST00666,2025-11-03,PRD001,1,2438.76,Net Banking,Delivered
ORD001292,CUST00683,2026-09-02,PRD008,1,2867.77,UPI,Delivered
ORD001293,CUST00212,2026-01-26,PRD010,1,1972.32,Credit Card,Delivered
ORD001294,CUST00957,2026-02-25,PRD007,2,1812.71,Net Banking,Delivered
ORD001295,CUST00904,2026-05-12,PRD012,1,1381.26,Debit Card,Delivered
ORD001296,CUST00199,2026-07-19,PRD001,1,2395.92,UPI,Delivered
ORD001297,CUST00575,2026-07-07,PRD011,2,19784.23,UPI,Returned
ORD001298,CUST00698,2025-03-29,PRD004,2,6861.83,Net Banking,Delivered
ORD001299,CUST01100,2025-05-25,PRD012,3,4155.77,COD,Delivered
ORD001300,CUST00568,2025-08-10,PRD009,1,24238.7,UPI,Delivered
ORD001301,CUST01003,2026-01-14,PRD004,2,6368.25,Net Banking,Returned
ORD001302,CUST01194,2026-08-05,PRD004,2,6597.09,Debit Card,Delivered
ORD001303,CUST00731,2026-04-26,PRD008,2,5414.33,UPI,Delivered
ORD001304,CUST01171,2025-05-28,PRD001,3,6876.3,Credit Card,Delivered
ORD001305,CUST00480,2025-04-08,PRD012,1,1378.46,Credit Card,Cancelled
ORD001306,CUST00405,2025-11-08,PRD003,1,41544.18,Credit Card,Delivered
ORD001307,CUST00276,2026-03-28,PRD001,1,2430.04,Debit Card,Cancelled
ORD001308,CUST00614,2026-09-06,PRD011,2,18124.72,Credit Card,Delivered
ORD001309,CUST00971,2025-05-31,PRD007,1,902.61,Credit Card,Delivered
ORD001310,CUST00861,2026-07-02,PRD002,1,13816.76,Credit Card,Cancelled
ORD001311,CUST00851,2026-07-30,PRD002,2,29435.84,Debit Card,Delivered
ORD001312,CUST01066,2026-07-22,PRD012,2,2857.35,Net Banking,Returned
ORD001313,CUST01200,2025-09-28,PRD006,2,2597.28,Net Banking,Delivered
ORD001314,CUST01162,2025-10-24,PRD004,2,6725.74,COD,Delivered
ORD001315,CUST00572,2026-01-15,PRD006,1,1289.42,UPI,Delivered
ORD001316,CUST00402,2026-04-09,PRD007,1,,UPI,Delivered
ORD001317,CUST01191,2025-05-24,PRD002,3,40739.35,Net Banking,Delivered
ORD001318,CUST00232,2026-07-18,PRD009,2,48246.35,Credit Card,Delivered
ORD001319,CUST00109,2026-07-19,PRD009,1,23078.58,Credit Card,Delivered
ORD001320,CUST00493,2026-02-03,PRD001,2,4769.93,UPI,Returned
ORD001321,CUST00495,2026-02-16,PRD009,2,47623.47,UPI,Delivered
ORD001322,CUST00532,2026-09-08,PRD005,1,1768.08,UPI,Delivered
ORD001323,CUST00876,2025-04-14,PRD008,1,2936.03,UPI,Delivered
ORD001324,CUST01061,2026-04-23,PRD003,2,81028.37,Net Banking,Delivered
ORD001325,CUST00165,2025-09-28,PRD012,1,1451.23,Debit Card,Delivered
ORD001326,CUST00062,2025-11-18,PRD001,1,2442.85,UPI,Cancelled
ORD001327,CUST00063,2025-10-27,PRD002,1,14612.32,Net Banking,Delivered
ORD001328,CUST00167,2025-11-18,PRD002,3,44785.91,UPI,Delivered
ORD001329,CUST00900,2026-06-14,PRD009,3,73403.06,Net Banking,Delivered
ORD001330,CUST00053,2025-08-24,PRD012,1,1396.0,UPI,Delivered
ORD001331,CUST01033,2025-12-03,PRD011,1,9259.88,UPI,Cancelled
ORD001332,CUST01118,2025-06-01,PRD003,2,82042.21,Debit Card,Delivered
ORD001333,CUST01006,2025-06-28,PRD009,1,24559.91,Debit Card,Delivered
ORD001334,CUST01027,2026-05-08,PRD010,1,1892.83,Net Banking,Delivered
ORD001335,CUST00891,2026-07-28,PRD008,1,2713.75,Debit Card,Delivered
ORD001336,CUST00504,2026-08-08,PRD007,1,907.96,Net Banking,Delivered
ORD001337,CUST00564,2025-05-05,PRD009,1,23906.55,Credit Card,Delivered
ORD001338,CUST00846,2026-07-17,PRD003,1,42958.87,Debit Card,Delivered
ORD001339,CUST00101,2026-02-04,PRD006,1,1271.09,COD,Returned
ORD001340,CUST00086,2025-10-06,PRD009,3,71020.43,COD,Delivered
ORD001341,CUST00426,2026-03-06,PRD004,2,6728.02,COD,Delivered
ORD001342,CUST00728,2025-10-11,PRD001,2,4974.56,Net Banking,Cancelled
ORD001343,CUST00379,2025-11-12,PRD003,1,42147.59,UPI,Delivered
ORD001344,CUST00803,2025-12-20,PRD005,2,3438.17,Net Banking,Delivered
ORD001345,CUST00011,2026-02-01,PRD005,3,5376.57,Credit Card,Cancelled
ORD001346,CUST01122,2026-08-13,PRD008,2,5547.56,Credit Card,Returned
ORD001347,CUST00775,2025-05-12,PRD012,1,1358.72,Debit Card,Delivered
ORD001348,CUST00497,2025-08-28,PRD003,3,125083.81,Net Banking,Delivered
ORD001349,CUST00605,2025-09-21,PRD012,1,1445.81,Debit Card,Delivered
ORD001350,CUST00835,2026-01-19,PRD005,1,1777.31,Credit Card,Delivered
ORD001351,CUST00755,2026-07-18,PRD012,3,4241.07,UPI,Returned
ORD001352,CUST00635,2026-01-28,PRD005,1,1626.44,COD,Delivered
ORD001353,CUST00598,2026-06-19,PRD011,2,19890.29,Debit Card,Delivered
ORD001354,CUST00596,2025-11-06,PRD001,1,2306.35,Debit Card,Delivered
ORD001355,CUST00697,2025-09-11,PRD009,3,68934.78,UPI,Delivered
ORD001356,CUST00174,2025-09-09,PRD008,2,5873.3,Debit Card,Delivered
ORD001357,CUST01051,2025-06-25,PRD010,2,3965.24,Credit Card,Delivered
ORD001358,CUST00224,2025-06-06,PRD006,1,1234.18,Credit Card,Delivered
ORD001359,CUST00565,2026-06-03,PRD006,3,3688.78,UPI,Delivered
ORD001360,CUST00697,2026-04-21,PRD001,1,2263.48,Debit Card,Delivered
ORD001361,CUST00490,2026-09-06,PRD004,1,3416.79,Debit Card,Delivered
ORD001362,CUST00398,2025-07-12,PRD009,1,24707.71,UPI,Delivered
ORD001363,CUST00809,2025-12-26,PRD012,1,1469.91,UPI,Returned
ORD001364,CUST00194,2026-01-25,PRD012,2,2838.04,UPI,Delivered
ORD001365,CUST01115,2026-02-16,PRD001,2,4618.7,UPI,Delivered
ORD001366,CUST00406,2025-05-13,PRD008,1,2892.24,Credit Card,Delivered
ORD001367,CUST00081,2025-08-21,PRD007,1,994.63,Net Banking,Cancelled
ORD001368,CUST01035,2025-05-24,PRD008,1,2727.68,Net Banking,Delivered
ORD001369,CUST00834,2025-08-15,PRD009,3,74185.71,UPI,Returned
ORD001370,CUST00379,2025-11-13,PRD004,1,3159.39,UPI,Delivered
ORD001371,CUST00686,2026-07-12,PRD007,1,982.78,Net Banking,Delivered
ORD001372,CUST00027,2025-08-23,PRD004,3,9943.04,COD,Delivered
ORD001373,CUST00541,2026-07-29,PRD012,1,1438.45,COD,Returned
ORD001374,CUST00007,2026-09-05,PRD010,3,5617.93,Debit Card,Delivered
ORD001375,CUST00275,2026-05-01,PRD001,1,2266.82,UPI,Delivered
ORD001376,CUST01078,2026-08-02,PRD011,2,19076.55,Credit Card,Delivered
ORD001377,CUST00474,2026-03-15,PRD007,2,1965.65,Net Banking,Delivered
ORD001378,CUST00286,2025-06-05,PRD007,1,971.32,Credit Card,Delivered
ORD001379,CUST01036,2025-07-10,PRD003,1,39881.66,Debit Card,Delivered
ORD001380,CUST00857,2026-06-16,PRD002,1,13553.82,Debit Card,Delivered
ORD001381,CUST00267,2026-05-02,PRD009,2,48733.78,Debit Card,Delivered
ORD001382,CUST00044,2025-04-04,PRD006,1,1220.48,COD,Delivered
ORD001383,CUST00095,2026-07-21,PRD009,3,73094.65,COD,Delivered
ORD001384,CUST00037,2026-08-21,PRD001,1,2262.94,Credit Card,Returned
ORD001385,CUST00740,2026-01-06,PRD007,2,1815.86,UPI,Returned
ORD001386,CUST00792,2026-05-26,PRD003,3,120230.08,Credit Card,Delivered
ORD001387,CUST00205,2025-03-24,PRD003,1,40163.36,UPI,Delivered
ORD001388,CUST00881,2026-06-13,PRD009,2,47858.29,COD,Delivered
ORD001389,CUST00994,2025-04-03,PRD007,2,1826.69,Credit Card,Delivered
ORD001390,CUST01075,2025-07-08,PRD005,1,1626.36,Credit Card,Cancelled
ORD001391,CUST00623,2026-08-11,PRD009,1,24961.87,Credit Card,Cancelled
ORD001392,CUST00702,2026-01-23,PRD005,1,1739.11,Net Banking,Delivered
ORD001393,CUST01083,2026-04-20,PRD003,2,79408.38,Debit Card,Delivered
ORD001394,CUST00255,2025-12-27,PRD001,1,2361.94,UPI,Delivered
ORD001395,CUST00098,2026-06-12,PRD009,1,23951.15,UPI,Delivered
ORD001396,CUST00593,2025-08-27,PRD005,2,3243.88,COD,Delivered
ORD001397,CUST00523,2025-05-19,PRD010,1,1918.61,Net Banking,Delivered
ORD001398,CUST00862,2026-04-06,PRD010,2,3945.86,Debit Card,Returned
ORD001399,CUST01132,2026-06-20,PRD011,2,19490.09,COD,Cancelled
ORD001400,CUST00184,2025-11-15,PRD009,1,24457.85,Net Banking,Delivered
ORD001401,CUST00787,2025-11-09,PRD011,2,18658.84,UPI,Delivered
ORD001402,CUST00603,2025-08-10,PRD001,2,4782.83,Credit Card,Returned
ORD001403,CUST00359,2026-06-30,PRD004,1,3422.14,Credit Card,Delivered
ORD001404,CUST00603,2026-09-08,PRD003,2,82212.79,UPI,Delivered
ORD001405,CUST00836,2026-04-20,PRD010,3,5731.88,Credit Card,Delivered
ORD001406,CUST00816,2025-05-22,PRD011,1,9416.76,UPI,Delivered
ORD001407,CUST00906,2025-09-28,PRD003,3,123342.54,Credit Card,Delivered
ORD001408,CUST01065,2025-05-02,PRD010,1,1931.54,Debit Card,Delivered
ORD001409,CUST00500,2026-05-23,PRD009,1,23901.93,UPI,Delivered
ORD001410,CUST00584,2026-04-17,PRD001,1,2470.83,UPI,Delivered
ORD001411,CUST00292,2025-09-13,PRD012,2,2800.53,Net Banking,Delivered
ORD001412,CUST00302,2025-12-19,PRD007,2,1906.99,Credit Card,Cancelled
ORD001413,CUST00890,2025-08-17,PRD011,1,9549.66,Net Banking,Delivered
ORD001414,CUST00775,2026-02-24,PRD006,2,2578.12,Credit Card,Delivered
ORD001415,CUST00031,2025-12-22,PRD009,2,45489.44,Credit Card,Returned
ORD001416,CUST00390,2026-05-14,PRD009,1,24950.19,UPI,Delivered
ORD001417,CUST00516,2026-04-06,PRD004,1,3201.22,Net Banking,Delivered
ORD001418,CUST00637,2025-09-06,PRD009,1,22600.5,UPI,Delivered
ORD001419,CUST00337,2026-08-02,PRD008,1,2899.35,Net Banking,Delivered
ORD001420,CUST00890,2025-11-10,PRD010,2,3753.84,UPI,Delivered
ORD001421,CUST00240,2026-08-06,PRD007,2,1814.43,Credit Card,Delivered
ORD001422,CUST00686,2026-05-23,PRD001,1,2342.86,UPI,Delivered
ORD001423,CUST00572,2025-09-08,PRD002,1,13608.84,Debit Card,Delivered
ORD001424,CUST00112,2026-06-18,PRD008,2,5915.77,Net Banking,Cancelled
ORD001425,CUST00402,2026-03-13,PRD010,2,3848.87,UPI,Delivered
ORD001426,CUST00755,2026-07-07,PRD004,3,9464.95,COD,Delivered
ORD001427,CUST00903,2025-04-09,PRD008,2,5495.55,COD,Delivered
ORD001428,CUST00287,2026-02-26,PRD012,2,2821.61,Credit Card,Cancelled
ORD001429,CUST00816,2025-03-25,PRD003,1,42133.29,COD,Delivered
ORD001430,CUST00972,2025-06-02,PRD007,1,955.59,Net Banking,Delivered
ORD001431,CUST00137,2025-10-10,PRD005,1,1713.36,Net Banking,Delivered
ORD001432,CUST00539,2026-08-12,PRD002,1,14179.85,UPI,Delivered
ORD001433,CUST00272,2026-03-19,PRD006,1,1191.35,Debit Card,Cancelled
ORD001434,CUST00822,2025-08-11,PRD002,2,27235.64,UPI,Delivered
ORD001435,CUST00420,2025-06-10,PRD003,3,123874.88,UPI,Delivered
ORD001436,CUST00778,2026-06-03,PRD002,1,13856.04,Net Banking,Cancelled
ORD001437,CUST00651,2026-04-21,PRD003,2,82329.63,Debit Card,Delivered
ORD001438,CUST00771,2025-08-20,PRD002,1,13610.6,Net Banking,Delivered
ORD001439,CUST00608,2025-07-06,PRD005,1,1749.7,Credit Card,Delivered
ORD001440,CUST01186,2026-07-06,PRD006,1,1220.49,Net Banking,Delivered
ORD001441,CUST00089,2026-08-16,PRD002,2,29982.79,Credit Card,Delivered
ORD001442,CUST00926,2026-06-26,PRD004,3,9553.97,COD,Delivered
ORD001443,CUST01095,2026-04-29,PRD002,1,14610.4,COD,Delivered
ORD001444,CUST01052,2025-03-22,PRD003,1,42285.04,UPI,Delivered
ORD001445,CUST01007,2025-04-26,PRD010,2,3639.11,Credit Card,Returned
ORD001446,CUST00535,2026-01-16,PRD009,2,47728.72,COD,Delivered
ORD001447,CUST00897,2025-07-11,PRD004,2,6460.29,Net Banking,Returned
ORD001448,CUST00498,2025-06-25,PRD002,2,29042.66,Debit Card,Delivered
ORD001449,CUST00837,2025-11-01,PRD001,1,2436.59,UPI,Delivered
ORD001450,CUST01010,2025-08-10,PRD012,2,2889.07,COD,Delivered
ORD001451,CUST00244,2025-10-12,PRD008,2,5639.72,COD,Cancelled
ORD001452,CUST00484,2026-01-30,PRD007,2,1827.48,UPI,Cancelled
ORD001453,CUST00748,2026-02-28,PRD001,2,4540.36,Credit Card,Delivered
ORD001454,CUST00370,2025-12-07,PRD004,3,10154.68,UPI,Delivered
ORD001455,CUST00806,2026-03-10,PRD011,3,29328.93,Net Banking,Delivered
ORD001456,CUST00917,2025-06-26,PRD002,3,43059.57,UPI,Delivered
ORD001457,CUST01071,2025-08-30,PRD011,1,9569.66,Debit Card,Delivered
ORD001458,CUST01163,2025-07-24,PRD007,2,1988.99,Net Banking,Cancelled
ORD001459,CUST01092,2025-08-25,PRD009,3,70721.88,Net Banking,Delivered
ORD001460,CUST01110,2025-12-07,PRD005,2,3581.12,Credit Card,Returned
ORD001461,CUST00078,2026-05-25,PRD006,1,1258.96,Credit Card,Delivered
ORD001462,CUST01111,2025-10-18,PRD007,3,2904.51,Net Banking,Delivered
ORD001463,CUST00598,2025-09-29,PRD011,1,9604.64,Net Banking,Delivered
ORD001464,CUST01049,2025-12-05,PRD009,3,68127.38,Debit Card,Delivered
ORD001465,CUST00926,2025-05-12,PRD011,2,19922.87,UPI,Delivered
ORD001466,CUST00904,2025-05-20,PRD002,1,13852.0,Net Banking,Delivered
ORD001467,CUST00823,2026-07-09,PRD008,2,5721.65,Credit Card,Delivered
ORD001468,CUST00054,2026-05-02,PRD010,2,3910.14,Net Banking,Delivered
ORD001469,CUST00131,2025-08-23,PRD012,3,4254.79,Net Banking,Delivered
ORD001470,CUST01090,2026-08-26,PRD008,2,5912.24,Net Banking,Delivered
ORD001471,CUST00894,2025-09-12,PRD009,2,45767.75,Credit Card,Cancelled
ORD001472,CUST00656,2026-03-13,PRD009,2,49968.96,UPI,Delivered
ORD001473,CUST01090,2025-05-22,PRD006,3,3662.63,Credit Card,Delivered
ORD001474,CUST00487,2025-11-26,PRD006,1,1283.8,Debit Card,Delivered
ORD001475,CUST00800,2025-09-09,PRD007,3,2902.78,Net Banking,Delivered
ORD001476,CUST00079,2025-05-21,PRD001,3,6956.91,Net Banking,Delivered
ORD001477,CUST00361,2026-04-01,PRD012,1,1389.32,Credit Card,Returned
ORD001478,CUST01073,2026-04-05,PRD007,2,1837.38,Debit Card,Delivered
ORD001479,CUST00603,2026-05-12,PRD003,3,128373.17,Net Banking,Delivered
ORD001480,CUST01180,2025-12-07,PRD005,2,3318.15,Credit Card,Returned
ORD001481,CUST01119,2026-05-29,PRD010,1,1831.97,UPI,Delivered
ORD001482,CUST00672,2025-12-10,PRD003,2,83610.87,COD,Cancelled
ORD001483,CUST00365,2025-10-29,PRD006,2,2487.7,COD,Delivered
ORD001484,CUST00518,2025-07-25,PRD004,3,10003.37,Debit Card,Delivered
ORD001485,CUST00210,2025-08-25,PRD004,2,6795.49,Debit Card,Delivered
ORD001486,CUST00750,2025-12-20,PRD001,3,6944.36,COD,Delivered
ORD001487,CUST01145,2026-07-14,PRD006,1,1267.3,Debit Card,Delivered
ORD001488,CUST00536,2026-05-17,PRD004,1,3368.88,UPI,Delivered
ORD001489,CUST01050,2025-04-22,PRD010,1,1821.73,COD,Delivered
ORD001490,CUST00992,2026-05-11,PRD003,1,42281.02,Debit Card,Delivered
ORD001491,CUST01192,2025-08-09,PRD004,1,3179.19,Debit Card,Cancelled
ORD001492,CUST00431,2025-09-08,PRD007,1,928.44,UPI,Delivered
ORD001493,CUST00670,2025-10-18,PRD006,1,1263.79,Debit Card,Delivered
ORD001494,CUST00440,2025-11-14,PRD007,2,1988.13,UPI,Cancelled
ORD001495,CUST00488,2025-10-22,PRD007,2,1807.35,Net Banking,Returned
ORD001496,CUST00545,2026-07-26,PRD003,3,126447.79,Debit Card,Returned
ORD001497,CUST00179,2025-08-12,PRD001,1,2344.79,Net Banking,Delivered
ORD001498,CUST00250,2026-04-18,PRD012,2,2866.53,Net Banking,Delivered
ORD001499,CUST00270,2025-09-20,PRD008,1,,Net Banking,Delivered
ORD001500,CUST01079,2026-06-06,PRD009,1,24724.47,Debit Card,Delivered
ORD001501,CUST01142,2025-09-03,PRD007,2,1863.03,Net Banking,Delivered
ORD001502,CUST01038,2025-10-28,PRD007,2,,Credit Card,Delivered
ORD001503,CUST00284,2026-01-24,PRD008,3,8400.76,Debit Card,Delivered
ORD001504,CUST01109,2025-06-18,PRD011,1,9421.02,Debit Card,Cancelled
ORD001505,CUST00650,2025-07-10,PRD012,2,2848.71,Debit Card,Delivered
ORD001506,CUST00244,2026-02-21,PRD002,3,41992.53,Credit Card,Delivered
ORD001507,CUST00013,2026-08-14,PRD001,1,2325.78,Credit Card,Delivered
ORD001508,CUST00165,2026-02-15,PRD011,1,9235.5,UPI,Delivered
ORD001509,CUST00668,2025-09-15,PRD006,1,1211.18,COD,Delivered
ORD001510,CUST00070,2026-02-10,PRD009,1,23563.26,Credit Card,Delivered
ORD001511,CUST00206,2025-03-31,PRD005,1,1712.61,Net Banking,Delivered
ORD001512,CUST00785,2026-04-15,PRD007,2,1941.4,Credit Card,Delivered
ORD001513,CUST01024,2026-05-28,PRD012,1,1483.84,COD,Delivered
ORD001514,CUST00600,2025-05-08,PRD011,2,18010.93,Debit Card,Delivered
ORD001515,CUST01056,2026-04-05,PRD012,3,4213.16,Credit Card,Delivered
ORD001516,CUST00143,2026-07-26,PRD009,1,22931.27,Net Banking,Returned
ORD001517,CUST00217,2026-05-09,PRD012,1,1358.53,Credit Card,Delivered
ORD001518,CUST00294,2026-01-13,PRD011,1,9623.11,UPI,Delivered
ORD001519,CUST00773,2026-03-09,PRD012,1,1426.99,COD,Returned
ORD001520,CUST00538,2025-12-26,PRD008,1,2864.87,Debit Card,Delivered
ORD001521,CUST00050,2025-10-02,PRD009,1,23509.12,UPI,Cancelled
ORD001522,CUST00934,2025-07-06,PRD003,1,40763.39,Debit Card,Returned
ORD001523,CUST00534,2025-06-13,PRD012,1,1388.92,Credit Card,Delivered
ORD001524,CUST00777,2026-01-04,PRD003,2,80196.87,Net Banking,Delivered
ORD001525,CUST00185,2026-06-28,PRD009,3,70365.28,Net Banking,Cancelled
ORD001526,CUST00494,2025-07-22,PRD012,1,1431.45,Credit Card,Delivered
ORD001527,CUST00901,2026-05-27,PRD002,3,40782.23,Credit Card,Delivered
ORD001528,CUST00407,2026-07-25,PRD008,3,8930.24,Net Banking,Cancelled
ORD001529,CUST00382,2025-09-16,PRD001,1,2287.88,Net Banking,Delivered
ORD001530,CUST00439,2025-07-15,PRD012,2,2984.61,COD,Returned
ORD001531,CUST00670,2026-04-21,PRD011,2,18604.54,Net Banking,Delivered
ORD001532,CUST01128,2026-08-10,PRD003,1,40097.01,Debit Card,Returned
ORD001533,CUST00501,2025-04-09,PRD010,2,3820.47,Debit Card,Delivered
ORD001534,CUST00547,2025-03-31,PRD007,1,963.5,COD,Delivered
ORD001535,CUST00449,2026-08-10,PRD003,2,85498.34,Net Banking,Delivered
ORD001536,CUST00682,2025-05-15,PRD005,1,1790.56,COD,Delivered
ORD001537,CUST00239,2025-10-21,PRD003,2,84690.35,Net Banking,Delivered
ORD001538,CUST00899,2025-12-07,PRD001,1,2359.09,Credit Card,Delivered
ORD001539,CUST00114,2025-06-13,PRD006,1,1246.51,Net Banking,Delivered
ORD001540,CUST01020,2025-08-30,PRD012,1,1455.22,Debit Card,Delivered
ORD001541,CUST00284,2025-07-23,PRD010,2,3805.67,Credit Card,Delivered
ORD001542,CUST00306,2026-05-12,PRD001,3,6821.19,Debit Card,Cancelled
ORD001543,CUST00814,2025-08-01,PRD012,3,4293.73,Credit Card,Returned
ORD001544,CUST00078,2025-08-15,PRD001,1,2371.29,COD,Cancelled
ORD001545,CUST01063,2025-05-26,PRD009,2,47189.96,Credit Card,Returned
ORD001546,CUST00763,2026-05-18,PRD011,2,18471.74,Net Banking,Delivered
ORD001547,CUST00808,2026-03-09,PRD001,1,2318.6,Debit Card,Delivered
ORD001548,CUST00484,2025-05-30,PRD007,3,2868.93,Net Banking,Delivered
ORD001549,CUST00657,2026-04-24,PRD002,2,29503.59,Credit Card,Delivered
ORD001550,CUST00431,2025-08-13,PRD012,2,2958.3,UPI,Returned
ORD001551,CUST00306,2025-05-05,PRD011,2,19851.74,Net Banking,Delivered
ORD001552,CUST00714,2025-04-29,PRD011,1,9197.92,Debit Card,Delivered
ORD001553,CUST01048,2026-04-14,PRD004,1,3217.8,UPI,Delivered
ORD001554,CUST01181,2026-05-06,PRD007,2,1935.42,COD,Delivered
ORD001555,CUST00191,2025-10-31,PRD010,1,1808.78,Credit Card,Delivered
ORD001556,CUST00311,2025-03-28,PRD002,1,14799.11,COD,Delivered
ORD001557,CUST00840,2026-06-12,PRD008,3,8200.91,UPI,Delivered
ORD001558,CUST00238,2026-02-10,PRD002,2,27386.68,Credit Card,Delivered
ORD001559,CUST00086,2025-06-10,PRD002,2,28337.58,Debit Card,Cancelled
ORD001560,CUST01084,2026-04-22,PRD008,1,2885.93,Credit Card,Delivered
ORD001561,CUST00076,2026-05-23,PRD005,2,3375.03,Credit Card,Delivered
ORD001562,CUST01099,2025-07-03,PRD001,3,7235.07,Debit Card,Delivered
ORD001563,CUST01067,2026-02-11,PRD002,1,,UPI,Cancelled
ORD001564,CUST00185,2025-09-05,PRD005,1,1741.98,Net Banking,Cancelled
ORD001565,CUST00288,2025-09-11,PRD006,1,1211.53,Credit Card,Delivered
ORD001566,CUST00308,2025-12-22,PRD010,1,1802.52,Net Banking,Delivered
ORD001567,CUST00397,2025-04-02,PRD012,1,1401.56,COD,Delivered
ORD001568,CUST00136,2025-08-15,PRD012,3,4409.47,Credit Card,Delivered
ORD001569,CUST01166,2025-07-08,PRD010,1,1937.94,COD,Delivered
ORD001570,CUST00035,2025-08-10,PRD002,1,13677.06,Debit Card,Delivered
ORD001571,CUST00391,2026-03-10,PRD007,1,953.01,COD,Delivered
ORD001572,CUST00629,2025-11-30,PRD003,1,39814.31,UPI,Returned
ORD001573,CUST00320,2025-08-25,PRD001,1,2481.55,COD,Delivered
ORD001574,CUST00253,2025-05-10,PRD006,2,2398.16,COD,Delivered
ORD001575,CUST00570,2026-08-25,PRD001,1,2264.47,UPI,Delivered
ORD001576,CUST00884,2026-01-17,PRD007,2,1843.79,Credit Card,Delivered
ORD001577,CUST00577,2025-12-07,PRD009,3,68300.07,Debit Card,Delivered
ORD001578,CUST00535,2026-07-24,PRD003,3,116195.05,Debit Card,Delivered
ORD001579,CUST00067,2026-01-02,PRD004,1,3364.69,COD,Delivered
ORD001580,CUST01017,2025-07-31,PRD010,3,5651.09,Debit Card,Delivered
ORD001581,CUST00133,2025-03-30,PRD006,2,2540.42,Debit Card,Delivered
ORD001582,CUST00762,2025-12-14,PRD005,2,3578.49,Debit Card,Returned
ORD001583,CUST00983,2025-10-19,PRD002,1,13875.72,COD,Returned
ORD001584,CUST00006,2025-10-08,PRD002,1,14652.76,Net Banking,Delivered
ORD001585,CUST00252,2026-01-10,PRD001,1,2476.88,COD,Delivered
ORD001586,CUST01135,2025-05-18,PRD004,1,3245.73,UPI,Delivered
ORD001587,CUST01002,2025-07-19,PRD003,2,82079.7,Net Banking,Delivered
ORD001588,CUST00200,2026-08-29,PRD012,3,4095.6,Net Banking,Delivered
ORD001589,CUST00063,2025-10-21,PRD012,1,1454.68,COD,Delivered
ORD001590,CUST00173,2025-07-24,PRD004,2,6615.18,Credit Card,Delivered
ORD001591,CUST00111,2025-10-06,PRD008,3,8169.01,UPI,Delivered
ORD001592,CUST00590,2026-01-19,PRD006,2,2466.03,Credit Card,Delivered
ORD001593,CUST00821,2026-03-03,PRD003,1,38805.7,Net Banking,Cancelled
ORD001594,CUST00892,2025-09-16,PRD003,1,40969.97,Debit Card,Delivered
ORD001595,CUST00916,2026-06-01,PRD007,3,2773.35,UPI,Delivered
ORD001596,CUST00419,2026-08-29,PRD002,2,27595.05,Credit Card,Delivered
ORD001597,CUST00825,2025-05-11,PRD003,2,84607.68,COD,Delivered
ORD001598,CUST00895,2025-06-20,PRD003,1,38974.61,Credit Card,Delivered
ORD001599,CUST00284,2026-07-01,PRD012,2,2715.46,Debit Card,Delivered
ORD001600,CUST00826,2025-12-10,PRD007,2,1991.02,Net Banking,Delivered
ORD001601,CUST00052,2025-08-02,PRD002,1,14381.81,COD,Delivered
ORD001602,CUST00255,2025-06-05,PRD005,1,1736.95,Net Banking,Delivered
ORD001603,CUST00484,2026-02-16,PRD009,2,48572.57,Debit Card,Delivered
ORD001604,CUST01176,2025-12-01,PRD001,1,2498.37,UPI,Delivered
ORD001605,CUST00649,2026-04-15,PRD003,1,41317.09,UPI,Delivered
ORD001606,CUST00619,2026-01-20,PRD005,3,5300.78,COD,Returned
ORD001607,CUST01084,2025-07-24,PRD008,3,8155.89,COD,Delivered
ORD001608,CUST01026,2026-05-09,PRD008,3,8470.29,Net Banking,Delivered
ORD001609,CUST01140,2025-08-04,PRD012,1,1485.22,UPI,Delivered
ORD001610,CUST00305,2025-09-05,PRD004,2,6332.56,COD,Delivered
ORD001611,CUST01170,2025-09-19,PRD005,1,1650.44,Debit Card,Delivered
ORD001612,CUST00895,2025-06-10,PRD003,1,42857.28,Net Banking,Cancelled
ORD001613,CUST00293,2025-09-10,PRD005,2,3279.2,Net Banking,Delivered
ORD001614,CUST00914,2026-01-20,PRD001,1,2476.78,Credit Card,Cancelled
ORD001615,CUST00883,2025-10-26,PRD011,1,9466.32,Net Banking,Delivered
ORD001616,CUST00944,2025-03-24,PRD009,1,23525.91,Credit Card,Delivered
ORD001617,CUST00057,2026-03-28,PRD011,3,27282.51,Net Banking,Delivered
ORD001618,CUST00172,2026-05-02,PRD004,1,3411.85,Net Banking,Delivered
ORD001619,CUST01051,2026-05-24,PRD010,2,3910.06,COD,Returned
ORD001620,CUST00301,2026-01-09,PRD002,1,14942.78,Net Banking,Delivered
ORD001621,CUST01032,2025-09-06,PRD011,2,19853.62,Net Banking,Delivered
ORD001622,CUST00063,2026-03-08,PRD002,2,29680.51,Debit Card,Delivered
ORD001623,CUST01096,2025-09-10,PRD003,1,40639.61,Debit Card,Cancelled
ORD001624,CUST01069,2026-04-07,PRD009,3,71780.29,COD,Delivered
ORD001625,CUST01039,2025-12-23,PRD006,2,2478.26,UPI,Delivered
ORD001626,CUST00053,2026-06-27,PRD005,2,3408.86,COD,Delivered
ORD001627,CUST00192,2026-09-08,PRD003,1,39065.14,Net Banking,Delivered
ORD001628,CUST00826,2025-05-03,PRD002,3,44700.69,Net Banking,Delivered
ORD001629,CUST01024,2025-05-16,PRD011,2,18328.87,COD,Delivered
ORD001630,CUST01147,2026-04-02,PRD009,1,24379.42,Net Banking,Delivered
ORD001631,CUST00978,2025-10-09,PRD011,3,27126.69,Debit Card,Delivered
ORD001632,CUST00470,2026-05-03,PRD012,1,1467.59,Net Banking,Delivered
ORD001633,CUST00868,2025-06-16,PRD002,1,14240.58,Net Banking,Delivered
ORD001634,CUST00509,2026-04-29,PRD003,2,85084.38,Net Banking,Delivered
ORD001635,CUST01144,2025-06-18,PRD004,1,3272.98,COD,Cancelled
ORD001636,CUST01190,2025-11-12,PRD011,3,27542.42,UPI,Delivered
ORD001637,CUST00864,2026-08-27,PRD012,3,4321.54,COD,Delivered
ORD001638,CUST01120,2025-04-11,PRD004,3,10089.51,UPI,Delivered
ORD001639,CUST00545,2025-11-05,PRD008,2,5437.04,UPI,Delivered
ORD001640,CUST00314,2025-06-21,PRD009,1,22854.93,Debit Card,Delivered
ORD001641,CUST01188,2026-05-28,PRD004,3,10016.89,Credit Card,Delivered
ORD001642,CUST00001,2025-12-09,PRD009,2,48891.37,Debit Card,Delivered
ORD001643,CUST01095,2026-04-29,PRD007,2,1843.74,UPI,Delivered
ORD001644,CUST00893,2026-01-10,PRD003,1,39349.84,Net Banking,Delivered
ORD001645,CUST00912,2025-10-22,PRD010,2,3607.02,UPI,Delivered
ORD001646,CUST00183,2025-08-28,PRD005,1,1768.36,Net Banking,Delivered
ORD001647,CUST00509,2025-11-11,PRD006,3,3741.0,Credit Card,Cancelled
ORD001648,CUST00419,2025-08-26,PRD012,2,2762.16,COD,Delivered
ORD001649,CUST00001,2026-07-31,PRD006,1,1174.79,Debit Card,Delivered
ORD001650,CUST00658,2026-03-21,PRD009,2,46660.39,UPI,Delivered
ORD001651,CUST00340,2025-12-28,PRD006,1,1233.48,Debit Card,Cancelled
ORD001652,CUST00256,2026-02-16,PRD010,1,1929.09,Credit Card,Delivered
ORD001653,CUST00593,2025-10-07,PRD005,1,1694.01,UPI,Cancelled
ORD001654,CUST00963,2026-03-07,PRD012,2,2977.42,UPI,Returned
ORD001655,CUST01057,2025-06-05,PRD003,3,123040.44,Net Banking,Delivered
ORD001656,CUST00086,2025-12-28,PRD009,2,48645.48,COD,Delivered
ORD001657,CUST00946,2025-07-09,PRD009,1,22698.14,Debit Card,Delivered
ORD001658,CUST00848,2026-02-15,PRD009,1,24598.35,Net Banking,Cancelled
ORD001659,CUST00379,2026-04-10,PRD007,3,2776.73,COD,Delivered
ORD001660,CUST01103,2025-12-26,PRD010,1,1915.4,Net Banking,Delivered
ORD001661,CUST01126,2025-08-03,PRD008,1,2813.41,Debit Card,Delivered
ORD001662,CUST00185,2025-11-25,PRD006,1,1296.26,UPI,Delivered
ORD001663,CUST00227,2026-08-08,PRD002,2,,Credit Card,Delivered
ORD001664,CUST00120,2026-08-03,PRD011,2,18490.94,COD,Delivered
ORD001665,CUST00092,2026-04-13,PRD006,1,1179.31,UPI,Delivered
ORD001666,CUST00466,2026-06-24,PRD010,2,3820.18,COD,Cancelled
ORD001667,CUST00425,2025-06-02,PRD007,1,996.59,Credit Card,Delivered
ORD001668,CUST00205,2025-12-29,PRD009,2,46860.07,UPI,Delivered
ORD001669,CUST00777,2026-06-11,PRD008,1,2877.28,Net Banking,Delivered
ORD001670,CUST00617,2025-03-26,PRD003,1,41194.61,Credit Card,Delivered
ORD001671,CUST00097,2025-10-31,PRD005,2,3483.73,Debit Card,Delivered
ORD001672,CUST01141,2025-06-10,PRD010,2,3762.3,Debit Card,Delivered
ORD001673,CUST00893,2025-04-26,PRD005,1,1761.31,Debit Card,Delivered
ORD001674,CUST00645,2026-08-30,PRD007,1,943.37,Net Banking,Delivered
ORD001675,CUST00060,2025-09-05,PRD010,2,3721.55,Debit Card,Cancelled
ORD001676,CUST00453,2025-06-30,PRD004,2,6318.42,Credit Card,Returned
ORD001677,CUST00497,2026-03-30,PRD006,1,1282.88,Credit Card,Cancelled
ORD001678,CUST00378,2026-01-05,PRD007,1,904.51,COD,Cancelled
ORD001679,CUST00685,2025-09-15,PRD010,2,3968.16,UPI,Delivered
ORD001680,CUST00872,2025-04-22,PRD003,1,39353.35,Credit Card,Delivered
ORD001681,CUST00926,2025-11-29,PRD007,2,1892.89,COD,Delivered
ORD001682,CUST00276,2025-06-13,PRD006,2,2345.41,UPI,Delivered
ORD001683,CUST00363,2025-09-26,PRD005,3,4907.11,Net Banking,Delivered
ORD001684,CUST00515,2026-01-16,PRD009,2,49964.87,UPI,Delivered
ORD001685,CUST01100,2025-07-21,PRD001,1,2378.12,COD,Delivered
ORD001686,CUST00986,2026-02-23,PRD012,2,2736.53,UPI,Delivered
ORD001687,CUST00355,2026-08-04,PRD010,2,3741.47,UPI,Returned
ORD001688,CUST00560,2025-08-16,PRD008,1,2821.62,Debit Card,Delivered
ORD001689,CUST00337,2026-06-07,PRD011,2,19458.95,Credit Card,Delivered
ORD001690,CUST00110,2026-07-02,PRD004,2,6812.84,COD,Delivered
ORD001691,CUST00701,2026-01-30,PRD004,2,6710.2,COD,Delivered
ORD001692,CUST01091,2025-09-02,PRD001,2,4984.86,Credit Card,Delivered
ORD001693,CUST00755,2026-02-21,PRD005,2,3284.22,Net Banking,Delivered
ORD001694,CUST00477,2025-10-24,PRD009,1,23404.14,Debit Card,Returned
ORD001695,CUST00097,2025-08-05,PRD001,3,6938.07,Debit Card,Delivered
ORD001696,CUST00585,2026-01-07,PRD011,2,18289.45,Credit Card,Delivered
ORD001697,CUST00158,2026-03-12,PRD002,1,13730.33,COD,Delivered
ORD001698,CUST00585,2025-05-01,PRD009,2,48652.91,COD,Cancelled
ORD001699,CUST00174,2025-06-11,PRD008,2,5637.01,Credit Card,Delivered
ORD001700,CUST00498,2026-04-19,PRD011,1,9677.55,Credit Card,Delivered
ORD001701,CUST01003,2025-08-19,PRD003,1,42279.21,Net Banking,Delivered
ORD001702,CUST00778,2025-08-09,PRD011,1,9896.75,Debit Card,Returned
ORD001703,CUST00026,2025-05-15,PRD011,2,19691.62,Net Banking,Delivered
ORD001704,CUST00793,2026-05-25,PRD004,1,3399.19,Credit Card,Delivered
ORD001705,CUST00068,2026-02-01,PRD007,2,1993.78,Debit Card,Delivered
ORD001706,CUST01117,2026-05-08,PRD009,1,24733.5,Debit Card,Delivered
ORD001707,CUST00471,2025-09-15,PRD005,1,1784.76,UPI,Delivered
ORD001708,CUST01055,2026-05-11,PRD002,3,42479.6,Net Banking,Returned
ORD001709,CUST00587,2026-02-03,PRD009,1,23362.42,Credit Card,Returned
ORD001710,CUST00572,2025-08-17,PRD005,1,1791.0,Debit Card,Delivered
ORD001711,CUST00537,2026-05-30,PRD007,1,920.11,Net Banking,Returned
ORD001712,CUST00741,2026-07-04,PRD012,1,1441.97,COD,Delivered
ORD001713,CUST01132,2026-03-16,PRD002,1,14475.4,Debit Card,Delivered
ORD001714,CUST00494,2025-12-01,PRD011,2,19071.35,Net Banking,Delivered
ORD001715,CUST01050,2025-06-19,PRD011,1,9734.37,Net Banking,Returned
ORD001716,CUST01164,2026-05-18,PRD010,2,3809.17,Credit Card,Delivered
ORD001717,CUST00125,2026-09-06,PRD005,1,1745.58,COD,Delivered
ORD001718,CUST00215,2025-05-09,PRD005,2,3329.51,Credit Card,Delivered
ORD001719,CUST00075,2026-05-28,PRD002,3,42929.15,COD,Delivered
ORD001720,CUST00518,2025-06-08,PRD003,1,39575.14,Net Banking,Delivered
ORD001721,CUST00464,2025-06-18,PRD010,2,3692.34,Net Banking,Delivered
ORD001722,CUST00212,2026-07-06,PRD003,1,41535.02,COD,Delivered
ORD001723,CUST00062,2025-09-11,PRD007,1,955.7,Credit Card,Delivered
ORD001724,CUST01059,2026-07-17,PRD009,1,23891.66,Credit Card,Cancelled
ORD001725,CUST00344,2025-04-18,PRD003,1,39202.07,Credit Card,Delivered
ORD001726,CUST00472,2025-12-22,PRD003,1,41673.19,COD,Delivered
ORD001727,CUST00945,2025-11-13,PRD007,2,1980.03,Net Banking,Delivered
ORD001728,CUST00631,2026-03-15,PRD011,2,19351.54,COD,Delivered
ORD001729,CUST00250,2025-09-13,PRD001,2,4645.88,Debit Card,Delivered
ORD001730,CUST00786,2025-12-16,PRD002,1,14585.79,Net Banking,Delivered
ORD001731,CUST00593,2025-05-23,PRD006,3,3874.95,Net Banking,Delivered
ORD001732,CUST01046,2026-01-17,PRD001,2,4889.56,Net Banking,Delivered
ORD001733,CUST00284,2025-10-10,PRD004,1,3452.24,Net Banking,Delivered
ORD001734,CUST00648,2025-10-15,PRD011,1,9197.64,UPI,Delivered
ORD001735,CUST00937,2025-12-02,PRD007,1,980.76,Debit Card,Delivered
ORD001736,CUST00675,2025-09-05,PRD012,2,2948.26,Debit Card,Delivered
ORD001737,CUST00041,2025-12-27,PRD012,1,1494.87,COD,Delivered
ORD001738,CUST00865,2026-01-01,PRD005,1,1781.91,COD,Delivered
ORD001739,CUST00760,2026-07-10,PRD005,1,1745.76,Credit Card,Cancelled
ORD001740,CUST00578,2026-06-18,PRD001,2,4548.47,Net Banking,Delivered
ORD001741,CUST00165,2026-08-18,PRD005,2,3426.3,UPI,Delivered
ORD001742,CUST00753,2026-08-13,PRD009,1,23869.63,Debit Card,Delivered
ORD001743,CUST01135,2026-06-14,PRD003,2,82278.31,Net Banking,Delivered
ORD001744,CUST00830,2026-04-09,PRD003,2,84148.28,Net Banking,Delivered
ORD001745,CUST00480,2026-06-17,PRD009,2,47598.29,Net Banking,Delivered
ORD001746,CUST00243,2026-01-17,PRD008,2,5794.32,COD,Delivered
ORD001747,CUST00149,2025-12-10,PRD006,1,1245.92,Credit Card,Delivered
ORD001748,CUST00744,2026-05-21,PRD008,1,2968.05,UPI,Delivered
ORD001749,CUST00706,2026-03-26,PRD004,1,3179.53,COD,Delivered
ORD001750,CUST00735,2026-01-16,PRD008,3,8600.29,Credit Card,Delivered
ORD001751,CUST00779,2025-11-11,PRD001,1,2387.37,UPI,Delivered
ORD001752,CUST01171,2025-09-25,PRD006,1,1270.94,Debit Card,Delivered
ORD001753,CUST00688,2025-04-03,PRD009,1,22793.53,COD,Delivered
ORD001754,CUST00936,2025-10-04,PRD005,3,5260.97,COD,Delivered
ORD001755,CUST00608,2025-11-27,PRD007,2,1813.11,Net Banking,Delivered
ORD001756,CUST01130,2026-03-17,PRD003,1,41763.94,COD,Delivered
ORD001757,CUST00283,2026-04-18,PRD007,1,913.18,COD,Delivered
ORD001758,CUST00685,2025-07-14,PRD009,2,45265.16,Debit Card,Delivered
ORD001759,CUST00751,2026-01-17,PRD005,1,1718.68,Debit Card,Delivered
ORD001760,CUST00764,2026-09-10,PRD008,1,2932.87,Credit Card,Delivered
ORD001761,CUST00006,2026-08-10,PRD010,1,1972.94,COD,Delivered
ORD001762,CUST00001,2025-10-13,PRD012,2,2918.35,UPI,Delivered
ORD001763,CUST00818,2025-06-25,PRD004,3,9877.69,UPI,Returned
ORD001764,CUST00941,2026-04-28,PRD003,1,39896.39,COD,Returned
ORD001765,CUST00364,2025-03-26,PRD009,1,24026.61,Debit Card,Delivered
ORD001766,CUST00011,2025-11-14,PRD001,1,2412.02,Net Banking,Delivered
ORD001767,CUST00375,2025-12-30,PRD003,3,121936.01,UPI,Delivered
ORD001768,CUST00280,2025-03-24,PRD007,1,992.4,Debit Card,Delivered
ORD001769,CUST00013,2025-09-04,PRD008,1,2804.49,Net Banking,Delivered
ORD001770,CUST00121,2025-05-10,PRD002,1,14961.09,Net Banking,Delivered
ORD001771,CUST00365,2025-10-06,PRD008,1,2896.12,Debit Card,Delivered
ORD001772,CUST00381,2025-08-05,PRD007,1,903.46,Debit Card,Cancelled
ORD001773,CUST00466,2026-07-31,PRD008,1,2739.94,UPI,Returned
ORD001774,CUST00068,2026-02-11,PRD008,1,2877.14,UPI,Returned
ORD001775,CUST00010,2025-04-08,PRD008,1,2948.01,UPI,Delivered
ORD001776,CUST01033,2025-08-16,PRD010,1,1864.51,Debit Card,Delivered
ORD001777,CUST00465,2025-12-04,PRD011,1,9520.95,COD,Cancelled
ORD001778,CUST00183,2025-04-13,PRD009,2,49285.34,Debit Card,Delivered
ORD001779,CUST00270,2026-03-31,PRD010,1,1893.5,UPI,Delivered
ORD001780,CUST00847,2025-08-04,PRD012,1,1467.98,Net Banking,Delivered
ORD001781,CUST00290,2026-02-21,PRD008,1,2942.3,UPI,Returned
ORD001782,CUST00437,2026-08-27,PRD012,1,1398.91,Credit Card,Delivered
ORD001783,CUST00721,2026-06-08,PRD009,3,69160.58,Credit Card,Delivered
ORD001784,CUST00141,2026-06-30,PRD008,1,2963.51,Debit Card,Delivered
ORD001785,CUST00897,2026-08-03,PRD005,2,3534.62,Debit Card,Cancelled
ORD001786,CUST00311,2026-09-10,PRD007,2,1970.44,Net Banking,Delivered
ORD001787,CUST00892,2026-02-25,PRD001,3,6892.56,Net Banking,Delivered
ORD001788,CUST00449,2025-12-10,PRD012,1,1488.65,Net Banking,Returned
ORD001789,CUST00400,2025-12-01,PRD009,1,23293.87,Credit Card,Delivered
ORD001790,CUST00784,2026-07-06,PRD011,1,9136.99,UPI,Delivered
ORD001791,CUST00678,2026-04-30,PRD006,1,1226.82,Debit Card,Delivered
ORD001792,CUST00103,2026-05-31,PRD007,1,932.62,UPI,Delivered
ORD001793,CUST00746,2025-04-10,PRD007,1,917.36,UPI,Delivered
ORD001794,CUST01173,2025-04-05,PRD001,2,4949.18,Debit Card,Delivered
ORD001795,CUST00220,2026-07-16,PRD001,2,4652.87,UPI,Delivered
ORD001796,CUST00209,2025-06-11,PRD004,1,3497.87,COD,Delivered
ORD001797,CUST01040,2026-04-22,PRD007,1,967.7,Credit Card,Delivered
ORD001798,CUST00673,2026-07-04,PRD005,3,5225.36,UPI,Delivered
ORD001799,CUST00363,2025-05-31,PRD003,3,125347.5,Debit Card,Delivered
ORD001800,CUST00479,2025-11-02,PRD006,1,1179.9,Credit Card,Delivered
ORD001801,CUST00002,2026-06-20,PRD002,3,42466.99,Debit Card,Delivered
ORD001802,CUST01159,2025-04-20,PRD006,1,1280.81,UPI,Delivered
ORD001803,CUST00162,2026-02-28,PRD006,1,1281.18,Credit Card,Delivered
ORD001804,CUST00711,2025-04-23,PRD011,3,27776.11,Net Banking,Delivered
ORD001805,CUST00696,2025-05-12,PRD001,2,4975.94,COD,Delivered
ORD001806,CUST00205,2026-01-08,PRD008,3,8213.48,Net Banking,Delivered
ORD001807,CUST01128,2026-09-03,PRD001,1,2396.51,Debit Card,Cancelled
ORD001808,CUST00058,2025-07-03,PRD004,3,9516.33,UPI,Cancelled
ORD001809,CUST00805,2026-02-15,PRD005,3,5380.72,UPI,Delivered
ORD001810,CUST00417,2025-03-30,PRD012,2,2781.37,Credit Card,Delivered
ORD001811,CUST00065,2026-06-16,PRD004,2,6726.18,Debit Card,Delivered
ORD001812,CUST00132,2026-06-22,PRD002,2,28838.37,UPI,Delivered
ORD001813,CUST00454,2025-09-07,PRD011,1,9615.64,Credit Card,Returned
ORD001814,CUST01118,2026-04-08,PRD006,1,1200.75,Debit Card,Cancelled
ORD001815,CUST01162,2026-07-23,PRD006,1,1219.49,UPI,Delivered
ORD001816,CUST00122,2026-01-31,PRD007,2,1913.61,UPI,Delivered
ORD001817,CUST00815,2026-08-12,PRD010,2,3961.55,Net Banking,Delivered
ORD001818,CUST00121,2025-12-24,PRD002,2,28315.81,Debit Card,Delivered
ORD001819,CUST00091,2026-08-10,PRD012,1,1424.19,Credit Card,Delivered
ORD001820,CUST00447,2025-10-24,PRD011,1,9288.05,Net Banking,Delivered
ORD001821,CUST00768,2026-06-16,PRD004,1,3320.82,COD,Delivered
ORD001822,CUST00322,2026-03-17,PRD006,1,1189.97,Debit Card,Delivered
ORD001823,CUST00023,2025-04-25,PRD002,2,28136.57,Debit Card,Delivered
ORD001824,CUST00267,2026-06-09,PRD007,1,944.99,Debit Card,Delivered
ORD001825,CUST00377,2025-12-16,PRD010,1,1931.33,Net Banking,Delivered
ORD001826,CUST00307,2026-04-18,PRD004,1,3448.62,UPI,Delivered
ORD001827,CUST00032,2025-05-05,PRD012,1,1445.51,COD,Delivered
ORD001828,CUST00096,2025-11-15,PRD006,1,1268.38,Net Banking,Delivered
ORD001829,CUST01139,2025-08-16,PRD007,2,1800.99,UPI,Delivered
ORD001830,CUST00182,2025-07-06,PRD007,2,1956.96,Net Banking,Delivered
ORD001831,CUST00014,2025-12-18,PRD005,3,5383.66,COD,Delivered
ORD001832,CUST00685,2025-06-22,PRD010,2,3815.3,Debit Card,Cancelled
ORD001833,CUST01159,2026-04-28,PRD003,1,41867.9,COD,Delivered
ORD001834,CUST00639,2026-06-16,PRD003,2,85595.97,Credit Card,Delivered
ORD001835,CUST00859,2025-03-22,PRD011,1,9883.76,Credit Card,Cancelled
ORD001836,CUST00938,2025-08-15,PRD006,1,1179.2,COD,Delivered
ORD001837,CUST00949,2025-09-26,PRD001,3,6748.12,COD,Delivered
ORD001838,CUST00235,2025-09-21,PRD002,1,13837.55,Net Banking,Returned
ORD001839,CUST00013,2026-01-21,PRD003,1,42815.98,UPI,Delivered
ORD001840,CUST00351,2026-03-31,PRD002,1,14285.7,UPI,Delivered
ORD001841,CUST01070,2026-01-20,PRD010,2,3872.62,Net Banking,Cancelled
ORD001842,CUST00194,2025-11-26,PRD007,1,949.36,Credit Card,Cancelled
ORD001843,CUST01097,2025-05-22,PRD006,1,1179.69,Net Banking,Delivered
ORD001844,CUST00641,2025-05-08,PRD010,3,5980.7,Credit Card,Delivered
ORD001845,CUST00193,2026-04-18,PRD007,2,1939.82,Debit Card,Delivered
ORD001846,CUST00485,2025-06-29,PRD008,2,,Credit Card,Cancelled
ORD001847,CUST00138,2026-02-03,PRD009,2,45771.04,Net Banking,Delivered
ORD001848,CUST00983,2026-08-24,PRD003,2,85666.43,Debit Card,Delivered
ORD001849,CUST00110,2026-05-09,PRD011,1,9137.19,COD,Delivered
ORD001850,CUST00333,2026-05-20,PRD001,1,2302.52,Debit Card,Delivered
ORD001851,CUST01100,2025-07-16,PRD003,3,128731.04,Credit Card,Delivered
ORD001852,CUST00319,2025-10-09,PRD001,1,2318.76,Debit Card,Delivered
ORD001853,CUST00433,2025-05-03,PRD012,1,1478.05,UPI,Delivered
ORD001854,CUST00136,2026-04-16,PRD007,1,970.08,UPI,Delivered
ORD001855,CUST00260,2025-08-01,PRD012,3,4104.67,Credit Card,Cancelled
ORD001856,CUST00104,2026-06-16,PRD005,3,4975.5,Credit Card,Delivered
ORD001857,CUST00268,2026-03-02,PRD012,2,2953.18,Credit Card,Delivered
ORD001858,CUST00212,2026-07-20,PRD004,1,3163.6,Credit Card,Cancelled
ORD001859,CUST01031,2025-07-02,PRD002,2,27139.3,Debit Card,Delivered
ORD001860,CUST00811,2026-05-03,PRD004,1,3437.72,Debit Card,Delivered
ORD001861,CUST00293,2025-05-31,PRD004,2,6547.23,Net Banking,Delivered
ORD001862,CUST00197,2025-04-18,PRD010,2,3905.21,UPI,Delivered
ORD001863,CUST00332,2026-04-06,PRD010,1,1975.7,UPI,Delivered
ORD001864,CUST00962,2025-06-25,PRD005,2,3252.91,Credit Card,Returned
ORD001865,CUST01193,2025-06-04,PRD012,2,2981.24,UPI,Delivered
ORD001866,CUST00540,2025-09-07,PRD004,3,9736.92,Net Banking,Delivered
ORD001867,CUST00793,2025-07-21,PRD007,1,907.21,Credit Card,Delivered
ORD001868,CUST00243,2025-06-30,PRD007,2,1809.36,COD,Delivered
ORD001869,CUST01142,2026-07-11,PRD006,2,2573.95,COD,Returned
ORD001870,CUST00084,2025-06-24,PRD007,1,991.99,UPI,Cancelled
ORD001871,CUST01169,2025-08-27,PRD009,2,45300.41,Net Banking,Delivered
ORD001872,CUST00588,2026-04-01,PRD005,1,1698.43,COD,Delivered
ORD001873,CUST00802,2025-08-10,PRD004,3,10255.79,Credit Card,Delivered
ORD001874,CUST01163,2025-12-10,PRD007,1,963.76,COD,Delivered
ORD001875,CUST00343,2026-01-27,PRD008,1,2749.77,Credit Card,Delivered
ORD001876,CUST00889,2025-09-25,PRD002,1,13719.37,Credit Card,Delivered
ORD001877,CUST00842,2026-03-02,PRD011,1,9737.87,Net Banking,Delivered
ORD001878,CUST00657,2025-11-18,PRD005,3,5223.85,Net Banking,Delivered
ORD001879,CUST00081,2026-02-24,PRD009,3,74894.47,Net Banking,Delivered
ORD001880,CUST00201,2026-06-13,PRD012,2,2742.43,Credit Card,Delivered
ORD001881,CUST00638,2025-04-09,PRD012,1,1434.68,COD,Delivered
ORD001882,CUST00540,2026-06-14,PRD004,1,3430.77,Credit Card,Delivered
ORD001883,CUST00577,2025-10-15,PRD008,1,2899.05,Debit Card,Returned
ORD001884,CUST01089,2026-01-05,PRD004,1,3481.24,UPI,Delivered
ORD001885,CUST00494,2025-07-12,PRD002,1,14047.83,Net Banking,Cancelled
ORD001886,CUST01023,2026-04-04,PRD007,1,970.9,Debit Card,Delivered
ORD001887,CUST00957,2025-09-24,PRD012,2,2867.2,Debit Card,Delivered
ORD001888,CUST01023,2026-06-01,PRD006,2,2523.21,Debit Card,Delivered
ORD001889,CUST00688,2026-05-24,PRD004,1,3301.86,Net Banking,Delivered
ORD001890,CUST00968,2025-07-11,PRD005,2,3500.18,Net Banking,Delivered
ORD001891,CUST00783,2026-04-02,PRD002,2,27839.22,UPI,Delivered
ORD001892,CUST00363,2025-12-18,PRD006,1,1238.66,UPI,Delivered
ORD001893,CUST01173,2026-06-12,PRD006,2,2417.79,UPI,Delivered
ORD001894,CUST00700,2026-05-23,PRD003,2,80176.77,Debit Card,Delivered
ORD001895,CUST01180,2025-05-09,PRD007,2,1887.45,UPI,Delivered
ORD001896,CUST00491,2026-05-12,PRD001,2,4636.24,Credit Card,Returned
ORD001897,CUST00754,2025-08-07,PRD012,2,2777.86,COD,Delivered
ORD001898,CUST00251,2025-11-28,PRD005,1,,Net Banking,Delivered
ORD001899,CUST01196,2025-04-06,PRD004,1,3204.18,COD,Cancelled
ORD001900,CUST00239,2025-05-22,PRD005,1,1657.51,UPI,Returned
ORD001901,CUST00928,2026-03-11,PRD010,2,3906.17,Credit Card,Delivered
ORD001902,CUST00214,2025-06-29,PRD011,1,,UPI,Delivered
ORD001903,CUST01016,2025-06-04,PRD009,1,22854.31,UPI,Delivered
ORD001904,CUST00163,2026-01-31,PRD006,3,3543.3,Net Banking,Delivered
ORD001905,CUST00576,2025-10-08,PRD006,1,1275.05,Debit Card,Delivered
ORD001906,CUST00361,2025-10-11,PRD007,2,1850.1,COD,Cancelled
ORD001907,CUST00100,2026-02-01,PRD002,2,29892.63,UPI,Delivered
ORD001908,CUST01084,2025-04-08,PRD007,1,981.05,Credit Card,Returned
ORD001909,CUST00911,2026-04-03,PRD008,2,5656.1,Debit Card,Delivered
ORD001910,CUST00833,2026-02-23,PRD004,1,3188.11,UPI,Delivered
ORD001911,CUST00096,2026-07-03,PRD011,3,27454.76,COD,Delivered
ORD001912,CUST01100,2025-03-25,PRD002,1,14050.29,Net Banking,Delivered
ORD001913,CUST00094,2025-11-03,PRD001,1,2370.01,Credit Card,Delivered
ORD001914,CUST00263,2025-09-17,PRD002,1,14193.73,Credit Card,Delivered
ORD001915,CUST00246,2026-03-05,PRD007,1,921.75,Net Banking,Delivered
ORD001916,CUST00253,2025-05-14,PRD004,2,,UPI,Delivered
ORD001917,CUST01013,2026-07-27,PRD003,1,39550.98,Net Banking,Delivered
ORD001918,CUST00709,2025-09-02,PRD006,3,3809.54,Credit Card,Delivered
ORD001919,CUST00055,2025-11-28,PRD010,3,5832.83,COD,Delivered
ORD001920,CUST00505,2025-06-29,PRD006,1,1294.63,Debit Card,Cancelled
ORD001921,CUST00437,2025-04-01,PRD004,1,3373.01,COD,Delivered
ORD001922,CUST00465,2026-05-31,PRD012,2,2854.76,Net Banking,Delivered
ORD001923,CUST00357,2025-11-22,PRD001,1,2367.47,Credit Card,Delivered
ORD001924,CUST00726,2026-01-26,PRD004,1,3298.44,Net Banking,Delivered
ORD001925,CUST00717,2025-11-10,PRD001,2,4951.72,Net Banking,Delivered
ORD001926,CUST00941,2025-10-22,PRD001,2,4801.65,UPI,Delivered
ORD001927,CUST01036,2026-06-14,PRD003,1,39123.37,COD,Delivered
ORD001928,CUST00256,2025-08-04,PRD003,2,82943.4,Net Banking,Delivered
ORD001929,CUST00456,2025-10-08,PRD009,3,74711.33,UPI,Delivered
ORD001930,CUST01010,2025-09-19,PRD011,3,29119.44,Debit Card,Delivered
ORD001931,CUST01094,2026-03-22,PRD005,2,3354.89,Debit Card,Delivered
ORD001932,CUST00269,2025-08-30,PRD003,1,,Credit Card,Delivered
ORD001933,CUST00291,2026-08-27,PRD003,3,124285.26,Net Banking,Delivered
ORD001934,CUST00599,2026-07-07,PRD005,1,1797.27,Net Banking,Delivered
ORD001935,CUST00316,2026-05-07,PRD012,3,4331.21,Credit Card,Delivered
ORD001936,CUST00366,2026-07-20,PRD012,1,1405.62,Net Banking,Delivered
ORD001937,CUST00692,2025-12-19,PRD004,1,3464.09,Credit Card,Delivered
ORD001938,CUST00981,2025-11-03,PRD004,1,3189.25,UPI,Returned
ORD001939,CUST00557,2026-05-12,PRD007,3,2779.95,Credit Card,Cancelled
ORD001940,CUST00013,2026-08-18,PRD008,3,8868.14,Debit Card,Delivered
ORD001941,CUST00250,2025-10-23,PRD011,2,18025.3,UPI,Delivered
ORD001942,CUST00451,2025-04-05,PRD007,1,904.83,Debit Card,Delivered
ORD001943,CUST00818,2025-12-22,PRD004,2,6629.57,Debit Card,Returned
ORD001944,CUST00791,2026-08-01,PRD002,1,14685.15,UPI,Cancelled
ORD001945,CUST00741,2026-07-12,PRD006,1,1272.93,UPI,Delivered
ORD001946,CUST00755,2026-08-24,PRD002,2,27801.15,UPI,Delivered
ORD001947,CUST01160,2026-08-12,PRD011,1,9270.69,Net Banking,Delivered
ORD001948,CUST00188,2025-07-06,PRD010,3,5987.86,Net Banking,Delivered
ORD001949,CUST00658,2026-08-28,PRD008,2,5880.95,UPI,Delivered
ORD001950,CUST00978,2026-04-30,PRD001,1,2291.26,Credit Card,Delivered
ORD001951,CUST00031,2025-05-30,PRD002,2,28486.49,Credit Card,Returned
ORD001952,CUST00184,2025-09-16,PRD003,1,39566.76,Credit Card,Delivered
ORD001953,CUST00881,2026-08-21,PRD010,2,3824.7,COD,Delivered
ORD001954,CUST00832,2026-08-26,PRD001,2,4735.39,UPI,Delivered
ORD001955,CUST00338,2025-09-04,PRD007,2,1844.42,Net Banking,Returned
ORD001956,CUST00380,2026-05-08,PRD003,2,83202.64,UPI,Delivered
ORD001957,CUST00943,2026-05-27,PRD006,3,3714.0,Net Banking,Delivered
ORD001958,CUST00974,2025-11-23,PRD011,2,18472.62,Credit Card,Delivered
ORD001959,CUST01171,2025-06-18,PRD012,3,4099.15,UPI,Delivered
ORD001960,CUST00783,2025-03-21,PRD006,1,1293.0,Net Banking,Delivered
ORD001961,CUST00686,2025-06-08,PRD003,1,38895.52,UPI,Delivered
ORD001962,CUST00165,2026-07-10,PRD002,1,14660.92,COD,Returned
ORD001963,CUST00775,2025-08-30,PRD005,1,1701.15,Debit Card,Delivered
ORD001964,CUST00983,2025-05-03,PRD001,3,6852.47,Net Banking,Delivered
ORD001965,CUST00951,2025-07-26,PRD007,1,965.57,COD,Delivered
ORD001966,CUST01017,2025-07-08,PRD007,1,958.35,Debit Card,Delivered
ORD001967,CUST00183,2025-05-08,PRD007,1,933.82,UPI,Delivered
ORD001968,CUST00527,2025-07-31,PRD006,1,1200.83,Debit Card,Delivered
ORD001969,CUST00452,2026-03-25,PRD008,1,2920.76,Debit Card,Delivered
ORD001970,CUST01158,2026-06-20,PRD007,2,1890.99,UPI,Delivered
ORD001971,CUST00226,2025-10-09,PRD011,2,18272.88,COD,Delivered
ORD001972,CUST00457,2025-12-03,PRD006,1,1217.29,COD,Delivered
ORD001973,CUST00017,2025-09-23,PRD003,1,39393.59,Credit Card,Delivered
ORD001974,CUST00948,2025-11-30,PRD007,3,2787.12,UPI,Delivered
ORD001975,CUST00644,2026-03-26,PRD010,1,1923.19,Net Banking,Delivered
ORD001976,CUST01168,2026-04-02,PRD006,2,2577.89,COD,Delivered
ORD001977,CUST00891,2026-07-26,PRD004,1,,Debit Card,Delivered
ORD001978,CUST00454,2026-03-16,PRD005,3,4896.69,Debit Card,Delivered
ORD001979,CUST00249,2026-06-12,PRD007,2,1915.9,Net Banking,Delivered
ORD001980,CUST00497,2026-04-06,PRD012,1,1416.69,Credit Card,Delivered
ORD001981,CUST01178,2026-05-07,PRD005,2,3427.39,Net Banking,Delivered
ORD001982,CUST00351,2025-05-11,PRD003,1,40110.28,COD,Delivered
ORD001983,CUST00263,2025-05-29,PRD010,3,5958.13,Net Banking,Delivered
ORD001984,CUST01092,2026-05-07,PRD011,2,19865.53,UPI,Delivered
ORD001985,CUST00511,2025-06-01,PRD003,1,42989.14,Net Banking,Delivered
ORD001986,CUST00913,2026-05-12,PRD003,1,39194.21,COD,Delivered
ORD001987,CUST00089,2026-07-18,PRD008,1,2954.5,Debit Card,Delivered
ORD001988,CUST00395,2026-06-06,PRD005,3,5080.09,Debit Card,Cancelled
ORD001989,CUST00968,2026-04-19,PRD010,1,1824.22,Credit Card,Returned
ORD001990,CUST00021,2025-11-05,PRD001,1,2357.27,Debit Card,Delivered
ORD001991,CUST00782,2025-10-19,PRD002,1,13834.25,UPI,Cancelled
ORD001992,CUST00057,2025-04-28,PRD003,3,117472.87,UPI,Returned
ORD001993,CUST00418,2025-12-09,PRD012,2,2816.17,Debit Card,Delivered
ORD001994,CUST01083,2026-04-24,PRD012,2,2797.36,Debit Card,Delivered
ORD001995,CUST00966,2026-01-31,PRD001,2,4983.43,UPI,Delivered
ORD001996,CUST01175,2025-07-18,PRD010,1,1851.29,Debit Card,Delivered
ORD001997,CUST01132,2026-02-12,PRD005,1,1677.97,COD,Delivered
ORD001998,CUST00454,2026-05-09,PRD002,1,14312.11,Debit Card,Delivered
ORD001999,CUST00099,2025-10-06,PRD004,1,3215.75,COD,Returned
ORD002000,CUST00323,2025-09-20,PRD011,3,29570.97,Credit Card,Delivered
ORD002001,CUST00635,2026-06-08,PRD008,1,2821.03,UPI,Delivered
ORD002002,CUST00039,2026-02-13,PRD005,1,1747.59,COD,Delivered
ORD002003,CUST01034,2026-04-30,PRD012,3,4343.22,Net Banking,Delivered
ORD002004,CUST00058,2026-07-27,PRD001,2,4992.29,Debit Card,Cancelled
ORD002005,CUST00289,2026-03-04,PRD010,1,1915.56,UPI,Delivered
ORD002006,CUST00314,2025-06-03,PRD011,1,9971.28,COD,Delivered
ORD002007,CUST00586,2025-06-30,PRD002,2,29978.64,Debit Card,Delivered
ORD002008,CUST00426,2025-07-13,PRD006,1,1238.8,Debit Card,Delivered
ORD002009,CUST00097,2025-11-11,PRD003,1,41319.9,Debit Card,Returned
ORD002010,CUST00865,2025-09-20,PRD007,1,974.19,Credit Card,Delivered
ORD002011,CUST00408,2026-03-09,PRD004,1,3202.75,Credit Card,Delivered
ORD002012,CUST00020,2025-11-05,PRD003,1,40424.53,UPI,Delivered
ORD002013,CUST00442,2025-08-21,PRD004,1,3225.89,Debit Card,Delivered
ORD002014,CUST00837,2025-10-15,PRD008,2,5813.42,COD,Delivered
ORD002015,CUST00935,2026-06-07,PRD006,1,1224.55,COD,Delivered
ORD002016,CUST00712,2025-04-08,PRD006,1,1176.46,Debit Card,Returned
ORD002017,CUST00759,2026-08-20,PRD004,1,3465.24,Credit Card,Delivered
ORD002018,CUST01192,2025-11-03,PRD009,1,22925.65,UPI,Returned
ORD002019,CUST00444,2025-06-17,PRD005,3,5284.96,UPI,Delivered
ORD002020,CUST00261,2026-03-24,PRD009,1,24865.38,Net Banking,Delivered
ORD002021,CUST00034,2026-06-14,PRD002,2,29870.84,Credit Card,Cancelled
ORD002022,CUST00600,2025-11-27,PRD001,1,2452.6,COD,Delivered
ORD002023,CUST00531,2025-05-04,PRD011,2,19550.42,UPI,Delivered
ORD002024,CUST00976,2026-03-26,PRD011,3,27960.55,Debit Card,Delivered
ORD002025,CUST00848,2025-05-14,PRD002,2,28800.24,Credit Card,Cancelled
ORD002026,CUST00541,2026-06-29,PRD001,2,4768.9,Net Banking,Delivered
ORD002027,CUST00903,2026-05-28,PRD003,3,118010.82,Net Banking,Delivered
ORD002028,CUST00132,2025-03-27,PRD003,1,38871.54,Net Banking,Delivered
ORD002029,CUST00703,2025-09-09,PRD007,2,1854.49,Debit Card,Cancelled
ORD002030,CUST01039,2026-01-25,PRD012,3,4158.56,Credit Card,Delivered
ORD002031,CUST00385,2025-10-14,PRD008,2,5443.97,Credit Card,Cancelled
ORD002032,CUST00205,2025-11-21,PRD003,1,38901.82,Net Banking,Delivered
ORD002033,CUST00938,2025-12-08,PRD009,1,23365.7,Net Banking,Delivered
ORD002034,CUST00852,2026-08-21,PRD012,2,2972.92,UPI,Delivered
ORD002035,CUST00931,2025-10-23,PRD001,2,4516.22,Credit Card,Delivered
ORD002036,CUST00310,2026-05-11,PRD006,1,1249.56,Debit Card,Delivered
ORD002037,CUST00727,2025-08-31,PRD003,2,85015.47,UPI,Delivered
ORD002038,CUST01012,2025-08-07,PRD002,1,14856.98,COD,Delivered
ORD002039,CUST00522,2026-02-26,PRD004,1,3212.71,UPI,Delivered
ORD002040,CUST00739,2026-02-09,PRD005,1,1686.68,COD,Delivered
ORD002041,CUST00657,2026-05-28,PRD011,1,9645.08,Credit Card,Delivered
ORD002042,CUST00400,2025-11-19,PRD012,3,4289.95,Credit Card,Delivered
ORD002043,CUST00415,2025-10-08,PRD005,1,1776.91,UPI,Delivered
ORD002044,CUST00625,2025-12-01,PRD009,2,47994.18,Debit Card,Delivered
ORD002045,CUST00025,2025-09-17,PRD005,2,3298.0,Debit Card,Delivered
ORD002046,CUST00774,2026-01-03,PRD009,3,72087.7,Debit Card,Delivered
ORD002047,CUST00389,2025-10-04,PRD011,2,19245.9,Credit Card,Delivered
ORD002048,CUST00814,2026-05-19,PRD007,3,2745.24,Net Banking,Delivered
ORD002049,CUST00649,2026-09-01,PRD007,1,944.29,COD,Delivered
ORD002050,CUST00972,2026-01-02,PRD006,1,1215.69,Credit Card,Delivered
ORD002051,CUST00036,2025-10-14,PRD007,1,933.99,UPI,Returned
ORD002052,CUST00291,2026-03-20,PRD010,1,1872.84,Credit Card,Delivered
ORD002053,CUST00310,2025-06-10,PRD010,1,1863.58,COD,Delivered
ORD002054,CUST00448,2025-09-19,PRD001,1,2328.02,Net Banking,Delivered
ORD002055,CUST00824,2026-08-07,PRD004,2,6765.93,Credit Card,Delivered
ORD002056,CUST00837,2026-02-02,PRD003,2,83109.16,Credit Card,Cancelled
ORD002057,CUST00088,2025-07-05,PRD007,2,1930.72,Net Banking,Delivered
ORD002058,CUST01054,2026-06-02,PRD001,3,7001.93,Credit Card,Delivered
ORD002059,CUST00420,2026-04-17,PRD012,1,1429.79,UPI,Delivered
ORD002060,CUST00090,2025-11-21,PRD005,2,3544.39,Credit Card,Delivered
ORD002061,CUST00132,2025-04-16,PRD011,1,9150.92,Credit Card,Delivered
ORD002062,CUST00157,2025-08-20,PRD006,3,3765.57,UPI,Delivered
ORD002063,CUST00763,2025-05-25,PRD009,1,23857.65,Net Banking,Returned
ORD002064,CUST01023,2025-12-10,PRD007,1,909.49,Net Banking,Returned
ORD002065,CUST00225,2025-10-05,PRD009,1,23842.13,COD,Delivered
ORD002066,CUST00634,2026-07-14,PRD005,1,,UPI,Returned
ORD002067,CUST00796,2026-03-26,PRD003,2,85271.89,COD,Delivered
ORD002068,CUST00906,2025-08-04,PRD011,2,19661.85,Net Banking,Delivered
ORD002069,CUST00671,2025-09-19,PRD012,2,2782.67,COD,Delivered
ORD002070,CUST00637,2025-08-27,PRD012,1,1457.66,Credit Card,Delivered
ORD002071,CUST00607,2026-06-06,PRD011,1,9140.0,COD,Delivered
ORD002072,CUST00297,2026-01-08,PRD003,1,38772.66,UPI,Delivered
ORD002073,CUST00094,2025-06-25,PRD005,1,1714.79,UPI,Delivered
ORD002074,CUST00577,2025-09-29,PRD012,2,2973.13,Net Banking,Delivered
ORD002075,CUST00230,2025-03-30,PRD002,2,28337.65,COD,Returned
ORD002076,CUST00340,2025-09-12,PRD010,2,3709.22,Net Banking,Delivered
ORD002077,CUST00198,2026-02-27,PRD011,1,9198.24,Net Banking,Delivered
ORD002078,CUST00041,2026-02-05,PRD001,1,2354.62,UPI,Returned
ORD002079,CUST00345,2025-09-29,PRD012,1,1401.24,Credit Card,Delivered
ORD002080,CUST00331,2025-04-09,PRD009,1,23489.13,UPI,Delivered
ORD002081,CUST00008,2026-04-23,PRD006,3,3822.81,Debit Card,Delivered
ORD002082,CUST00501,2025-08-02,PRD009,1,22503.88,Debit Card,Delivered
ORD002083,CUST01133,2025-05-05,PRD012,1,1475.38,Net Banking,Delivered
ORD002084,CUST00351,2025-05-11,PRD011,2,18123.08,COD,Cancelled
ORD002085,CUST00816,2026-04-17,PRD009,3,73666.82,COD,Delivered
ORD002086,CUST00500,2026-02-25,PRD004,1,3496.53,Credit Card,Returned
ORD002087,CUST01028,2025-11-08,PRD010,2,3951.13,Credit Card,Delivered
ORD002088,CUST00440,2025-08-16,PRD008,2,5448.16,Debit Card,Delivered
ORD002089,CUST00234,2026-08-27,PRD011,2,19498.14,COD,Delivered
ORD002090,CUST00363,2026-03-28,PRD007,2,1884.92,Debit Card,Delivered
ORD002091,CUST00223,2025-07-30,PRD001,1,2414.99,Credit Card,Delivered
ORD002092,CUST00412,2026-06-09,PRD004,3,9551.38,Net Banking,Delivered
ORD002093,CUST01041,2026-06-14,PRD012,1,1377.11,Net Banking,Delivered
ORD002094,CUST00130,2026-04-20,PRD009,2,49687.49,UPI,Delivered
ORD002095,CUST00832,2025-12-28,PRD008,2,5788.46,COD,Delivered
ORD002096,CUST00759,2025-11-23,PRD010,1,1978.78,Net Banking,Delivered
ORD002097,CUST01071,2025-05-01,PRD002,3,41610.36,UPI,Returned
ORD002098,CUST00261,2025-10-08,PRD008,2,5643.97,COD,Delivered
ORD002099,CUST01031,2025-06-08,PRD012,1,1438.05,Net Banking,Delivered
ORD002100,CUST01093,2026-08-30,PRD011,1,9297.98,COD,Delivered
ORD002101,CUST00365,2026-02-28,PRD012,3,4369.37,Credit Card,Delivered
ORD002102,CUST00801,2026-07-10,PRD007,1,981.22,Net Banking,Delivered
ORD002103,CUST00788,2025-10-13,PRD003,2,82340.9,UPI,Returned
ORD002104,CUST00284,2026-09-01,PRD006,2,2498.43,Net Banking,Delivered
ORD002105,CUST01159,2025-05-02,PRD003,1,41289.12,COD,Delivered
ORD002106,CUST00019,2026-08-03,PRD008,3,8220.11,Net Banking,Delivered
ORD002107,CUST00047,2026-04-29,PRD008,1,2741.9,Net Banking,Delivered
ORD002108,CUST00844,2025-11-04,PRD007,2,1859.04,COD,Delivered
ORD002109,CUST01176,2025-04-02,PRD010,2,3823.06,Net Banking,Delivered
ORD002110,CUST00551,2026-08-16,PRD008,1,2848.46,Net Banking,Delivered
ORD002111,CUST00721,2025-08-06,PRD011,2,18566.6,Debit Card,Returned
ORD002112,CUST00155,2026-03-08,PRD009,1,24503.98,Debit Card,Returned
ORD002113,CUST00231,2026-07-10,PRD007,2,1965.81,Net Banking,Delivered
ORD002114,CUST00704,2026-06-15,PRD004,2,6673.6,Net Banking,Cancelled
ORD002115,CUST00219,2025-11-10,PRD007,1,952.42,Debit Card,Cancelled
ORD002116,CUST00594,2025-05-22,PRD006,1,1190.75,Net Banking,Cancelled
ORD002117,CUST00808,2025-07-02,PRD001,1,2278.66,UPI,Delivered
ORD002118,CUST00336,2025-08-08,PRD007,1,903.0,COD,Delivered
ORD002119,CUST00594,2025-08-31,PRD009,2,45088.59,Net Banking,Delivered
ORD002120,CUST00367,2025-12-23,PRD005,2,3367.21,UPI,Returned
ORD002121,CUST00454,2026-06-25,PRD001,2,4784.65,Credit Card,Returned
ORD002122,CUST00085,2025-07-30,PRD006,2,2549.89,Net Banking,Delivered
ORD002123,CUST00486,2026-05-26,PRD010,2,3702.91,UPI,Cancelled
ORD002124,CUST01134,2025-10-09,PRD006,2,2399.66,Credit Card,Delivered
ORD002125,CUST00916,2025-12-01,PRD006,1,1196.75,Debit Card,Delivered
ORD002126,CUST00800,2026-05-05,PRD011,2,19775.23,Net Banking,Delivered
ORD002127,CUST00729,2025-11-11,PRD011,1,9967.24,Debit Card,Delivered
ORD002128,CUST00794,2026-04-28,PRD005,1,1757.13,Credit Card,Delivered
ORD002129,CUST00898,2026-05-15,PRD009,3,74925.96,COD,Returned
ORD002130,CUST00920,2025-08-17,PRD010,1,1895.02,UPI,Delivered
ORD002131,CUST00243,2026-03-18,PRD009,2,49388.96,UPI,Delivered
ORD002132,CUST00064,2026-02-10,PRD002,3,42421.94,UPI,Cancelled
ORD002133,CUST00098,2026-07-25,PRD004,1,3255.13,Debit Card,Delivered
ORD002134,CUST00270,2026-03-22,PRD010,2,3755.48,Debit Card,Delivered
ORD002135,CUST00703,2025-08-15,PRD007,2,1878.29,Debit Card,Delivered
ORD002136,CUST00338,2025-10-26,PRD005,1,1760.75,Credit Card,Delivered
ORD002137,CUST00240,2025-03-31,PRD006,1,1225.76,COD,Delivered
ORD002138,CUST00281,2025-10-30,PRD006,2,2386.06,Credit Card,Cancelled
ORD002139,CUST00256,2025-05-30,PRD010,1,,Debit Card,Delivered
ORD002140,CUST00901,2025-08-12,PRD001,1,2369.15,COD,Delivered
ORD002141,CUST00622,2026-02-07,PRD009,1,23313.27,Net Banking,Delivered
ORD002142,CUST00457,2026-08-29,PRD010,2,3636.74,Credit Card,Delivered
ORD002143,CUST01095,2025-09-08,PRD004,1,3439.67,Credit Card,Delivered
ORD002144,CUST00589,2025-07-18,PRD006,3,3546.9,Net Banking,Delivered
ORD002145,CUST00116,2025-03-30,PRD001,3,6843.06,Credit Card,Delivered
ORD002146,CUST00188,2025-09-12,PRD002,3,41562.96,Credit Card,Cancelled
ORD002147,CUST00949,2025-04-24,PRD008,1,2780.28,Net Banking,Delivered
ORD002148,CUST00505,2025-08-23,PRD010,1,1941.5,Debit Card,Delivered
ORD002149,CUST01135,2026-04-09,PRD006,1,1255.95,Credit Card,Delivered
ORD002150,CUST00710,2026-06-10,PRD003,3,117405.37,UPI,Returned
ORD002151,CUST01029,2026-02-01,PRD006,2,2360.03,UPI,Delivered
ORD002152,CUST00113,2026-02-26,PRD006,1,1251.81,Debit Card,Delivered
ORD002153,CUST00632,2025-09-14,PRD010,1,1889.88,Debit Card,Delivered
ORD002154,CUST00966,2025-10-17,PRD004,1,3273.88,Credit Card,Delivered
ORD002155,CUST00610,2026-08-05,PRD008,2,5909.93,Debit Card,Cancelled
ORD002156,CUST00230,2025-03-27,PRD008,1,2789.15,Net Banking,Delivered
ORD002157,CUST00941,2025-09-20,PRD004,1,3464.47,Credit Card,Delivered
ORD002158,CUST00076,2025-09-24,PRD006,1,1238.51,Credit Card,Delivered
ORD002159,CUST00400,2025-11-15,PRD002,2,27247.62,UPI,Delivered
ORD002160,CUST00412,2025-11-25,PRD004,3,10078.04,Credit Card,Delivered
ORD002161,CUST00875,2026-04-25,PRD001,2,4765.57,Credit Card,Delivered
ORD002162,CUST01141,2025-07-12,PRD002,1,14218.93,COD,Cancelled
ORD002163,CUST00403,2026-04-01,PRD001,1,2357.76,Debit Card,Returned
ORD002164,CUST00129,2026-03-19,PRD006,1,1258.93,COD,Delivered
ORD002165,CUST00670,2025-08-06,PRD011,1,9727.97,COD,Delivered
ORD002166,CUST01049,2025-04-07,PRD001,1,2464.88,Debit Card,Delivered
ORD002167,CUST00871,2026-06-24,PRD011,2,18556.58,COD,Delivered
ORD002168,CUST01017,2026-08-25,PRD002,3,43837.46,Credit Card,Delivered
ORD002169,CUST00843,2026-02-24,PRD007,2,1995.39,Credit Card,Delivered
ORD002170,CUST00430,2026-01-18,PRD007,1,956.6,COD,Delivered
ORD002171,CUST00881,2025-09-23,PRD005,1,1724.8,Net Banking,Delivered
ORD002172,CUST00060,2025-07-11,PRD012,1,1428.89,Net Banking,Delivered
ORD002173,CUST00697,2026-09-03,PRD008,1,2858.43,Credit Card,Delivered
ORD002174,CUST00698,2025-10-06,PRD003,1,41022.35,COD,Cancelled
ORD002175,CUST01070,2025-08-25,PRD005,1,1672.14,Debit Card,Delivered
ORD002176,CUST01054,2025-09-07,PRD009,1,24846.91,Net Banking,Delivered
ORD002177,CUST00938,2026-03-20,PRD010,1,1911.25,Debit Card,Delivered
ORD002178,CUST01005,2025-04-05,PRD006,3,3643.12,Net Banking,Cancelled
ORD002179,CUST00259,2026-02-21,PRD009,3,71939.64,Credit Card,Delivered
ORD002180,CUST00294,2025-06-19,PRD002,2,28386.39,Net Banking,Cancelled
ORD002181,CUST00152,2025-09-26,PRD003,1,39505.47,Net Banking,Delivered
ORD002182,CUST00926,2025-11-09,PRD002,2,27982.63,Net Banking,Delivered
ORD002183,CUST01084,2026-09-09,PRD005,1,1764.98,Debit Card,Delivered
ORD002184,CUST00423,2025-04-02,PRD007,2,1830.14,COD,Cancelled
ORD002185,CUST01072,2026-08-28,PRD002,1,13825.53,UPI,Delivered
ORD002186,CUST00430,2026-01-15,PRD009,2,47170.2,Net Banking,Delivered
ORD002187,CUST00234,2025-12-11,PRD002,2,29956.22,COD,Delivered
ORD002188,CUST01104,2025-07-25,PRD002,1,14003.91,UPI,Delivered
ORD002189,CUST00047,2026-07-31,PRD012,2,2957.97,Net Banking,Delivered
ORD002190,CUST00342,2025-05-31,PRD002,2,27139.17,Debit Card,Delivered
ORD002191,CUST00303,2026-02-11,PRD009,2,47924.09,Credit Card,Delivered
ORD002192,CUST00766,2026-06-22,PRD002,3,41906.07,Net Banking,Returned
ORD002193,CUST01103,2025-05-12,PRD001,3,7308.83,Debit Card,Delivered
ORD002194,CUST00400,2025-07-16,PRD003,3,125722.14,UPI,Delivered
ORD002195,CUST00250,2026-09-07,PRD010,1,1815.06,Credit Card,Cancelled
ORD002196,CUST01091,2026-01-23,PRD003,2,80041.55,Debit Card,Delivered
ORD002197,CUST00716,2025-06-25,PRD002,1,13562.49,UPI,Cancelled
ORD002198,CUST01088,2025-06-14,PRD006,2,2560.48,UPI,Cancelled
ORD002199,CUST00088,2026-05-14,PRD005,1,1643.5,Credit Card,Delivered
ORD002200,CUST00945,2026-04-21,PRD004,2,,Net Banking,Delivered
ORD002201,CUST01017,2025-10-23,PRD004,2,6396.07,COD,Cancelled
ORD002202,CUST00162,2025-10-27,PRD004,3,10203.74,COD,Delivered
ORD002203,CUST01164,2026-04-30,PRD004,1,3428.49,UPI,Delivered
ORD002204,CUST00015,2025-11-01,PRD011,1,9974.43,COD,Delivered
ORD002205,CUST00186,2026-02-07,PRD006,3,3682.81,Credit Card,Delivered
ORD002206,CUST00177,2025-09-09,PRD011,1,9819.43,Credit Card,Returned
ORD002207,CUST01198,2025-10-03,PRD008,2,5606.16,UPI,Delivered
ORD002208,CUST00208,2025-05-17,PRD007,1,994.66,Net Banking,Delivered
ORD002209,CUST00088,2026-07-11,PRD011,1,9910.02,COD,Returned
ORD002210,CUST00996,2026-08-21,PRD003,2,78760.48,Net Banking,Delivered
ORD002211,CUST00864,2026-05-06,PRD011,2,18684.36,Credit Card,Delivered
ORD002212,CUST00605,2025-09-08,PRD003,2,84340.28,Debit Card,Delivered
ORD002213,CUST00141,2026-01-04,PRD012,3,4063.02,UPI,Delivered
ORD002214,CUST00946,2025-10-18,PRD006,3,3637.76,Debit Card,Returned
ORD002215,CUST00839,2026-06-27,PRD005,1,1792.4,UPI,Delivered
ORD002216,CUST00387,2025-12-13,PRD011,2,18268.91,Credit Card,Delivered
ORD002217,CUST00017,2025-11-26,PRD005,1,1656.61,Credit Card,Delivered
ORD002218,CUST01043,2026-06-10,PRD002,1,14513.68,COD,Delivered
ORD002219,CUST00238,2025-11-18,PRD009,2,46583.08,Credit Card,Delivered
ORD002220,CUST00045,2026-08-01,PRD010,2,3616.15,COD,Delivered
ORD002221,CUST00824,2025-06-24,PRD005,3,5352.44,Net Banking,Cancelled
ORD002222,CUST00008,2025-08-23,PRD010,1,1906.36,Debit Card,Delivered
ORD002223,CUST01043,2026-01-02,PRD008,1,2925.34,Debit Card,Returned
ORD002224,CUST00230,2025-09-17,PRD012,1,1464.06,Net Banking,Returned
ORD002225,CUST00930,2025-11-26,PRD003,2,79684.73,Credit Card,Delivered
ORD002226,CUST00044,2025-06-22,PRD011,2,19917.72,UPI,Returned
ORD002227,CUST00217,2026-07-23,PRD007,1,975.59,UPI,Cancelled
ORD002228,CUST00416,2025-10-14,PRD005,1,1755.83,UPI,Delivered
ORD002229,CUST01039,2026-03-08,PRD008,1,2832.01,Debit Card,Delivered
ORD002230,CUST01049,2026-08-29,PRD004,3,9872.12,COD,Delivered
ORD002231,CUST00921,2025-10-28,PRD001,1,2428.39,Net Banking,Delivered
ORD002232,CUST00026,2026-02-27,PRD010,1,1868.89,Net Banking,Delivered
ORD002233,CUST00859,2026-02-18,PRD001,1,2348.03,Debit Card,Delivered
ORD002234,CUST00542,2025-06-03,PRD003,1,38990.72,Credit Card,Delivered
ORD002235,CUST00477,2026-02-18,PRD002,2,28955.19,COD,Delivered
ORD002236,CUST00946,2026-09-11,PRD003,1,39900.92,UPI,Delivered
ORD002237,CUST00116,2026-02-07,PRD012,3,4313.33,Debit Card,Delivered
ORD002238,CUST00205,2026-04-20,PRD010,1,1873.31,Credit Card,Delivered
ORD002239,CUST01129,2026-08-13,PRD011,1,9481.77,Net Banking,Delivered
ORD002240,CUST00634,2025-09-12,PRD002,3,41146.15,Debit Card,Delivered
ORD002241,CUST01115,2025-08-02,PRD008,1,2919.64,COD,Delivered
ORD002242,CUST00310,2026-01-22,PRD012,2,2957.69,Net Banking,Delivered
ORD002243,CUST00834,2025-11-30,PRD004,1,3176.44,COD,Delivered
ORD002244,CUST00612,2025-05-09,PRD003,1,39838.64,Credit Card,Delivered
ORD002245,CUST00354,2025-10-06,PRD007,1,981.86,UPI,Delivered
ORD002246,CUST00073,2026-04-26,PRD004,1,3300.12,COD,Delivered
ORD002247,CUST00441,2026-07-11,PRD001,2,4771.17,COD,Delivered
ORD002248,CUST00348,2026-03-09,PRD001,1,2257.05,Debit Card,Cancelled
ORD002249,CUST00485,2026-01-13,PRD007,2,1812.2,Debit Card,Cancelled
ORD002250,CUST00403,2026-06-30,PRD007,2,1800.19,COD,Delivered
ORD002251,CUST00975,2026-06-23,PRD010,1,1818.25,Credit Card,Delivered
ORD002252,CUST00280,2025-06-16,PRD006,2,2344.95,COD,Delivered
ORD002253,CUST00443,2025-10-06,PRD010,2,3899.1,UPI,Delivered
ORD002254,CUST00925,2026-07-06,PRD003,1,39577.11,COD,Delivered
ORD002255,CUST01160,2025-06-23,PRD001,3,7410.48,COD,Delivered
ORD002256,CUST01016,2026-08-09,PRD003,1,42157.36,Debit Card,Delivered
ORD002257,CUST00648,2026-07-31,PRD012,1,1467.87,COD,Cancelled
ORD002258,CUST00228,2025-09-11,PRD010,1,1997.56,UPI,Delivered
ORD002259,CUST00971,2025-08-26,PRD001,2,4620.59,UPI,Delivered
ORD002260,CUST00297,2026-07-17,PRD004,1,3424.3,Credit Card,Delivered
ORD002261,CUST00377,2025-07-10,PRD006,1,1220.71,Credit Card,Delivered
ORD002262,CUST00702,2025-11-25,PRD003,1,39859.55,UPI,Delivered
ORD002263,CUST00291,2025-07-31,PRD012,3,4309.63,Debit Card,Cancelled
ORD002264,CUST00914,2026-02-09,PRD008,1,2705.88,Credit Card,Delivered
ORD002265,CUST00862,2026-09-06,PRD011,3,27280.39,Credit Card,Delivered
ORD002266,CUST00964,2026-05-25,PRD007,1,959.31,Debit Card,Delivered
ORD002267,CUST01142,2026-08-28,PRD001,3,7458.03,Debit Card,Delivered
ORD002268,CUST01197,2025-12-16,PRD009,1,22591.73,UPI,Delivered
ORD002269,CUST00218,2025-05-20,PRD010,3,5970.06,Net Banking,Delivered
ORD002270,CUST01191,2026-02-10,PRD002,1,14309.78,COD,Returned
ORD002271,CUST00585,2025-09-15,PRD012,2,2963.49,Debit Card,Returned
ORD002272,CUST00981,2026-07-30,PRD009,2,49539.52,Net Banking,Cancelled
ORD002273,CUST00863,2025-06-15,PRD003,1,,UPI,Delivered
ORD002274,CUST01025,2025-11-25,PRD009,1,23146.12,Net Banking,Delivered
ORD002275,CUST00473,2026-08-22,PRD008,3,8176.99,Net Banking,Delivered
ORD002276,CUST00225,2025-03-24,PRD010,1,1922.98,Net Banking,Delivered
ORD002277,CUST00268,2025-04-07,PRD002,2,27149.25,Net Banking,Delivered
ORD002278,CUST01084,2026-03-21,PRD004,2,6809.31,Credit Card,Delivered
ORD002279,CUST00405,2026-07-02,PRD006,1,1204.05,COD,Delivered
ORD002280,CUST00554,2026-09-09,PRD008,1,2734.27,Net Banking,Delivered
ORD002281,CUST01081,2026-06-29,PRD007,1,917.83,UPI,Delivered
ORD002282,CUST00345,2025-04-27,PRD002,1,14589.31,Credit Card,Delivered
ORD002283,CUST00030,2025-11-01,PRD006,1,1196.14,Credit Card,Delivered
ORD002284,CUST00005,2025-08-08,PRD001,1,2378.8,Credit Card,Delivered
ORD002285,CUST00598,2026-04-11,PRD012,3,4251.21,Net Banking,Delivered
ORD002286,CUST00228,2025-05-25,PRD010,1,1903.27,Net Banking,Delivered
ORD002287,CUST00185,2026-05-14,PRD002,1,14696.5,UPI,Delivered
ORD002288,CUST01188,2026-03-05,PRD002,2,29222.2,Credit Card,Delivered
ORD002289,CUST00482,2026-01-03,PRD003,3,128143.28,Net Banking,Delivered
ORD002290,CUST01090,2025-04-02,PRD010,3,5826.9,UPI,Delivered
ORD002291,CUST00796,2025-12-05,PRD001,2,4666.55,Net Banking,Cancelled
ORD002292,CUST00169,2026-04-17,PRD009,2,,Credit Card,Delivered
ORD002293,CUST00084,2025-08-26,PRD001,1,2453.0,Net Banking,Delivered
ORD002294,CUST01055,2025-10-22,PRD005,3,5091.83,UPI,Delivered
ORD002295,CUST00501,2026-06-08,PRD008,1,2856.07,UPI,Delivered
ORD002296,CUST00652,2026-05-10,PRD002,3,43403.03,Debit Card,Delivered
ORD002297,CUST00676,2025-10-03,PRD009,1,24906.14,Debit Card,Cancelled
ORD002298,CUST00308,2026-04-11,PRD001,1,2450.25,UPI,Delivered
ORD002299,CUST00141,2025-12-22,PRD006,1,1200.17,COD,Delivered
ORD002300,CUST00842,2026-03-06,PRD001,2,4969.74,Net Banking,Delivered
ORD002301,CUST00014,2025-11-07,PRD005,1,1745.76,COD,Delivered
ORD002302,CUST00885,2025-05-26,PRD008,1,2727.74,Net Banking,Cancelled
ORD002303,CUST00283,2025-06-07,PRD005,3,5294.52,Net Banking,Cancelled
ORD002304,CUST00188,2025-08-09,PRD012,2,2739.5,Credit Card,Delivered
ORD002305,CUST01052,2026-06-09,PRD008,2,5571.53,UPI,Delivered
ORD002306,CUST00306,2026-05-01,PRD007,1,933.73,UPI,Delivered
ORD002307,CUST01018,2025-05-20,PRD005,3,4930.67,Credit Card,Delivered
ORD002308,CUST00735,2025-06-20,PRD011,1,9158.85,Credit Card,Delivered
ORD002309,CUST00706,2025-10-29,PRD008,1,2725.25,Net Banking,Delivered
ORD002310,CUST00194,2025-09-20,PRD009,1,23329.11,Net Banking,Delivered
ORD002311,CUST00238,2026-07-27,PRD011,2,19254.76,Debit Card,Delivered
ORD002312,CUST00709,2026-05-24,PRD010,1,1972.27,COD,Delivered
ORD002313,CUST00235,2025-07-12,PRD001,1,2292.31,UPI,Delivered
ORD002314,CUST00542,2025-05-12,PRD007,2,1815.23,Net Banking,Delivered
ORD002315,CUST00497,2026-03-02,PRD009,1,22573.16,Credit Card,Delivered
ORD002316,CUST00411,2025-04-29,PRD003,2,85355.0,COD,Cancelled
ORD002317,CUST00141,2026-07-19,PRD006,1,1254.17,Debit Card,Delivered
ORD002318,CUST01091,2025-12-11,PRD012,1,1459.34,COD,Delivered
ORD002319,CUST00666,2025-07-31,PRD004,3,10238.69,Debit Card,Delivered
ORD002320,CUST00782,2025-08-08,PRD012,1,1394.89,Credit Card,Delivered
ORD002321,CUST00296,2025-08-27,PRD008,2,5909.31,Debit Card,Delivered
ORD002322,CUST00785,2025-11-16,PRD001,1,2332.29,UPI,Delivered
ORD002323,CUST00750,2026-05-20,PRD008,3,8660.44,Credit Card,Cancelled
ORD002324,CUST00634,2026-04-02,PRD008,1,2803.98,COD,Delivered
ORD002325,CUST00171,2026-01-21,PRD008,2,5496.08,Debit Card,Delivered
ORD002326,CUST00208,2026-02-04,PRD012,3,4253.64,Credit Card,Delivered
ORD002327,CUST00808,2026-05-06,PRD008,1,2953.21,COD,Delivered
ORD002328,CUST00720,2025-06-08,PRD012,2,2954.81,Debit Card,Delivered
ORD002329,CUST00157,2025-08-23,PRD010,2,3761.63,Net Banking,Returned
ORD002330,CUST00906,2025-07-18,PRD009,1,23232.7,COD,Cancelled
ORD002331,CUST00165,2025-10-07,PRD011,1,9638.15,Debit Card,Delivered
ORD002332,CUST00031,2025-10-02,PRD001,2,4552.6,Net Banking,Delivered
ORD002333,CUST00622,2025-08-25,PRD009,2,46504.83,Credit Card,Delivered
ORD002334,CUST00258,2026-08-13,PRD004,1,3433.11,Debit Card,Returned
ORD002335,CUST00110,2025-06-14,PRD005,3,5256.1,COD,Delivered
ORD002336,CUST01122,2026-02-26,PRD003,1,40145.06,COD,Delivered
ORD002337,CUST00518,2025-12-02,PRD010,3,5495.43,Debit Card,Cancelled
ORD002338,CUST01178,2025-11-13,PRD003,1,41536.71,Debit Card,Delivered
ORD002339,CUST00580,2025-08-27,PRD011,1,9100.17,Net Banking,Cancelled
ORD002340,CUST01010,2026-04-26,PRD004,2,6669.93,COD,Delivered
ORD002341,CUST00511,2026-03-31,PRD001,3,6977.25,Debit Card,Delivered
ORD002342,CUST01062,2025-06-08,PRD005,2,3419.07,Credit Card,Returned
ORD002343,CUST00133,2025-08-25,PRD009,2,49004.89,Net Banking,Delivered
ORD002344,CUST00048,2025-10-14,PRD007,2,1952.87,Debit Card,Delivered
ORD002345,CUST00202,2026-02-27,PRD002,1,13740.58,Debit Card,Delivered
ORD002346,CUST00637,2025-04-05,PRD004,3,9533.65,Credit Card,Cancelled
ORD002347,CUST00507,2025-07-13,PRD001,1,2261.83,Net Banking,Cancelled
ORD002348,CUST01082,2025-08-31,PRD007,1,923.05,Credit Card,Returned
ORD002349,CUST00206,2026-01-30,PRD012,3,4274.5,UPI,Delivered
ORD002350,CUST00120,2025-08-08,PRD004,1,3393.63,UPI,Delivered
ORD002351,CUST00706,2026-04-14,PRD008,2,5771.81,UPI,Returned
ORD002352,CUST00165,2026-04-27,PRD002,1,13518.91,Debit Card,Delivered
ORD002353,CUST00973,2026-09-09,PRD002,1,14533.82,UPI,Delivered
ORD002354,CUST00619,2025-10-26,PRD008,3,8138.31,UPI,Delivered
ORD002355,CUST00795,2026-02-17,PRD003,1,41351.45,UPI,Delivered
ORD002356,CUST01040,2025-06-21,PRD005,1,1670.35,COD,Delivered
ORD002357,CUST01073,2025-09-22,PRD006,1,1250.77,UPI,Delivered
ORD002358,CUST00422,2025-06-13,PRD008,1,2858.08,UPI,Delivered
ORD002359,CUST00047,2026-06-24,PRD008,1,2901.83,COD,Delivered
ORD002360,CUST01071,2025-09-06,PRD012,1,1465.93,Net Banking,Delivered
ORD002361,CUST00116,2025-10-09,PRD012,1,1490.83,UPI,Delivered
ORD002362,CUST00874,2026-07-01,PRD001,2,4553.71,Net Banking,Delivered
ORD002363,CUST00963,2025-12-08,PRD003,1,41609.47,Net Banking,Returned
ORD002364,CUST00787,2025-06-20,PRD005,2,3281.6,Credit Card,Delivered
ORD002365,CUST00994,2025-12-29,PRD006,1,1283.19,Net Banking,Delivered
ORD002366,CUST00218,2025-06-23,PRD001,1,2385.8,Net Banking,Cancelled
ORD002367,CUST00751,2026-07-18,PRD006,2,2468.23,UPI,Returned
ORD002368,CUST00348,2025-03-28,PRD011,1,9292.23,Credit Card,Delivered
ORD002369,CUST00437,2026-08-14,PRD007,1,981.44,COD,Delivered
ORD002370,CUST01199,2025-09-21,PRD001,2,4879.76,Net Banking,Delivered
ORD002371,CUST00722,2025-09-04,PRD008,1,2840.7,COD,Delivered
ORD002372,CUST00907,2025-07-20,PRD011,3,28307.96,UPI,Delivered
ORD002373,CUST00504,2025-08-18,PRD010,1,1986.93,Credit Card,Delivered
ORD002374,CUST00184,2026-05-15,PRD006,1,1278.05,Debit Card,Cancelled
ORD002375,CUST00298,2026-05-21,PRD007,1,991.78,Credit Card,Delivered
ORD002376,CUST00405,2026-03-06,PRD006,1,1293.15,Net Banking,Delivered
ORD002377,CUST00529,2025-09-29,PRD003,1,41721.14,UPI,Returned
ORD002378,CUST01103,2025-11-24,PRD004,2,,Debit Card,Delivered
ORD002379,CUST01031,2026-07-26,PRD002,1,13951.21,UPI,Delivered
ORD002380,CUST00871,2026-07-23,PRD010,1,1862.35,Credit Card,Returned
ORD002381,CUST00096,2026-06-17,PRD003,1,39005.55,COD,Delivered
ORD002382,CUST00747,2026-06-20,PRD012,2,2907.55,COD,Delivered
ORD002383,CUST00502,2026-05-17,PRD004,3,10092.3,Debit Card,Returned
ORD002384,CUST00477,2025-12-29,PRD005,2,3239.33,UPI,Delivered
ORD002385,CUST00243,2025-07-22,PRD005,2,3514.78,Credit Card,Delivered
ORD002386,CUST01005,2025-07-08,PRD009,2,49275.64,UPI,Cancelled
ORD002387,CUST00656,2026-03-14,PRD008,1,2795.35,UPI,Delivered
ORD002388,CUST00281,2025-10-22,PRD009,1,24768.03,Debit Card,Delivered
ORD002389,CUST00202,2025-05-13,PRD003,1,41988.85,COD,Delivered
ORD002390,CUST01038,2025-09-14,PRD002,1,13731.23,UPI,Delivered
ORD002391,CUST00946,2025-04-26,PRD003,1,38780.2,Debit Card,Cancelled
ORD002392,CUST00600,2026-01-13,PRD007,3,2808.13,Debit Card,Returned
ORD002393,CUST00866,2026-01-03,PRD008,2,5612.99,COD,Delivered
ORD002394,CUST00209,2026-04-25,PRD001,2,4911.49,COD,Delivered
ORD002395,CUST00251,2026-07-05,PRD006,2,2534.27,COD,Returned
ORD002396,CUST01089,2026-08-27,PRD011,1,9721.69,Credit Card,Delivered
ORD002397,CUST00201,2025-04-20,PRD008,1,2767.56,UPI,Delivered
ORD002398,CUST00381,2026-01-21,PRD008,1,2951.18,Net Banking,Returned
ORD002399,CUST00665,2025-08-01,PRD012,2,2813.12,Credit Card,Delivered
ORD002400,CUST01153,2025-08-06,PRD003,1,41931.51,Net Banking,Delivered
ORD002401,CUST00825,2026-04-24,PRD003,2,81837.37,Debit Card,Delivered
ORD002402,CUST00094,2026-03-28,PRD008,2,5479.84,COD,Delivered
ORD002403,CUST00773,2026-03-07,PRD011,1,9944.6,Credit Card,Delivered
ORD002404,CUST00693,2025-07-31,PRD004,3,10413.91,COD,Delivered
ORD002405,CUST00856,2026-03-28,PRD012,1,1367.89,Net Banking,Delivered
ORD002406,CUST00884,2025-11-22,PRD012,2,,COD,Returned
ORD002407,CUST00062,2025-04-11,PRD005,2,3426.49,COD,Delivered
ORD002408,CUST00165,2026-02-12,PRD011,1,9692.95,Debit Card,Delivered
ORD002409,CUST00482,2026-01-13,PRD005,1,1623.67,Net Banking,Delivered
ORD002410,CUST00297,2025-05-09,PRD008,1,2921.69,Debit Card,Delivered
ORD002411,CUST00430,2025-07-01,PRD008,2,5863.95,Debit Card,Delivered
ORD002412,CUST00393,2026-06-12,PRD011,3,28231.66,UPI,Cancelled
ORD002413,CUST00971,2025-04-24,PRD009,2,47497.16,Debit Card,Returned
ORD002414,CUST00706,2026-07-21,PRD005,1,1632.95,UPI,Delivered
ORD002415,CUST00495,2025-12-28,PRD009,1,22951.4,Credit Card,Delivered
ORD002416,CUST00825,2025-04-22,PRD012,1,1380.02,UPI,Delivered
ORD002417,CUST00361,2025-07-21,PRD003,3,117429.68,UPI,Delivered
ORD002418,CUST00952,2026-01-31,PRD006,3,3673.28,UPI,Returned
ORD002419,CUST01008,2026-01-28,PRD002,2,29336.36,Credit Card,Delivered
ORD002420,CUST01113,2025-11-26,PRD006,1,1277.85,COD,Delivered
ORD002421,CUST01182,2026-01-04,PRD009,1,22938.39,UPI,Delivered
ORD002422,CUST00871,2026-05-16,PRD010,1,1970.31,Credit Card,Delivered
ORD002423,CUST00384,2025-09-09,PRD001,1,2497.73,Net Banking,Cancelled
ORD002424,CUST01126,2026-02-26,PRD001,1,2471.63,Credit Card,Delivered
ORD002425,CUST00815,2025-07-05,PRD005,2,3259.99,Net Banking,Returned
ORD002426,CUST00052,2025-05-22,PRD002,2,29659.2,UPI,Delivered
ORD002427,CUST00443,2025-05-05,PRD002,2,28335.06,UPI,Delivered
ORD002428,CUST00702,2025-07-05,PRD011,1,9290.28,Credit Card,Delivered
ORD002429,CUST00428,2026-01-07,PRD003,2,78976.61,Debit Card,Returned
ORD002430,CUST00772,2025-07-15,PRD010,1,1971.62,COD,Returned
ORD002431,CUST00328,2025-12-09,PRD010,1,1885.7,Credit Card,Cancelled
ORD002432,CUST01138,2026-01-22,PRD001,2,4779.5,COD,Delivered
ORD002433,CUST00666,2026-01-29,PRD005,1,1682.03,Net Banking,Delivered
ORD002434,CUST01127,2026-06-29,PRD006,1,1197.55,Net Banking,Delivered
ORD002435,CUST00461,2025-05-20,PRD003,2,85923.24,COD,Cancelled
ORD002436,CUST00370,2026-07-12,PRD009,1,23930.52,COD,Delivered
ORD002437,CUST00456,2026-05-14,PRD006,3,3887.23,Net Banking,Delivered
ORD002438,CUST00880,2025-07-04,PRD001,1,2428.66,COD,Returned
ORD002439,CUST00810,2026-05-30,PRD011,1,9452.67,Credit Card,Returned
ORD002440,CUST01133,2026-02-15,PRD011,1,9204.49,COD,Delivered
ORD002441,CUST00543,2025-11-22,PRD010,3,5621.37,COD,Delivered
ORD002442,CUST00002,2025-03-21,PRD009,2,49078.36,COD,Delivered
ORD002443,CUST01015,2026-05-02,PRD006,2,2343.84,UPI,Returned
ORD002444,CUST01118,2026-02-08,PRD001,3,6824.73,Credit Card,Cancelled
ORD002445,CUST00293,2025-12-12,PRD001,1,2268.53,Debit Card,Delivered
ORD002446,CUST00613,2025-06-24,PRD004,2,6479.48,Net Banking,Delivered
ORD002447,CUST00071,2025-12-19,PRD010,1,1830.46,Credit Card,Delivered
ORD002448,CUST00507,2025-12-23,PRD004,1,3207.8,Debit Card,Delivered
ORD002449,CUST00138,2026-08-16,PRD001,1,2475.48,Debit Card,Returned
ORD002450,CUST00705,2025-08-29,PRD001,1,2431.37,Debit Card,Delivered
ORD002451,CUST00581,2026-07-02,PRD006,3,3520.31,COD,Delivered
ORD002452,CUST01190,2025-08-02,PRD009,2,46422.33,Credit Card,Returned
ORD002453,CUST00397,2025-08-16,PRD004,1,3252.16,Credit Card,Returned
ORD002454,CUST00808,2026-01-18,PRD003,2,77460.48,Net Banking,Delivered
ORD002455,CUST00055,2025-09-03,PRD006,2,2478.07,Credit Card,Cancelled
ORD002456,CUST00251,2025-11-13,PRD003,1,39088.09,Net Banking,Cancelled
ORD002457,CUST00118,2026-08-30,PRD008,1,2816.91,Net Banking,Cancelled
ORD002458,CUST00275,2026-08-13,PRD001,1,2490.75,COD,Delivered
ORD002459,CUST00406,2025-12-09,PRD002,2,28762.08,Debit Card,Delivered
ORD002460,CUST00328,2025-09-09,PRD002,1,14391.99,Debit Card,Delivered
ORD002461,CUST00191,2026-08-29,PRD010,1,1867.45,UPI,Delivered
ORD002462,CUST00165,2025-11-30,PRD003,1,39025.95,Credit Card,Delivered
ORD002463,CUST00205,2025-06-17,PRD008,1,2819.29,COD,Delivered
ORD002464,CUST00562,2025-04-25,PRD008,1,2954.93,COD,Delivered
ORD002465,CUST00516,2025-11-09,PRD007,1,913.27,UPI,Returned
ORD002466,CUST00872,2025-09-01,PRD002,2,27683.86,UPI,Returned
ORD002467,CUST01170,2026-08-02,PRD010,1,1974.88,Debit Card,Delivered
ORD002468,CUST00646,2025-11-15,PRD003,1,39413.81,UPI,Delivered
ORD002469,CUST00129,2026-02-28,PRD006,3,3636.63,UPI,Delivered
ORD002470,CUST00651,2026-01-05,PRD002,1,14656.86,UPI,Delivered
ORD002471,CUST01192,2025-06-27,PRD011,1,9665.22,UPI,Delivered
ORD002472,CUST01060,2026-05-15,PRD008,2,,Credit Card,Delivered
ORD002473,CUST00535,2026-05-06,PRD008,2,5622.74,Debit Card,Delivered
ORD002474,CUST00269,2025-07-14,PRD003,1,39715.02,Debit Card,Delivered
ORD002475,CUST00659,2025-12-16,PRD012,2,2875.29,UPI,Cancelled
ORD002476,CUST00620,2025-09-09,PRD009,2,47155.22,COD,Delivered
ORD002477,CUST01177,2026-01-01,PRD004,1,3414.17,Net Banking,Returned
ORD002478,CUST00619,2025-05-15,PRD009,2,46787.97,Net Banking,Delivered
ORD002479,CUST00118,2025-08-30,PRD003,1,41033.52,Debit Card,Delivered
ORD002480,CUST00888,2026-02-13,PRD005,1,1679.1,Net Banking,Returned
ORD002481,CUST00736,2026-01-23,PRD012,2,2946.9,Net Banking,Delivered
ORD002482,CUST00352,2025-06-12,PRD006,3,3816.62,Credit Card,Delivered
ORD002483,CUST00829,2025-06-13,PRD003,1,39843.41,COD,Cancelled
ORD002484,CUST00257,2026-05-08,PRD011,2,18722.95,Credit Card,Cancelled
ORD002485,CUST00654,2026-05-19,PRD012,1,1436.88,Credit Card,Delivered
ORD002486,CUST01138,2026-06-24,PRD003,1,40205.63,UPI,Delivered
ORD002487,CUST01093,2026-02-13,PRD003,1,,COD,Cancelled
ORD002488,CUST00345,2025-06-13,PRD005,2,3386.15,Net Banking,Delivered
ORD002489,CUST00516,2026-08-19,PRD003,3,127076.0,Credit Card,Delivered
ORD002490,CUST00333,2026-09-01,PRD004,1,3348.45,Credit Card,Delivered
ORD002491,CUST01173,2026-03-08,PRD001,1,2412.82,COD,Delivered
ORD002492,CUST00349,2026-05-20,PRD012,2,2821.09,UPI,Delivered
ORD002493,CUST00538,2026-05-16,PRD006,1,1216.03,Credit Card,Delivered
ORD002494,CUST00380,2025-08-13,PRD002,2,28939.12,UPI,Returned
ORD002495,CUST00475,2026-08-06,PRD010,1,1951.08,Net Banking,Delivered
ORD002496,CUST00450,2025-11-30,PRD004,1,3337.61,Credit Card,Cancelled
ORD002497,CUST00276,2026-06-26,PRD003,1,39101.77,Net Banking,Returned
ORD002498,CUST00456,2025-08-31,PRD007,1,941.05,UPI,Delivered
ORD002499,CUST01084,2025-06-07,PRD003,2,77718.73,COD,Delivered
ORD002500,CUST00576,2025-09-17,PRD007,1,973.86,UPI,Delivered
ORD002501,CUST00971,2025-09-28,PRD007,1,920.92,Net Banking,Delivered
ORD002502,CUST00725,2026-04-27,PRD001,1,2306.14,Credit Card,Delivered
ORD002503,CUST00410,2025-11-18,PRD005,2,3535.45,Credit Card,Delivered
ORD002504,CUST00457,2025-11-05,PRD011,1,9866.36,Credit Card,Delivered
ORD002505,CUST00841,2025-10-19,PRD002,1,14687.87,Debit Card,Delivered
ORD002506,CUST00580,2025-11-01,PRD012,1,1394.02,Credit Card,Delivered
ORD002507,CUST00204,2026-05-06,PRD007,1,980.73,UPI,Delivered
ORD002508,CUST00403,2025-10-25,PRD008,1,2896.58,COD,Delivered
ORD002509,CUST01072,2026-08-26,PRD006,2,2570.54,UPI,Delivered
ORD002510,CUST00865,2025-09-27,PRD012,1,1439.7,Credit Card,Cancelled
ORD002511,CUST00093,2026-05-29,PRD005,2,3408.52,Debit Card,Returned
ORD002512,CUST00205,2026-08-29,PRD009,2,49988.03,COD,Delivered
ORD002513,CUST01157,2026-05-09,PRD004,1,3213.04,Credit Card,Delivered
ORD002514,CUST00588,2025-03-31,PRD009,1,23165.6,Debit Card,Delivered
ORD002515,CUST00160,2026-04-05,PRD008,1,2802.67,Debit Card,Delivered
ORD002516,CUST00403,2025-07-11,PRD009,2,47241.29,UPI,Delivered
ORD002517,CUST00339,2026-04-12,PRD006,1,1217.13,Credit Card,Cancelled
ORD002518,CUST00776,2025-08-27,PRD003,2,77754.77,COD,Delivered
ORD002519,CUST00355,2025-10-08,PRD004,2,6792.33,UPI,Delivered
ORD002520,CUST00025,2025-09-10,PRD001,2,4748.53,Debit Card,Delivered
ORD002521,CUST00641,2026-05-22,PRD008,3,8254.19,COD,Delivered
ORD002522,CUST00571,2025-09-12,PRD004,1,3360.23,UPI,Cancelled
ORD002523,CUST01192,2026-01-17,PRD004,2,6481.44,COD,Delivered
ORD002524,CUST00103,2025-07-06,PRD005,2,3466.71,UPI,Returned
ORD002525,CUST00602,2025-07-15,PRD004,2,6932.59,Debit Card,Delivered
ORD002526,CUST00565,2025-12-17,PRD004,2,6807.47,UPI,Delivered
ORD002527,CUST01111,2026-06-26,PRD008,3,8413.46,COD,Delivered
ORD002528,CUST00526,2025-05-17,PRD007,2,1973.39,Credit Card,Delivered
ORD002529,CUST00828,2025-07-30,PRD009,1,23241.41,UPI,Delivered
ORD002530,CUST01064,2025-09-12,PRD006,2,2486.61,UPI,Cancelled
ORD002531,CUST00306,2025-12-05,PRD008,2,5498.33,UPI,Delivered
ORD002532,CUST00023,2026-04-14,PRD009,1,24242.79,Net Banking,Delivered
ORD002533,CUST00789,2025-11-29,PRD001,1,2339.9,COD,Delivered
ORD002534,CUST00069,2026-08-27,PRD006,1,,Debit Card,Delivered
ORD002535,CUST00871,2025-04-14,PRD010,2,3609.01,COD,Delivered
ORD002536,CUST00902,2026-03-12,PRD011,1,9403.61,UPI,Delivered
ORD002537,CUST01123,2026-03-27,PRD003,1,40507.77,COD,Cancelled
ORD002538,CUST01177,2026-07-24,PRD011,1,9613.35,Net Banking,Cancelled
ORD002539,CUST00926,2025-12-09,PRD009,3,69965.43,Net Banking,Delivered
ORD002540,CUST00675,2025-08-19,PRD011,2,18091.57,COD,Returned
ORD002541,CUST00421,2026-02-11,PRD010,2,3869.96,Credit Card,Delivered
ORD002542,CUST01055,2025-10-09,PRD012,2,2849.21,COD,Returned
ORD002543,CUST00819,2025-05-14,PRD001,3,7346.18,Debit Card,Returned
ORD002544,CUST00045,2026-03-01,PRD011,3,27411.41,UPI,Delivered
ORD002545,CUST00933,2025-08-17,PRD001,1,2389.3,UPI,Delivered
ORD002546,CUST01117,2025-10-06,PRD007,3,2706.21,COD,Cancelled
ORD002547,CUST00422,2026-08-01,PRD003,1,40428.6,Credit Card,Cancelled
ORD002548,CUST01184,2025-05-19,PRD011,1,9942.51,Net Banking,Delivered
ORD002549,CUST01191,2025-06-01,PRD003,2,78086.98,Net Banking,Returned
ORD002550,CUST01099,2026-04-29,PRD003,2,78721.87,Debit Card,Delivered
ORD002551,CUST00418,2025-09-12,PRD004,2,6814.33,UPI,Delivered
ORD002552,CUST01094,2026-05-13,PRD007,1,916.24,Net Banking,Delivered
ORD002553,CUST00598,2025-10-30,PRD003,1,41689.49,Net Banking,Delivered
ORD002554,CUST00481,2025-06-10,PRD002,3,44806.4,Debit Card,Cancelled
ORD002555,CUST00040,2025-06-10,PRD002,1,14347.41,COD,Delivered
ORD002556,CUST00921,2025-08-29,PRD001,2,4529.94,Debit Card,Delivered
ORD002557,CUST01104,2025-07-06,PRD008,1,2776.61,Net Banking,Delivered
ORD002558,CUST01087,2025-05-07,PRD003,1,42622.6,Debit Card,Delivered
ORD002559,CUST00503,2025-07-31,PRD001,3,7400.71,UPI,Delivered
ORD002560,CUST00955,2026-01-24,PRD012,2,2839.55,UPI,Delivered
ORD002561,CUST00792,2026-05-06,PRD011,2,18540.3,Credit Card,Delivered
ORD002562,CUST00234,2025-08-08,PRD006,3,3843.88,UPI,Delivered
ORD002563,CUST00211,2026-01-01,PRD007,3,2961.78,Net Banking,Returned
ORD002564,CUST00291,2025-08-25,PRD011,2,18001.15,COD,Delivered
ORD002565,CUST00095,2025-04-01,PRD002,2,28795.31,Credit Card,Delivered
ORD002566,CUST00845,2026-05-11,PRD011,1,9878.85,Credit Card,Delivered
ORD002567,CUST00064,2025-04-26,PRD009,3,71379.01,UPI,Delivered
ORD002568,CUST00931,2026-05-19,PRD003,2,78822.36,COD,Delivered
ORD002569,CUST01127,2026-04-09,PRD003,3,119915.38,Debit Card,Returned
ORD002570,CUST01079,2025-09-06,PRD006,1,1171.6,Credit Card,Delivered
ORD002571,CUST01058,2026-06-24,PRD009,3,70038.79,Net Banking,Delivered
ORD002572,CUST00377,2026-07-22,PRD011,3,27824.05,UPI,Delivered
ORD002573,CUST00859,2025-11-16,PRD009,1,23979.88,UPI,Delivered
ORD002574,CUST00789,2026-07-11,PRD002,1,14108.28,Credit Card,Cancelled
ORD002575,CUST00032,2025-06-28,PRD009,1,24600.7,Credit Card,Delivered
ORD002576,CUST00246,2025-11-28,PRD008,1,2940.36,COD,Delivered
ORD002577,CUST00399,2025-11-24,PRD011,1,9217.42,Net Banking,Delivered
ORD002578,CUST00782,2025-09-16,PRD011,3,27756.47,Net Banking,Delivered
ORD002579,CUST00993,2026-03-21,PRD001,1,2432.97,Debit Card,Delivered
ORD002580,CUST00293,2026-04-05,PRD005,1,1686.37,COD,Delivered
ORD002581,CUST00816,2025-08-05,PRD001,2,4961.03,Credit Card,Delivered
ORD002582,CUST00940,2026-04-28,PRD006,1,1240.72,Debit Card,Delivered
ORD002583,CUST01168,2025-04-02,PRD008,2,5954.12,UPI,Returned
ORD002584,CUST00512,2025-05-24,PRD010,2,3777.65,Credit Card,Delivered
ORD002585,CUST00602,2025-10-28,PRD004,2,6889.15,Debit Card,Delivered
ORD002586,CUST00087,2025-10-21,PRD006,1,1268.36,Debit Card,Delivered
ORD002587,CUST01027,2025-12-08,PRD002,3,42475.44,Debit Card,Delivered
ORD002588,CUST00571,2025-04-15,PRD011,1,9872.72,Debit Card,Delivered
ORD002589,CUST01045,2025-12-31,PRD009,1,24684.71,Net Banking,Delivered
ORD002590,CUST00926,2026-07-27,PRD008,1,2782.01,COD,Delivered
ORD002591,CUST00842,2025-12-22,PRD003,1,39691.61,UPI,Delivered
ORD002592,CUST00781,2025-03-29,PRD007,2,1923.06,Net Banking,Delivered
ORD002593,CUST00836,2025-11-12,PRD005,2,3372.35,Debit Card,Delivered
ORD002594,CUST01162,2025-04-07,PRD008,3,8218.66,UPI,Delivered
ORD002595,CUST00526,2025-12-18,PRD003,2,78985.03,COD,Delivered
ORD002596,CUST01155,2026-05-26,PRD010,1,1882.45,UPI,Delivered
ORD002597,CUST00930,2026-05-21,PRD010,2,3673.82,Debit Card,Delivered
ORD002598,CUST00773,2025-12-11,PRD010,2,3977.2,Credit Card,Delivered
ORD002599,CUST00340,2026-01-25,PRD012,2,2918.26,Credit Card,Cancelled
ORD002600,CUST00442,2026-02-26,PRD006,2,2562.97,COD,Cancelled
ORD002601,CUST01139,2026-04-21,PRD009,2,47252.81,Credit Card,Cancelled
ORD002602,CUST00763,2026-01-20,PRD007,1,923.78,Net Banking,Delivered
ORD002603,CUST00354,2026-08-29,PRD001,2,4901.78,Net Banking,Delivered
ORD002604,CUST00506,2026-05-16,PRD002,1,14290.87,Credit Card,Delivered
ORD002605,CUST00174,2026-01-02,PRD003,1,38825.22,UPI,Delivered
ORD002606,CUST00594,2026-05-26,PRD005,1,1737.51,COD,Delivered
ORD002607,CUST00817,2026-06-21,PRD003,2,85515.51,Debit Card,Cancelled
ORD002608,CUST00465,2025-05-07,PRD001,1,2390.05,Credit Card,Cancelled
ORD002609,CUST00616,2026-08-01,PRD002,1,14716.31,COD,Delivered
ORD002610,CUST00659,2026-02-13,PRD003,3,122161.16,UPI,Returned
ORD002611,CUST00165,2026-09-08,PRD010,2,3729.02,COD,Delivered
ORD002612,CUST00609,2026-05-01,PRD003,3,128220.72,Credit Card,Cancelled
ORD002613,CUST00608,2026-05-09,PRD001,1,2426.38,Credit Card,Delivered
ORD002614,CUST00114,2025-11-08,PRD009,1,24578.14,UPI,Delivered
ORD002615,CUST01168,2025-08-17,PRD008,2,5963.46,UPI,Delivered
ORD002616,CUST00535,2025-11-19,PRD009,2,49574.89,Net Banking,Delivered
ORD002617,CUST01117,2026-07-09,PRD001,3,7024.71,Net Banking,Delivered
ORD002618,CUST00270,2026-04-24,PRD001,1,2340.19,UPI,Delivered
ORD002619,CUST00919,2026-03-07,PRD010,2,3972.59,COD,Delivered
ORD002620,CUST01172,2025-04-29,PRD006,2,2536.81,Debit Card,Delivered
ORD002621,CUST00014,2026-03-05,PRD005,1,1674.39,Debit Card,Cancelled
ORD002622,CUST00247,2025-09-20,PRD012,1,1493.66,Credit Card,Delivered
ORD002623,CUST00988,2025-12-30,PRD011,2,18807.53,UPI,Delivered
ORD002624,CUST00107,2026-03-29,PRD008,2,5783.49,UPI,Delivered
ORD002625,CUST01017,2026-06-06,PRD006,1,1180.29,Net Banking,Delivered
ORD002626,CUST00368,2025-11-09,PRD001,1,2457.35,Net Banking,Delivered
ORD002627,CUST00014,2025-04-01,PRD012,1,1426.39,Credit Card,Delivered
ORD002628,CUST00431,2026-01-25,PRD008,1,2918.56,Debit Card,Delivered
ORD002629,CUST00636,2025-03-24,PRD005,2,3457.29,Debit Card,Delivered
ORD002630,CUST01011,2026-06-11,PRD007,1,994.88,COD,Delivered
ORD002631,CUST00264,2025-03-31,PRD004,1,3472.06,UPI,Delivered
ORD002632,CUST00964,2025-07-20,PRD007,1,974.73,UPI,Delivered
ORD002633,CUST00966,2025-11-06,PRD011,1,9687.09,Debit Card,Delivered
ORD002634,CUST00184,2025-08-07,PRD008,3,8688.77,Net Banking,Delivered
ORD002635,CUST00183,2025-07-19,PRD006,1,1218.92,Debit Card,Delivered
ORD002636,CUST00076,2026-03-20,PRD010,1,1869.87,UPI,Delivered
ORD002637,CUST00706,2025-09-13,PRD006,2,2527.57,UPI,Cancelled
ORD002638,CUST00658,2025-11-23,PRD008,1,2939.25,COD,Delivered
ORD002639,CUST00750,2026-03-15,PRD004,2,6943.29,UPI,Delivered
ORD002640,CUST01008,2026-05-10,PRD008,1,2702.49,Credit Card,Delivered
ORD002641,CUST00026,2026-01-25,PRD012,1,1395.83,Net Banking,Delivered
ORD002642,CUST00566,2025-09-28,PRD001,1,2446.14,Net Banking,Delivered
ORD002643,CUST00307,2026-07-09,PRD003,1,38802.87,Credit Card,Returned
ORD002644,CUST00875,2026-07-02,PRD007,2,1951.48,UPI,Cancelled
ORD002645,CUST00489,2025-06-11,PRD009,1,23859.02,COD,Delivered
ORD002646,CUST00571,2026-05-12,PRD011,3,28977.32,Net Banking,Cancelled
ORD002647,CUST01107,2025-07-10,PRD001,1,2288.45,Debit Card,Delivered
ORD002648,CUST00186,2025-06-27,PRD007,1,969.96,Credit Card,Delivered
ORD002649,CUST00418,2025-04-04,PRD012,1,1411.69,Credit Card,Delivered
ORD002650,CUST00114,2026-02-09,PRD004,2,6508.13,UPI,Delivered
ORD002651,CUST01031,2026-06-20,PRD009,1,,COD,Cancelled
ORD002652,CUST00088,2026-05-15,PRD009,3,71685.05,UPI,Delivered
ORD002653,CUST00816,2026-01-06,PRD003,1,41776.27,Net Banking,Delivered
ORD002654,CUST00190,2026-08-18,PRD009,3,72216.12,Debit Card,Returned
ORD002655,CUST00456,2025-09-13,PRD002,1,14783.25,Credit Card,Delivered
ORD002656,CUST00799,2025-09-07,PRD007,1,952.76,Net Banking,Delivered
ORD002657,CUST00694,2025-07-23,PRD009,1,24499.88,Credit Card,Delivered
ORD002658,CUST00382,2025-07-11,PRD011,1,9655.23,UPI,Delivered
ORD002659,CUST00605,2025-08-31,PRD008,3,8240.29,UPI,Delivered
ORD002660,CUST00643,2025-11-05,PRD004,2,6772.75,COD,Delivered
ORD002661,CUST00978,2025-08-14,PRD005,1,1672.4,UPI,Cancelled
ORD002662,CUST01090,2026-08-08,PRD011,3,29752.63,Credit Card,Cancelled
ORD002663,CUST00164,2025-07-16,PRD008,1,2922.79,Net Banking,Delivered
ORD002664,CUST01173,2025-09-28,PRD006,3,3613.42,COD,Delivered
ORD002665,CUST00794,2025-06-03,PRD007,1,917.06,Debit Card,Returned
ORD002666,CUST01181,2026-07-19,PRD007,1,996.62,Credit Card,Delivered
ORD002667,CUST00788,2025-11-13,PRD002,3,40571.29,Debit Card,Delivered
ORD002668,CUST00996,2026-06-14,PRD009,2,49532.27,Net Banking,Delivered
ORD002669,CUST00822,2025-10-09,PRD001,1,2262.05,Credit Card,Delivered
ORD002670,CUST00086,2025-11-15,PRD007,2,1963.88,Debit Card,Delivered
ORD002671,CUST00091,2026-04-26,PRD003,3,124366.92,COD,Delivered
ORD002672,CUST00545,2026-04-24,PRD001,2,4558.52,Credit Card,Delivered
ORD002673,CUST01062,2025-10-12,PRD001,2,4580.62,Credit Card,Delivered
ORD002674,CUST00060,2025-11-17,PRD003,1,41314.77,Debit Card,Delivered
ORD002675,CUST00324,2025-10-22,PRD012,1,1418.06,Debit Card,Cancelled
ORD002676,CUST01165,2025-07-10,PRD008,3,8305.37,UPI,Delivered
ORD002677,CUST01177,2025-10-12,PRD011,1,9040.76,Net Banking,Delivered
ORD002678,CUST01093,2026-06-03,PRD007,1,995.7,Debit Card,Delivered
ORD002679,CUST01010,2025-05-10,PRD005,3,5295.17,Net Banking,Delivered
ORD002680,CUST00281,2025-06-23,PRD001,1,2388.25,Net Banking,Delivered
ORD002681,CUST00577,2026-07-27,PRD012,1,1382.85,UPI,Delivered
ORD002682,CUST00255,2026-04-16,PRD009,1,22801.03,Net Banking,Delivered
ORD002683,CUST00551,2025-05-25,PRD007,1,951.99,Debit Card,Delivered
ORD002684,CUST00580,2026-05-03,PRD006,2,2378.96,Credit Card,Delivered
ORD002685,CUST00631,2025-05-24,PRD011,1,9492.37,COD,Delivered
ORD002686,CUST00108,2025-12-10,PRD006,3,3512.0,COD,Delivered
ORD002687,CUST00211,2026-02-10,PRD007,1,941.36,COD,Delivered
ORD002688,CUST00022,2026-04-29,PRD005,2,3293.7,COD,Returned
ORD002689,CUST00832,2025-09-08,PRD001,1,2448.96,UPI,Delivered
ORD002690,CUST00750,2025-07-02,PRD009,1,23435.21,Credit Card,Delivered
ORD002691,CUST00009,2026-09-03,PRD002,2,29175.56,UPI,Delivered
ORD002692,CUST00867,2026-05-26,PRD008,1,2715.29,Net Banking,Delivered
ORD002693,CUST00902,2025-10-01,PRD010,1,1834.93,Debit Card,Delivered
ORD002694,CUST00154,2025-08-05,PRD004,1,3256.73,Net Banking,Delivered
ORD002695,CUST00544,2025-05-20,PRD001,3,6945.38,Debit Card,Delivered
ORD002696,CUST00438,2025-11-22,PRD002,3,43621.88,COD,Returned
ORD002697,CUST01196,2025-03-24,PRD001,1,2279.86,UPI,Cancelled
ORD002698,CUST01075,2026-05-28,PRD011,2,18867.57,Debit Card,Delivered
ORD002699,CUST00829,2025-10-23,PRD010,1,,UPI,Delivered
ORD002700,CUST01135,2026-06-27,PRD004,1,3398.75,COD,Returned
ORD002701,CUST00541,2025-09-28,PRD011,3,28185.15,UPI,Delivered
ORD002702,CUST00767,2026-08-13,PRD011,2,18369.63,Credit Card,Delivered
ORD002703,CUST00980,2026-06-15,PRD008,3,8336.04,UPI,Delivered
ORD002704,CUST00206,2025-11-10,PRD010,1,,COD,Delivered
ORD002705,CUST01002,2026-06-21,PRD004,1,3435.1,Net Banking,Delivered
ORD002706,CUST00982,2025-08-30,PRD004,3,10040.93,COD,Delivered
ORD002707,CUST00593,2026-09-11,PRD005,1,1719.96,Credit Card,Delivered
ORD002708,CUST00660,2025-05-05,PRD004,1,3476.18,COD,Returned
ORD002709,CUST00771,2026-03-03,PRD010,2,3701.46,COD,Delivered
ORD002710,CUST00970,2025-10-17,PRD004,2,6409.79,Net Banking,Delivered
ORD002711,CUST00693,2025-11-30,PRD011,1,9237.37,Credit Card,Delivered
ORD002712,CUST00045,2026-08-16,PRD010,1,1997.32,UPI,Delivered
ORD002713,CUST00867,2025-08-16,PRD010,1,1958.7,Net Banking,Delivered
ORD002714,CUST00572,2026-03-05,PRD005,1,1672.52,UPI,Delivered
ORD002715,CUST00784,2025-09-11,PRD009,1,22521.83,COD,Returned
ORD002716,CUST00679,2025-06-04,PRD006,1,1204.01,Debit Card,Delivered
ORD002717,CUST00260,2025-08-02,PRD007,1,943.31,COD,Delivered
ORD002718,CUST01165,2026-01-19,PRD012,2,2758.68,Credit Card,Delivered
ORD002719,CUST00255,2025-05-29,PRD001,1,2347.4,Debit Card,Cancelled
ORD002720,CUST00504,2025-06-13,PRD004,3,10259.2,COD,Delivered
ORD002721,CUST00309,2026-03-31,PRD003,2,81413.12,Credit Card,Delivered
ORD002722,CUST00155,2026-05-06,PRD007,3,2985.04,COD,Delivered
ORD002723,CUST00823,2025-04-23,PRD005,3,5356.8,COD,Delivered
ORD002724,CUST00008,2026-05-28,PRD004,2,6464.78,UPI,Delivered
ORD002725,CUST00687,2026-07-01,PRD010,1,1899.73,Debit Card,Delivered
ORD002726,CUST00278,2026-03-12,PRD011,1,9823.11,COD,Delivered
ORD002727,CUST00610,2025-10-07,PRD012,1,1423.46,UPI,Delivered
ORD002728,CUST00890,2025-10-31,PRD008,1,2827.47,COD,Delivered
ORD002729,CUST00283,2025-06-14,PRD006,2,2556.91,COD,Delivered
ORD002730,CUST00328,2025-06-22,PRD001,1,2350.27,Net Banking,Delivered
ORD002731,CUST00731,2026-08-08,PRD011,2,19588.97,COD,Returned
ORD002732,CUST00146,2026-08-24,PRD005,2,3351.56,COD,Delivered
ORD002733,CUST00165,2026-04-25,PRD004,1,3225.23,Net Banking,Delivered
ORD002734,CUST01169,2026-06-01,PRD011,2,19675.32,Debit Card,Cancelled
ORD002735,CUST00159,2025-06-27,PRD005,2,3420.29,UPI,Delivered
ORD002736,CUST00518,2026-07-08,PRD012,2,2942.2,UPI,Returned
ORD002737,CUST00578,2025-05-19,PRD010,3,5521.76,COD,Returned
ORD002738,CUST00894,2025-06-16,PRD005,1,,Net Banking,Delivered
ORD002739,CUST00527,2025-12-14,PRD007,1,914.78,Net Banking,Delivered
ORD002740,CUST01200,2025-09-02,PRD012,2,2720.57,UPI,Returned
ORD002741,CUST00675,2026-02-21,PRD010,1,1866.95,Debit Card,Delivered
ORD002742,CUST00034,2026-07-24,PRD001,3,7260.89,COD,Delivered
ORD002743,CUST00335,2025-08-11,PRD003,1,42879.33,Debit Card,Returned
ORD002744,CUST01020,2025-09-10,PRD005,1,1786.25,Credit Card,Returned
ORD002745,CUST00699,2026-05-17,PRD007,3,2848.35,COD,Delivered
ORD002746,CUST00132,2025-09-16,PRD009,2,49542.99,Credit Card,Delivered
ORD002747,CUST00420,2026-07-13,PRD008,2,5787.43,UPI,Delivered
ORD002748,CUST00676,2025-04-08,PRD011,2,18578.39,COD,Delivered
ORD002749,CUST01070,2026-07-04,PRD001,2,4991.73,Credit Card,Delivered
ORD002750,CUST00524,2026-07-27,PRD010,3,5580.78,Net Banking,Delivered
ORD002751,CUST01099,2025-04-15,PRD005,2,3482.67,Net Banking,Delivered
ORD002752,CUST00878,2025-10-10,PRD011,2,19132.82,COD,Delivered
ORD002753,CUST00395,2026-02-07,PRD011,2,18005.61,Net Banking,Delivered
ORD002754,CUST00911,2025-12-29,PRD003,1,39212.21,Net Banking,Delivered
ORD002755,CUST00122,2025-06-14,PRD010,1,1875.9,Credit Card,Delivered
ORD002756,CUST00016,2025-03-29,PRD002,2,29700.62,COD,Delivered
ORD002757,CUST01038,2026-07-18,PRD007,1,965.58,Net Banking,Delivered
ORD002758,CUST00817,2025-05-09,PRD006,1,1215.67,COD,Cancelled
ORD002759,CUST00722,2026-09-05,PRD002,1,14145.49,UPI,Delivered
ORD002760,CUST00015,2025-05-20,PRD001,2,4666.92,COD,Delivered
ORD002761,CUST01088,2025-12-02,PRD003,1,40235.94,COD,Delivered
ORD002762,CUST00784,2026-09-03,PRD006,1,1189.09,Debit Card,Delivered
ORD002763,CUST00620,2026-06-26,PRD005,1,1725.01,COD,Cancelled
ORD002764,CUST00607,2026-01-04,PRD001,1,2457.31,Credit Card,Returned
ORD002765,CUST01084,2025-06-01,PRD007,2,1801.59,Credit Card,Delivered
ORD002766,CUST00652,2026-02-09,PRD008,1,2834.85,Credit Card,Cancelled
ORD002767,CUST00837,2026-02-27,PRD004,1,3253.47,Debit Card,Returned
ORD002768,CUST00316,2025-09-05,PRD004,2,6340.72,UPI,Delivered
ORD002769,CUST00682,2025-11-29,PRD012,1,1459.41,Credit Card,Delivered
ORD002770,CUST00063,2026-07-21,PRD010,1,1841.6,Net Banking,Cancelled
ORD002771,CUST00025,2025-05-29,PRD010,2,3927.5,COD,Delivered
ORD002772,CUST00816,2026-03-10,PRD008,2,5479.13,Debit Card,Returned
ORD002773,CUST00690,2025-10-04,PRD003,2,79201.96,COD,Delivered
ORD002774,CUST00554,2026-02-15,PRD009,1,24784.94,COD,Delivered
ORD002775,CUST00420,2026-04-11,PRD006,2,2466.06,Net Banking,Cancelled
ORD002776,CUST00030,2025-12-04,PRD010,1,1926.87,Credit Card,Delivered
ORD002777,CUST01174,2026-04-29,PRD005,3,5039.06,Net Banking,Delivered
ORD002778,CUST00093,2026-06-24,PRD003,3,116111.36,Net Banking,Delivered
ORD002779,CUST00514,2025-07-04,PRD005,1,1764.59,UPI,Delivered
ORD002780,CUST00478,2025-07-17,PRD002,1,14399.74,Credit Card,Delivered
ORD002781,CUST00681,2025-05-30,PRD009,1,24676.52,COD,Delivered
ORD002782,CUST00392,2026-08-11,PRD005,1,1636.44,COD,Delivered
ORD002783,CUST00942,2025-07-20,PRD008,1,2837.14,Net Banking,Delivered
ORD002784,CUST00749,2025-05-04,PRD002,3,42807.83,COD,Delivered
ORD002785,CUST00548,2025-05-11,PRD011,2,18401.09,Net Banking,Cancelled
ORD002786,CUST01070,2025-10-25,PRD012,1,1397.07,Net Banking,Returned
ORD002787,CUST00812,2026-07-12,PRD012,2,2781.08,Net Banking,Returned
ORD002788,CUST00861,2025-05-16,PRD003,1,39644.15,COD,Delivered
ORD002789,CUST00064,2025-07-21,PRD012,3,4294.02,Net Banking,Delivered
ORD002790,CUST00574,2025-06-28,PRD003,2,81530.97,Net Banking,Delivered
ORD002791,CUST00430,2026-03-12,PRD002,2,27005.66,COD,Delivered
ORD002792,CUST00373,2025-09-14,PRD010,1,1927.48,UPI,Delivered
ORD002793,CUST00761,2026-08-28,PRD002,2,29392.73,UPI,Delivered
ORD002794,CUST00960,2026-03-16,PRD009,2,48892.74,COD,Delivered
ORD002795,CUST00741,2025-12-26,PRD006,2,2500.02,Net Banking,Delivered
ORD002796,CUST00048,2026-01-26,PRD007,1,945.07,Credit Card,Delivered
ORD002797,CUST00451,2026-07-11,PRD011,2,19247.42,Net Banking,Delivered
ORD002798,CUST00056,2026-05-05,PRD003,1,41620.06,Net Banking,Delivered
ORD002799,CUST00116,2025-05-31,PRD001,3,7319.25,COD,Returned
ORD002800,CUST00648,2025-11-03,PRD005,3,5201.5,UPI,Delivered
ORD002801,CUST01131,2026-03-13,PRD005,2,3447.22,Debit Card,Delivered
ORD002802,CUST00145,2026-01-27,PRD011,2,18626.06,Credit Card,Delivered
ORD002803,CUST00224,2026-08-07,PRD009,1,24695.33,Net Banking,Delivered
ORD002804,CUST01108,2025-04-08,PRD010,3,5668.62,Credit Card,Delivered
ORD002805,CUST00948,2026-07-23,PRD009,1,22661.1,COD,Delivered
ORD002806,CUST00119,2025-10-14,PRD009,2,47547.74,Net Banking,Delivered
ORD002807,CUST00800,2025-04-15,PRD003,2,79205.0,Debit Card,Returned
ORD002808,CUST01128,2025-07-05,PRD009,2,47623.71,Credit Card,Delivered
ORD002809,CUST00035,2025-06-27,PRD011,2,18300.05,Net Banking,Delivered
ORD002810,CUST00818,2025-06-06,PRD011,1,9934.66,Net Banking,Delivered
ORD002811,CUST00058,2025-04-08,PRD011,1,9546.23,Net Banking,Cancelled
ORD002812,CUST00205,2026-05-24,PRD003,2,82042.27,COD,Delivered
ORD002813,CUST00202,2025-06-16,PRD009,1,22565.48,COD,Returned
ORD002814,CUST00015,2025-09-11,PRD007,2,1967.99,Net Banking,Cancelled
ORD002815,CUST00076,2026-01-23,PRD002,1,13697.02,COD,Delivered
ORD002816,CUST00301,2025-12-07,PRD010,2,3819.4,Credit Card,Delivered
ORD002817,CUST00459,2025-09-22,PRD005,3,5359.06,COD,Delivered
ORD002818,CUST00623,2026-02-23,PRD010,2,3695.2,Debit Card,Delivered
ORD002819,CUST00091,2026-06-05,PRD007,2,1900.3,COD,Delivered
ORD002820,CUST01063,2026-01-26,PRD012,1,1377.73,Debit Card,Delivered
ORD002821,CUST00914,2025-11-20,PRD001,2,4867.92,Credit Card,Delivered
ORD002822,CUST00447,2025-07-15,PRD002,1,14447.23,Debit Card,Delivered
ORD002823,CUST00902,2026-02-19,PRD011,1,9642.74,Net Banking,Delivered
ORD002824,CUST00980,2026-01-09,PRD010,2,3893.71,Net Banking,Delivered
ORD002825,CUST00561,2025-05-23,PRD012,1,1395.75,Net Banking,Delivered
ORD002826,CUST01101,2025-08-18,PRD004,1,3258.05,Debit Card,Delivered
ORD002827,CUST00990,2026-05-09,PRD001,3,6824.07,Credit Card,Delivered
ORD002828,CUST00465,2026-08-01,PRD011,1,9197.53,Net Banking,Returned
ORD002829,CUST00910,2025-09-19,PRD002,1,14089.38,Net Banking,Delivered
ORD002830,CUST00153,2026-07-15,PRD012,1,1414.74,COD,Delivered
ORD002831,CUST00915,2025-08-05,PRD009,1,22854.39,Debit Card,Returned
ORD002832,CUST00547,2026-05-30,PRD006,2,2406.63,COD,Delivered
ORD002833,CUST01177,2025-12-09,PRD005,1,1797.14,COD,Delivered
ORD002834,CUST00876,2026-01-11,PRD005,1,1658.31,Credit Card,Delivered
ORD002835,CUST00654,2026-03-14,PRD008,1,2850.86,Credit Card,Cancelled
ORD002836,CUST00244,2026-03-16,PRD006,2,2433.3,Credit Card,Delivered
ORD002837,CUST00302,2025-09-21,PRD011,2,19016.19,Net Banking,Delivered
ORD002838,CUST00427,2025-12-26,PRD012,1,1473.5,Debit Card,Delivered
ORD002839,CUST01146,2025-04-24,PRD006,3,3757.7,Credit Card,Delivered
ORD002840,CUST00465,2025-10-04,PRD003,1,42373.52,Debit Card,Delivered
ORD002841,CUST00142,2026-03-02,PRD009,1,23134.8,Credit Card,Delivered
ORD002842,CUST01195,2026-08-23,PRD007,2,1891.42,Credit Card,Delivered
ORD002843,CUST00615,2025-05-28,PRD005,2,3493.31,COD,Returned
ORD002844,CUST00362,2025-07-21,PRD012,1,1443.87,Debit Card,Delivered
ORD002845,CUST01116,2025-11-23,PRD005,3,5195.75,Debit Card,Delivered
ORD002846,CUST00236,2025-05-20,PRD007,1,932.73,Credit Card,Delivered
ORD002847,CUST00340,2026-01-12,PRD002,2,28211.59,Net Banking,Delivered
ORD002848,CUST00148,2025-08-27,PRD011,1,9097.97,Debit Card,Returned
ORD002849,CUST00561,2026-07-05,PRD011,2,,Net Banking,Delivered
ORD002850,CUST00523,2025-09-02,PRD009,1,24526.17,Debit Card,Delivered
ORD002851,CUST00053,2025-11-11,PRD012,1,1456.87,Credit Card,Delivered
ORD002852,CUST01098,2026-09-03,PRD007,1,998.69,Credit Card,Delivered
ORD002853,CUST00059,2025-05-04,PRD003,2,82854.04,UPI,Delivered
ORD002854,CUST01178,2026-07-02,PRD012,3,4365.27,Credit Card,Delivered
ORD002855,CUST00239,2025-12-18,PRD009,1,23630.1,UPI,Delivered
ORD002856,CUST00774,2025-10-21,PRD007,2,1813.78,Credit Card,Delivered
ORD002857,CUST00642,2026-08-11,PRD012,2,2781.51,UPI,Delivered
ORD002858,CUST00276,2026-09-11,PRD003,1,42908.05,Debit Card,Delivered
ORD002859,CUST00875,2025-07-04,PRD009,1,24970.42,COD,Delivered
ORD002860,CUST00868,2026-06-17,PRD009,1,23719.61,Net Banking,Returned
ORD002861,CUST00034,2025-07-18,PRD002,2,28840.88,Debit Card,Returned
ORD002862,CUST00307,2025-03-30,PRD011,1,9402.67,Debit Card,Delivered
ORD002863,CUST00602,2026-04-21,PRD001,2,4620.81,Debit Card,Delivered
ORD002864,CUST00129,2025-09-28,PRD008,1,2971.4,COD,Returned
ORD002865,CUST00630,2026-02-08,PRD003,2,78344.55,COD,Returned
ORD002866,CUST00505,2025-06-10,PRD008,1,2719.04,Net Banking,Delivered
ORD002867,CUST00731,2026-06-28,PRD012,3,4322.67,Debit Card,Delivered
ORD002868,CUST00730,2025-12-29,PRD010,1,1896.24,COD,Delivered
ORD002869,CUST00770,2026-05-27,PRD005,1,1627.19,Credit Card,Delivered
ORD002870,CUST01122,2025-10-02,PRD006,1,1265.61,Debit Card,Delivered
ORD002871,CUST00704,2025-07-23,PRD002,3,41434.53,Debit Card,Cancelled
ORD002872,CUST00591,2026-08-14,PRD011,1,9398.39,Credit Card,Returned
ORD002873,CUST00370,2026-01-01,PRD009,2,45002.17,COD,Delivered
ORD002874,CUST00494,2025-10-09,PRD004,1,3275.48,COD,Delivered
ORD002875,CUST00172,2025-05-14,PRD006,3,3733.43,Credit Card,Delivered
ORD002876,CUST00305,2025-06-18,PRD006,1,1259.6,Net Banking,Delivered
ORD002877,CUST00938,2026-02-26,PRD009,2,49117.53,Credit Card,Delivered
ORD002878,CUST00131,2026-02-17,PRD003,3,116277.43,Debit Card,Delivered
ORD002879,CUST00585,2026-06-19,PRD004,2,6602.93,UPI,Delivered
ORD002880,CUST01053,2026-04-30,PRD004,1,3430.56,Net Banking,Delivered
ORD002881,CUST00106,2025-06-11,PRD001,1,2383.02,Credit Card,Cancelled
ORD002882,CUST00176,2026-08-11,PRD005,1,1677.49,UPI,Delivered
ORD002883,CUST00513,2026-02-13,PRD004,2,6586.9,UPI,Delivered
ORD002884,CUST00031,2026-06-27,PRD008,2,5671.77,UPI,Delivered
ORD002885,CUST00831,2025-08-18,PRD011,2,18600.52,Debit Card,Delivered
ORD002886,CUST00931,2026-08-20,PRD001,2,4823.92,UPI,Delivered
ORD002887,CUST00293,2026-08-15,PRD007,2,1847.03,UPI,Delivered
ORD002888,CUST00763,2025-08-28,PRD005,1,1654.39,COD,Cancelled
ORD002889,CUST00069,2026-07-20,PRD001,1,2295.34,Net Banking,Delivered
ORD002890,CUST00885,2026-08-27,PRD006,3,3637.9,UPI,Delivered
ORD002891,CUST00669,2026-07-16,PRD003,1,39110.07,Debit Card,Delivered
ORD002892,CUST00315,2025-11-28,PRD001,2,4516.53,Debit Card,Delivered
ORD002893,CUST00155,2025-06-02,PRD005,1,1720.99,UPI,Cancelled
ORD002894,CUST00196,2026-08-09,PRD007,2,1839.32,Net Banking,Returned
ORD002895,CUST00289,2025-03-21,PRD003,1,39893.94,UPI,Returned
ORD002896,CUST00655,2025-08-03,PRD004,2,6763.45,UPI,Delivered
ORD002897,CUST00763,2026-01-15,PRD007,1,908.65,Net Banking,Delivered
ORD002898,CUST00095,2025-09-05,PRD002,1,13883.11,Debit Card,Cancelled
ORD002899,CUST00429,2026-08-01,PRD004,2,6457.63,Credit Card,Delivered
ORD002900,CUST00745,2026-02-15,PRD003,2,85764.58,Credit Card,Delivered
ORD002901,CUST00325,2026-08-21,PRD004,3,9799.51,COD,Delivered
ORD002902,CUST00581,2025-04-21,PRD006,1,1193.22,COD,Delivered
ORD002903,CUST00612,2025-10-28,PRD005,2,3523.54,Credit Card,Delivered
ORD002904,CUST00541,2025-06-06,PRD010,2,3675.49,Credit Card,Delivered
ORD002905,CUST00112,2026-06-08,PRD012,2,2772.41,COD,Delivered
ORD002906,CUST00970,2026-05-07,PRD011,1,9571.89,Debit Card,Delivered
ORD002907,CUST00364,2026-05-30,PRD010,2,3740.61,UPI,Returned
ORD002908,CUST00686,2026-08-16,PRD012,1,1496.28,COD,Delivered
ORD002909,CUST00760,2025-07-29,PRD006,2,2407.7,COD,Returned
ORD002910,CUST00323,2026-05-19,PRD006,1,1235.47,Net Banking,Returned
ORD002911,CUST00854,2026-03-04,PRD007,1,946.33,Debit Card,Delivered
ORD002912,CUST00449,2025-10-18,PRD004,2,6786.64,Credit Card,Returned
ORD002913,CUST00591,2025-07-03,PRD008,1,2817.2,Debit Card,Delivered
ORD002914,CUST00478,2026-06-14,PRD006,1,1259.87,COD,Delivered
ORD002915,CUST00261,2025-04-28,PRD011,2,18676.3,Credit Card,Delivered
ORD002916,CUST00316,2026-08-23,PRD005,1,1746.3,COD,Returned
ORD002917,CUST01012,2025-08-17,PRD010,1,1866.82,UPI,Delivered
ORD002918,CUST00321,2026-07-16,PRD011,2,19393.74,COD,Returned
ORD002919,CUST00403,2025-05-26,PRD012,3,4148.31,Debit Card,Delivered
ORD002920,CUST00436,2026-04-24,PRD011,1,9327.59,COD,Delivered
ORD002921,CUST00505,2026-08-12,PRD011,2,19567.63,COD,Delivered
ORD002922,CUST01103,2025-06-10,PRD003,1,41237.06,Credit Card,Delivered
ORD002923,CUST01119,2025-11-15,PRD011,1,9353.55,Credit Card,Delivered
ORD002924,CUST01025,2026-03-19,PRD002,1,14671.44,Credit Card,Delivered
ORD002925,CUST00946,2026-05-05,PRD002,1,14244.7,Credit Card,Delivered
ORD002926,CUST00971,2025-03-26,PRD003,2,83341.81,UPI,Delivered
ORD002927,CUST00196,2025-05-23,PRD005,2,3531.26,Net Banking,Delivered
ORD002928,CUST00040,2025-09-05,PRD009,1,23186.82,Credit Card,Delivered
ORD002929,CUST00242,2025-05-15,PRD003,1,40411.46,Credit Card,Delivered
ORD002930,CUST00631,2026-02-23,PRD005,2,3354.53,Debit Card,Delivered
ORD002931,CUST00296,2025-11-30,PRD012,2,2887.92,COD,Delivered
ORD002932,CUST00608,2026-03-12,PRD006,2,2550.18,Net Banking,Delivered
ORD002933,CUST00223,2025-08-29,PRD008,1,2874.57,Net Banking,Cancelled
ORD002934,CUST00616,2025-05-27,PRD001,1,2392.21,Net Banking,Delivered
ORD002935,CUST00164,2026-04-26,PRD011,1,9412.67,COD,Delivered
ORD002936,CUST00599,2025-11-21,PRD010,2,3762.12,UPI,Delivered
ORD002937,CUST00844,2025-04-28,PRD011,2,18655.41,Net Banking,Delivered
ORD002938,CUST00228,2026-08-31,PRD001,1,2275.95,Debit Card,Delivered
ORD002939,CUST01170,2026-07-25,PRD001,1,2428.63,Net Banking,Delivered
ORD002940,CUST00558,2025-09-21,PRD012,2,2924.35,Credit Card,Delivered
ORD002941,CUST00464,2025-08-14,PRD004,1,3224.48,COD,Delivered
ORD002942,CUST00988,2026-09-05,PRD011,1,9272.7,UPI,Delivered
ORD002943,CUST00577,2025-10-13,PRD001,2,4843.74,UPI,Delivered
ORD002944,CUST00128,2026-07-15,PRD002,2,27647.69,UPI,Delivered
ORD002945,CUST00515,2025-05-20,PRD009,1,22525.15,Debit Card,Delivered
ORD002946,CUST01185,2025-11-27,PRD011,3,28970.19,UPI,Delivered
ORD002947,CUST00098,2026-01-30,PRD005,3,4944.49,UPI,Returned
ORD002948,CUST00309,2026-07-07,PRD009,2,47084.26,COD,Returned
ORD002949,CUST00244,2026-03-29,PRD007,2,1947.65,UPI,Delivered
ORD002950,CUST00082,2026-05-24,PRD004,1,3483.18,Credit Card,Delivered
ORD002951,CUST00529,2026-05-04,PRD009,3,69764.93,Debit Card,Delivered
ORD002952,CUST00320,2025-07-20,PRD001,1,2267.76,UPI,Delivered
ORD002953,CUST00980,2025-05-15,PRD010,3,5899.45,Net Banking,Delivered
ORD002954,CUST00205,2026-09-10,PRD004,2,6354.07,COD,Delivered
ORD002955,CUST00203,2026-02-09,PRD012,1,1366.49,Credit Card,Cancelled
ORD002956,CUST00201,2026-02-07,PRD010,3,5905.6,UPI,Delivered
ORD002957,CUST00278,2025-10-02,PRD005,2,3239.75,Net Banking,Delivered
ORD002958,CUST01138,2026-07-03,PRD011,1,9118.32,Net Banking,Delivered
ORD002959,CUST00941,2026-03-15,PRD011,1,,UPI,Delivered
ORD002960,CUST00437,2026-06-15,PRD007,2,1871.83,COD,Returned
ORD002961,CUST00604,2026-08-23,PRD007,1,922.96,UPI,Delivered
ORD002962,CUST00077,2025-11-03,PRD011,2,19939.26,COD,Delivered
ORD002963,CUST00251,2026-02-28,PRD010,1,1927.32,UPI,Delivered
ORD002964,CUST00714,2026-07-01,PRD005,1,1661.82,Debit Card,Delivered
ORD002965,CUST00447,2025-08-19,PRD006,1,1255.28,Credit Card,Delivered
ORD002966,CUST00796,2026-04-15,PRD002,2,29440.48,Debit Card,Delivered
ORD002967,CUST00343,2025-08-16,PRD006,1,1233.64,Debit Card,Cancelled
ORD002968,CUST00154,2025-08-03,PRD001,1,2319.82,UPI,Delivered
ORD002969,CUST00956,2025-12-20,PRD010,2,3843.51,Net Banking,Delivered
ORD002970,CUST01077,2025-11-02,PRD006,2,2411.55,Net Banking,Delivered
ORD002971,CUST00345,2026-06-15,PRD004,1,3186.18,Debit Card,Delivered
ORD002972,CUST00887,2026-09-02,PRD008,1,2974.11,Credit Card,Delivered
ORD002973,CUST00749,2025-05-04,PRD006,2,2376.04,Credit Card,Delivered
ORD002974,CUST00919,2025-05-14,PRD011,3,27465.44,COD,Delivered
ORD002975,CUST00273,2026-05-30,PRD011,1,9024.99,COD,Delivered
ORD002976,CUST00017,2025-07-30,PRD008,1,2723.99,Debit Card,Delivered
ORD002977,CUST00228,2025-12-13,PRD004,1,3281.39,COD,Delivered
ORD002978,CUST00369,2026-02-03,PRD005,1,1711.2,UPI,Cancelled
ORD002979,CUST00011,2026-03-15,PRD001,3,7056.06,Net Banking,Delivered
ORD002980,CUST00121,2025-05-16,PRD011,1,9803.23,UPI,Delivered
ORD002981,CUST00996,2026-05-16,PRD003,2,81454.83,Credit Card,Delivered
ORD002982,CUST00394,2026-04-07,PRD009,3,70131.0,Credit Card,Delivered
ORD002983,CUST00287,2026-01-17,PRD004,1,3212.43,Net Banking,Delivered
ORD002984,CUST00318,2026-06-16,PRD005,1,1703.84,Credit Card,Delivered
ORD002985,CUST01078,2025-10-09,PRD004,1,3355.91,Debit Card,Delivered
ORD002986,CUST00066,2025-12-26,PRD001,1,2430.6,Net Banking,Delivered
ORD002987,CUST00549,2026-08-02,PRD008,2,5535.06,UPI,Returned
ORD002988,CUST00237,2025-10-13,PRD004,1,3438.13,Debit Card,Delivered
ORD002989,CUST00398,2026-02-08,PRD006,2,2381.0,Net Banking,Delivered
ORD002990,CUST00631,2026-02-02,PRD003,1,40576.78,UPI,Cancelled
ORD002991,CUST00737,2026-05-23,PRD008,2,5757.36,COD,Delivered
ORD002992,CUST01074,2026-08-18,PRD004,1,3338.2,UPI,Delivered
ORD002993,CUST00049,2026-01-25,PRD005,1,1782.82,Debit Card,Delivered
ORD002994,CUST00497,2025-05-23,PRD005,1,1775.9,Credit Card,Delivered
ORD002995,CUST01046,2026-05-07,PRD002,3,42610.05,COD,Delivered
ORD002996,CUST00931,2025-10-01,PRD005,3,4926.86,UPI,Returned
ORD002997,CUST00359,2026-03-19,PRD002,3,42996.73,Net Banking,Delivered
ORD002998,CUST00458,2026-07-22,PRD001,2,4670.31,Net Banking,Delivered
ORD002999,CUST00052,2025-11-03,PRD011,1,9584.22,UPI,Delivered
ORD003000,CUST00299,2025-10-19,PRD002,1,14429.89,COD,Returned
ORD003001,CUST00514,2026-04-26,PRD004,3,10051.62,Debit Card,Delivered
ORD003002,CUST00680,2025-09-24,PRD009,1,24786.42,Debit Card,Delivered
ORD003003,CUST00843,2026-05-20,PRD010,1,1803.27,Debit Card,Delivered
ORD003004,CUST00383,2026-06-24,PRD010,3,5648.64,COD,Delivered
ORD003005,CUST01161,2026-01-24,PRD011,1,9358.35,Credit Card,Delivered
ORD003006,CUST01065,2025-12-28,PRD010,2,3749.03,UPI,Delivered
ORD003007,CUST00796,2026-08-10,PRD006,2,2398.87,Debit Card,Delivered
ORD003008,CUST00761,2026-06-03,PRD008,1,2794.57,COD,Delivered
ORD003009,CUST00849,2026-02-23,PRD002,1,14339.25,Debit Card,Delivered
ORD003010,CUST00867,2026-05-14,PRD009,1,23048.96,UPI,Delivered
ORD003011,CUST01049,2026-03-17,PRD005,1,1690.78,Net Banking,Delivered
ORD003012,CUST00330,2025-04-03,PRD011,2,18589.66,Debit Card,Returned
ORD003013,CUST00942,2026-01-21,PRD008,1,2961.94,UPI,Delivered
ORD003014,CUST01089,2025-04-03,PRD005,3,5258.81,Debit Card,Delivered
ORD003015,CUST00357,2026-08-13,PRD004,1,3417.4,Debit Card,Delivered
ORD003016,CUST00164,2025-05-13,PRD008,3,,Debit Card,Delivered
ORD003017,CUST00701,2026-07-31,PRD004,2,6527.47,Debit Card,Delivered
ORD003018,CUST00646,2026-05-28,PRD008,1,2874.53,UPI,Returned
ORD003019,CUST00787,2026-04-18,PRD003,2,80656.01,Credit Card,Delivered
ORD003020,CUST00569,2026-06-22,PRD003,1,39727.47,Credit Card,Delivered
ORD003021,CUST00454,2025-08-04,PRD011,1,9337.0,Net Banking,Delivered
ORD003022,CUST00597,2026-06-05,PRD006,1,1279.3,Debit Card,Delivered
ORD003023,CUST01102,2025-09-22,PRD003,2,77794.57,UPI,Delivered
ORD003024,CUST00287,2026-08-28,PRD010,2,3959.95,Net Banking,Delivered
ORD003025,CUST00186,2025-08-02,PRD008,1,2787.72,Credit Card,Delivered
ORD003026,CUST00285,2025-11-16,PRD003,1,40450.32,Net Banking,Delivered
ORD003027,CUST00363,2025-04-15,PRD002,1,14384.55,COD,Delivered
ORD003028,CUST00784,2025-11-23,PRD010,1,1997.1,UPI,Delivered
ORD003029,CUST00812,2026-09-07,PRD004,1,3412.06,Credit Card,Returned
ORD003030,CUST00249,2025-08-10,PRD004,2,6329.8,Net Banking,Delivered
ORD003031,CUST00734,2026-05-23,PRD001,1,2353.55,Net Banking,Delivered
ORD003032,CUST00100,2025-07-12,PRD002,2,27728.71,Debit Card,Delivered
ORD003033,CUST00463,2026-05-11,PRD008,2,5760.3,UPI,Delivered
ORD003034,CUST00120,2026-01-10,PRD011,1,9580.81,Debit Card,Delivered
ORD003035,CUST00882,2025-09-10,PRD002,2,29523.09,COD,Delivered
ORD003036,CUST00576,2025-10-23,PRD012,2,2920.04,Debit Card,Delivered
ORD003037,CUST00634,2025-09-25,PRD001,3,7495.13,Credit Card,Delivered
ORD003038,CUST00465,2026-06-04,PRD001,1,,Credit Card,Cancelled
ORD003039,CUST00280,2026-06-20,PRD012,1,1406.82,COD,Delivered
ORD003040,CUST00954,2026-06-26,PRD009,1,23441.17,COD,Delivered
ORD003041,CUST00590,2025-09-17,PRD004,2,6816.12,Net Banking,Delivered
ORD003042,CUST00606,2026-02-16,PRD006,1,1259.94,UPI,Delivered
ORD003043,CUST00165,2026-04-24,PRD011,2,18853.93,COD,Delivered
ORD003044,CUST00877,2026-06-15,PRD006,1,1254.68,COD,Delivered
ORD003045,CUST00138,2025-07-21,PRD003,1,39387.6,UPI,Cancelled
ORD003046,CUST00658,2026-06-11,PRD008,2,5795.38,Net Banking,Delivered
ORD003047,CUST00123,2025-05-14,PRD003,1,41602.27,COD,Delivered
ORD003048,CUST00980,2026-04-14,PRD011,2,18881.71,COD,Delivered
ORD003049,CUST00979,2026-03-01,PRD011,2,18490.3,Credit Card,Delivered
ORD003050,CUST00407,2025-09-05,PRD011,2,18709.6,Credit Card,Delivered
ORD003051,CUST00147,2025-12-14,PRD003,2,81842.72,Debit Card,Returned
ORD003052,CUST01050,2025-06-29,PRD006,2,2467.58,UPI,Delivered
ORD003053,CUST00586,2025-10-13,PRD003,2,77583.73,UPI,Delivered
ORD003054,CUST00502,2025-08-10,PRD008,1,2772.77,Net Banking,Cancelled
ORD003055,CUST01157,2026-04-06,PRD012,1,1454.49,UPI,Returned
ORD003056,CUST00425,2025-09-26,PRD003,1,41276.62,Net Banking,Delivered
ORD003057,CUST00779,2026-05-30,PRD007,2,1992.19,Net Banking,Delivered
ORD003058,CUST00529,2026-07-17,PRD002,2,27603.28,COD,Delivered
ORD003059,CUST00846,2026-05-02,PRD006,2,2594.22,Credit Card,Delivered
ORD003060,CUST01073,2026-08-21,PRD003,1,42048.48,UPI,Delivered
ORD003061,CUST00795,2025-09-11,PRD006,1,1220.14,Credit Card,Cancelled
ORD003062,CUST00883,2025-05-20,PRD008,1,2809.7,Credit Card,Returned
ORD003063,CUST01000,2026-01-29,PRD003,1,40184.4,Credit Card,Delivered
ORD003064,CUST01002,2026-07-24,PRD006,3,3869.86,COD,Delivered
ORD003065,CUST00962,2026-04-03,PRD007,1,950.18,Net Banking,Delivered
ORD003066,CUST00873,2026-01-17,PRD003,1,42148.35,Debit Card,Delivered
ORD003067,CUST00753,2026-05-03,PRD002,1,14437.25,Debit Card,Delivered
ORD003068,CUST00012,2026-01-05,PRD007,2,1911.58,Debit Card,Delivered
ORD003069,CUST00785,2025-10-21,PRD009,1,22856.57,UPI,Returned
ORD003070,CUST00864,2026-03-31,PRD003,2,83512.33,Credit Card,Returned
ORD003071,CUST00014,2025-07-06,PRD004,3,9470.17,COD,Delivered
ORD003072,CUST01197,2025-05-08,PRD004,1,3243.32,Credit Card,Delivered
ORD003073,CUST00150,2026-02-06,PRD003,2,81157.05,Debit Card,Delivered
ORD003074,CUST00009,2026-07-07,PRD003,1,39957.71,COD,Cancelled
ORD003075,CUST00946,2025-10-25,PRD009,3,72741.35,UPI,Delivered
ORD003076,CUST00588,2025-08-10,PRD006,2,2458.65,Credit Card,Cancelled
ORD003077,CUST00766,2026-04-11,PRD002,2,28964.39,COD,Delivered
ORD003078,CUST00050,2026-01-02,PRD004,1,3334.44,UPI,Delivered
ORD003079,CUST00600,2025-10-21,PRD008,2,5966.11,Credit Card,Delivered
ORD003080,CUST00498,2026-07-31,PRD004,2,6914.61,UPI,Delivered
ORD003081,CUST01163,2025-05-15,PRD012,3,4076.09,COD,Delivered
ORD003082,CUST01000,2026-08-19,PRD007,3,2815.81,COD,Delivered
ORD003083,CUST00450,2026-06-03,PRD011,1,9782.84,Net Banking,Returned
ORD003084,CUST00874,2026-07-13,PRD004,1,3494.95,Credit Card,Delivered
ORD003085,CUST00056,2025-08-26,PRD001,3,6966.35,Debit Card,Delivered
ORD003086,CUST00260,2026-01-22,PRD007,1,985.98,Credit Card,Cancelled
ORD003087,CUST00420,2025-05-04,PRD004,2,6771.05,COD,Returned
ORD003088,CUST00047,2026-09-11,PRD009,1,24227.38,Net Banking,Delivered
ORD003089,CUST00831,2025-11-14,PRD008,3,8174.49,Credit Card,Cancelled
ORD003090,CUST00781,2025-04-12,PRD001,1,2312.37,Debit Card,Delivered
ORD003091,CUST00891,2026-01-10,PRD010,1,1996.08,COD,Delivered
ORD003092,CUST00574,2026-03-16,PRD010,3,5465.5,Credit Card,Returned
ORD003093,CUST00299,2025-08-15,PRD005,2,3550.21,Net Banking,Delivered
ORD003094,CUST00441,2025-12-13,PRD006,1,1294.99,UPI,Returned
ORD003095,CUST00159,2026-06-13,PRD002,1,13663.68,Debit Card,Delivered
ORD003096,CUST01087,2026-09-02,PRD012,3,4336.13,Net Banking,Returned
ORD003097,CUST00100,2025-07-31,PRD004,2,6702.04,UPI,Cancelled
ORD003098,CUST00586,2025-07-20,PRD005,3,5009.41,Debit Card,Delivered
ORD003099,CUST00496,2026-03-05,PRD002,1,14839.45,Debit Card,Delivered
ORD003100,CUST00156,2025-07-15,PRD011,1,9190.01,UPI,Returned
ORD003101,CUST00563,2025-03-27,PRD009,3,,Debit Card,Delivered
ORD003102,CUST00722,2025-07-30,PRD009,1,24060.2,UPI,Delivered
ORD003103,CUST00212,2025-04-01,PRD007,2,1874.41,COD,Delivered
ORD003104,CUST00226,2026-02-14,PRD008,2,5419.85,Net Banking,Delivered
ORD003105,CUST00077,2026-06-16,PRD003,2,83048.77,COD,Cancelled
ORD003106,CUST01080,2025-10-30,PRD012,2,2759.42,UPI,Delivered
ORD003107,CUST00893,2026-01-12,PRD002,1,14890.77,COD,Delivered
ORD003108,CUST01060,2026-01-21,PRD007,1,956.17,COD,Delivered
ORD003109,CUST00899,2025-10-29,PRD006,2,2473.64,Credit Card,Cancelled
ORD003110,CUST00328,2026-06-21,PRD007,1,903.26,Debit Card,Delivered
ORD003111,CUST00058,2026-01-28,PRD006,2,2387.46,Debit Card,Delivered
ORD003112,CUST01105,2026-02-22,PRD002,2,27979.58,Credit Card,Delivered
ORD003113,CUST01118,2026-07-13,PRD006,1,1200.2,Credit Card,Delivered
ORD003114,CUST01185,2026-08-31,PRD011,2,19016.46,Debit Card,Cancelled
ORD003115,CUST00327,2026-04-28,PRD007,2,1817.03,COD,Delivered
ORD003116,CUST00687,2026-04-06,PRD009,1,23324.69,Debit Card,Delivered
ORD003117,CUST00872,2026-09-02,PRD007,2,1971.83,UPI,Delivered
ORD003118,CUST00415,2026-05-28,PRD001,1,2334.31,Credit Card,Cancelled
ORD003119,CUST00947,2025-08-10,PRD003,2,81096.09,Net Banking,Cancelled
ORD003120,CUST00455,2025-10-06,PRD005,1,1685.84,UPI,Delivered
ORD003121,CUST00338,2026-07-20,PRD006,1,1217.24,Debit Card,Returned
ORD003122,CUST00874,2026-08-08,PRD002,1,14315.6,Credit Card,Delivered
ORD003123,CUST00016,2025-09-09,PRD009,2,45623.48,UPI,Delivered
ORD003124,CUST00936,2025-09-29,PRD004,2,6889.26,COD,Returned
ORD003125,CUST00974,2026-08-20,PRD008,2,5968.09,UPI,Delivered
ORD003126,CUST00248,2025-06-01,PRD009,1,22819.77,COD,Delivered
ORD003127,CUST01033,2026-06-28,PRD007,1,959.29,UPI,Delivered
ORD003128,CUST00907,2026-09-04,PRD002,1,14739.94,Debit Card,Delivered
ORD003129,CUST00289,2025-08-01,PRD004,1,3320.15,UPI,Delivered
ORD003130,CUST00715,2026-01-05,PRD012,3,4416.8,COD,Delivered
ORD003131,CUST00962,2025-05-29,PRD002,2,29349.15,COD,Returned
ORD003132,CUST00247,2026-09-01,PRD011,2,18947.58,COD,Delivered
ORD003133,CUST00748,2026-05-18,PRD012,2,,COD,Delivered
ORD003134,CUST00933,2025-12-20,PRD007,1,,COD,Delivered
ORD003135,CUST01074,2025-12-02,PRD004,1,3242.18,UPI,Delivered
ORD003136,CUST00751,2025-09-06,PRD003,1,42309.41,Credit Card,Delivered
ORD003137,CUST00778,2026-05-30,PRD011,3,29338.06,Net Banking,Delivered
ORD003138,CUST00411,2026-02-10,PRD012,1,1362.33,UPI,Delivered
ORD003139,CUST00530,2026-04-13,PRD004,2,6619.17,Debit Card,Cancelled
ORD003140,CUST00583,2026-04-12,PRD008,3,8142.35,UPI,Delivered
ORD003141,CUST00686,2026-03-04,PRD008,3,8171.63,Debit Card,Delivered
ORD003142,CUST00077,2026-01-14,PRD012,3,4078.44,Credit Card,Delivered
ORD003143,CUST00859,2026-09-03,PRD001,1,2282.72,Debit Card,Delivered
ORD003144,CUST01148,2025-11-27,PRD010,3,5554.21,COD,Delivered
ORD003145,CUST00689,2026-01-25,PRD010,2,3965.42,Credit Card,Returned
ORD003146,CUST00452,2025-04-18,PRD006,1,1261.81,Debit Card,Delivered
ORD003147,CUST01008,2026-02-18,PRD002,2,27849.21,COD,Delivered
ORD003148,CUST00967,2025-12-14,PRD010,1,1875.94,Net Banking,Returned
ORD003149,CUST00847,2025-11-11,PRD011,2,19355.62,Credit Card,Returned
ORD003150,CUST00320,2026-08-17,PRD001,1,2497.73,COD,Delivered
ORD003151,CUST00285,2025-06-21,PRD011,2,18290.68,Net Banking,Delivered
ORD003152,CUST00291,2026-01-17,PRD005,2,3333.14,Net Banking,Delivered
ORD003153,CUST00341,2026-01-16,PRD012,2,2785.17,UPI,Delivered
ORD003154,CUST00071,2025-04-21,PRD012,3,4110.82,Net Banking,Delivered
ORD003155,CUST00802,2025-09-24,PRD011,1,9665.57,COD,Delivered
ORD003156,CUST00036,2026-07-02,PRD006,1,1241.78,Debit Card,Delivered
ORD003157,CUST00574,2025-06-08,PRD004,1,3189.18,Credit Card,Delivered
ORD003158,CUST00117,2026-03-24,PRD011,3,29962.06,Debit Card,Cancelled
ORD003159,CUST00862,2025-04-25,PRD011,1,9711.8,Credit Card,Delivered
ORD003160,CUST00027,2026-04-13,PRD002,1,13555.67,UPI,Delivered
ORD003161,CUST01078,2026-01-22,PRD010,2,3819.31,Net Banking,Delivered
ORD003162,CUST00234,2026-08-14,PRD012,1,1395.53,Net Banking,Returned
ORD003163,CUST00092,2026-04-17,PRD003,2,85553.87,Debit Card,Delivered
ORD003164,CUST00571,2026-04-10,PRD002,1,14913.99,Credit Card,Delivered
ORD003165,CUST00104,2025-12-11,PRD010,3,5951.1,Credit Card,Delivered
ORD003166,CUST00909,2026-04-05,PRD007,2,1952.11,COD,Delivered
ORD003167,CUST00349,2026-08-12,PRD009,3,73413.59,UPI,Delivered
ORD003168,CUST00288,2026-09-04,PRD003,3,122804.02,Debit Card,Delivered
ORD003169,CUST01172,2025-07-15,PRD005,2,3591.31,COD,Returned
ORD003170,CUST00008,2025-11-20,PRD006,3,3894.47,UPI,Delivered
ORD003171,CUST00075,2026-01-05,PRD006,3,3589.95,Credit Card,Delivered
ORD003172,CUST00018,2026-03-20,PRD010,2,3679.28,COD,Delivered
ORD003173,CUST01032,2025-09-15,PRD005,1,1724.26,UPI,Delivered
ORD003174,CUST00632,2026-01-22,PRD003,3,119100.1,COD,Delivered
ORD003175,CUST00730,2026-07-07,PRD011,1,9102.94,COD,Cancelled
ORD003176,CUST00875,2026-08-13,PRD008,3,8555.33,COD,Returned
ORD003177,CUST00816,2025-06-06,PRD003,3,126552.4,Credit Card,Delivered
ORD003178,CUST00838,2026-01-06,PRD004,2,6932.26,Debit Card,Delivered
ORD003179,CUST00051,2026-03-23,PRD002,3,44452.98,Credit Card,Delivered
ORD003180,CUST00942,2025-09-06,PRD007,1,917.49,COD,Delivered
ORD003181,CUST00891,2025-03-24,PRD008,2,5707.02,Net Banking,Returned
ORD003182,CUST00399,2026-02-13,PRD008,3,8951.66,Debit Card,Delivered
ORD003183,CUST00347,2026-04-09,PRD003,2,82577.23,Net Banking,Delivered
ORD003184,CUST00002,2025-09-30,PRD008,1,2771.63,Debit Card,Delivered
ORD003185,CUST01159,2025-05-24,PRD009,1,23352.56,COD,Delivered
ORD003186,CUST00984,2026-08-30,PRD008,1,2991.36,COD,Delivered
ORD003187,CUST00779,2026-02-15,PRD005,1,1652.91,Net Banking,Delivered
ORD003188,CUST00757,2026-01-01,PRD012,2,2706.99,UPI,Delivered
ORD003189,CUST00596,2026-04-19,PRD002,2,29839.68,COD,Delivered
ORD003190,CUST00676,2026-04-20,PRD008,2,,Credit Card,Delivered
ORD003191,CUST01026,2025-08-02,PRD006,2,2362.31,Net Banking,Delivered
ORD003192,CUST00904,2026-02-08,PRD002,3,44893.49,Net Banking,Delivered
ORD003193,CUST00878,2026-05-04,PRD001,1,,UPI,Returned
ORD003194,CUST00009,2025-06-25,PRD012,2,2779.08,Credit Card,Delivered
ORD003195,CUST01071,2025-06-26,PRD008,2,5692.87,COD,Returned
ORD003196,CUST00102,2026-03-06,PRD011,1,9772.96,Net Banking,Delivered
ORD003197,CUST00402,2025-12-13,PRD001,1,2468.31,Debit Card,Delivered
ORD003198,CUST00028,2025-05-24,PRD002,3,44257.31,UPI,Delivered
ORD003199,CUST01011,2025-05-08,PRD005,1,1793.43,COD,Delivered
ORD003200,CUST00706,2026-08-13,PRD003,1,42358.24,COD,Delivered
ORD003201,CUST00432,2026-01-24,PRD002,3,42227.17,UPI,Delivered
ORD003202,CUST00028,2026-08-15,PRD008,3,8943.4,Debit Card,Delivered
ORD003203,CUST00354,2025-10-16,PRD007,3,2738.93,Net Banking,Cancelled
ORD003204,CUST00925,2025-10-27,PRD006,1,1272.06,Debit Card,Delivered
ORD003205,CUST00051,2026-04-01,PRD012,1,,UPI,Delivered
ORD003206,CUST00568,2025-06-03,PRD005,2,3583.98,Debit Card,Delivered
ORD003207,CUST00836,2025-09-22,PRD011,2,19438.78,Net Banking,Delivered
ORD003208,CUST01010,2025-05-11,PRD004,1,3237.68,Debit Card,Delivered
ORD003209,CUST00449,2025-09-28,PRD005,1,1669.6,COD,Cancelled
ORD003210,CUST01125,2026-04-06,PRD009,3,70151.71,Net Banking,Returned
ORD003211,CUST00407,2026-07-08,PRD011,3,28517.18,Debit Card,Returned
ORD003212,CUST01151,2025-12-15,PRD012,1,,Net Banking,Delivered
ORD003213,CUST00879,2025-06-28,PRD011,1,9831.14,Credit Card,Returned
ORD003214,CUST00890,2025-10-23,PRD007,1,923.11,UPI,Delivered
ORD003215,CUST00944,2025-07-21,PRD008,1,2700.47,Net Banking,Delivered
ORD003216,CUST00596,2026-09-04,PRD004,1,3376.69,Net Banking,Cancelled
ORD003217,CUST01149,2026-02-25,PRD004,3,9711.64,Credit Card,Returned
ORD003218,CUST00882,2025-09-20,PRD010,3,5718.48,Debit Card,Delivered
ORD003219,CUST00049,2026-04-30,PRD012,1,1358.03,UPI,Delivered
ORD003220,CUST00430,2025-12-28,PRD003,2,81384.04,UPI,Delivered
ORD003221,CUST00105,2025-04-01,PRD008,1,2974.34,Net Banking,Delivered
ORD003222,CUST00402,2026-02-11,PRD010,1,1888.42,COD,Delivered
ORD003223,CUST00291,2026-09-02,PRD010,1,1956.71,Debit Card,Delivered
ORD003224,CUST00010,2025-04-21,PRD004,2,6342.59,Credit Card,Delivered
ORD003225,CUST00687,2025-10-08,PRD009,1,22595.23,Credit Card,Delivered
ORD003226,CUST00010,2025-06-19,PRD005,1,1652.38,Net Banking,Delivered
ORD003227,CUST00193,2026-08-23,PRD005,1,1778.26,Credit Card,Delivered
ORD003228,CUST00951,2025-12-31,PRD010,1,1936.36,Credit Card,Cancelled
ORD003229,CUST00459,2025-03-23,PRD008,2,5853.11,Credit Card,Returned
ORD003230,CUST00162,2025-10-14,PRD012,3,,Credit Card,Delivered
ORD003231,CUST00723,2025-04-04,PRD010,1,1972.8,COD,Delivered
ORD003232,CUST00734,2026-07-22,PRD003,2,,COD,Returned
ORD003233,CUST00779,2026-01-19,PRD003,3,125022.61,Net Banking,Delivered
ORD003234,CUST00745,2026-06-28,PRD008,1,2865.25,Debit Card,Delivered
ORD003235,CUST00714,2026-08-19,PRD005,1,,COD,Delivered
ORD003236,CUST00084,2025-06-30,PRD010,3,5536.52,UPI,Delivered
ORD003237,CUST00161,2026-02-19,PRD008,3,8371.2,Debit Card,Delivered
ORD003238,CUST00641,2025-06-27,PRD011,1,9697.57,COD,Delivered
ORD003239,CUST00278,2025-07-16,PRD008,1,2731.39,COD,Delivered
ORD003240,CUST00410,2025-09-23,PRD004,2,6365.01,Credit Card,Delivered
ORD003241,CUST00178,2026-07-04,PRD011,1,9373.61,COD,Returned
ORD003242,CUST00342,2026-07-26,PRD007,1,916.46,COD,Returned
ORD003243,CUST00059,2026-02-07,PRD009,1,23776.96,COD,Delivered
ORD003244,CUST00804,2026-01-24,PRD003,1,42710.52,COD,Delivered
ORD003245,CUST01170,2026-07-15,PRD004,1,3300.08,UPI,Delivered
ORD003246,CUST00482,2026-04-06,PRD010,2,3627.69,COD,Delivered
ORD003247,CUST00122,2026-07-09,PRD005,1,1678.45,Net Banking,Delivered
ORD003248,CUST01026,2025-06-24,PRD009,1,22811.69,COD,Delivered
ORD003249,CUST00903,2025-06-09,PRD004,3,10442.04,Credit Card,Returned
ORD003250,CUST00575,2026-06-06,PRD004,2,6669.51,UPI,Delivered
ORD003251,CUST00632,2025-04-06,PRD009,1,22725.22,Debit Card,Returned
ORD003252,CUST00312,2025-04-10,PRD001,1,2453.0,COD,Delivered
ORD003253,CUST00610,2026-01-05,PRD006,1,1187.9,Credit Card,Returned
ORD003254,CUST00487,2026-08-20,PRD002,1,14206.12,Debit Card,Delivered
ORD003255,CUST00905,2026-08-10,PRD007,2,1920.0,UPI,Delivered
ORD003256,CUST00679,2026-05-30,PRD005,2,3340.83,Debit Card,Delivered
ORD003257,CUST00398,2025-09-05,PRD002,2,27607.53,Debit Card,Returned
ORD003258,CUST00510,2025-08-25,PRD007,2,,UPI,Delivered
ORD003259,CUST00079,2025-09-25,PRD011,3,28990.52,Net Banking,Returned
ORD003260,CUST00991,2025-06-26,PRD008,1,2731.25,UPI,Delivered
ORD003261,CUST00836,2025-12-25,PRD003,3,128335.55,COD,Delivered
ORD003262,CUST00260,2026-07-20,PRD007,1,989.98,Credit Card,Returned
ORD003263,CUST00332,2025-12-14,PRD009,1,22852.22,Net Banking,Returned
ORD003264,CUST00171,2026-02-09,PRD012,1,1422.43,Net Banking,Cancelled
ORD003265,CUST00319,2026-09-10,PRD003,1,39757.67,Net Banking,Delivered
ORD003266,CUST00155,2026-07-30,PRD006,2,2457.84,COD,Delivered
ORD003267,CUST00234,2026-08-09,PRD001,1,2377.51,COD,Delivered
ORD003268,CUST00999,2026-08-04,PRD001,2,4671.26,Net Banking,Delivered
ORD003269,CUST00166,2026-01-10,PRD006,1,1204.71,UPI,Delivered
ORD003270,CUST00022,2025-10-16,PRD003,1,41477.7,Net Banking,Delivered
ORD003271,CUST00500,2025-11-17,PRD009,2,45169.27,Credit Card,Delivered
ORD003272,CUST00635,2025-05-22,PRD011,1,9169.18,Debit Card,Returned
ORD003273,CUST01031,2026-01-14,PRD007,2,1807.64,UPI,Cancelled
ORD003274,CUST00558,2025-09-19,PRD001,2,4892.38,Debit Card,Cancelled
ORD003275,CUST00836,2025-10-04,PRD011,3,28041.15,UPI,Delivered
ORD003276,CUST01099,2025-07-28,PRD012,3,4402.03,Net Banking,Delivered
ORD003277,CUST01035,2026-06-05,PRD002,1,13864.46,Net Banking,Delivered
ORD003278,CUST00271,2025-06-30,PRD008,1,2960.42,Debit Card,Delivered
ORD003279,CUST00206,2025-10-25,PRD004,1,3170.13,Net Banking,Delivered
ORD003280,CUST00636,2025-09-30,PRD003,1,39709.67,Net Banking,Delivered
ORD003281,CUST00347,2026-07-28,PRD006,1,1269.25,Credit Card,Delivered
ORD003282,CUST00158,2026-07-31,PRD011,2,19445.38,COD,Delivered
ORD003283,CUST00456,2026-06-01,PRD007,1,955.58,UPI,Delivered
ORD003284,CUST00981,2026-07-25,PRD004,3,9460.56,Net Banking,Delivered
ORD003285,CUST00843,2026-04-07,PRD012,1,1413.32,Credit Card,Delivered
ORD003286,CUST00095,2026-06-17,PRD001,1,2269.29,UPI,Delivered
ORD003287,CUST00104,2025-05-13,PRD008,1,2829.17,Debit Card,Delivered
ORD003288,CUST01149,2025-12-26,PRD006,1,1256.3,Net Banking,Cancelled
ORD003289,CUST00657,2026-03-14,PRD002,1,13508.73,Debit Card,Delivered
ORD003290,CUST00166,2025-09-10,PRD002,2,28864.72,Debit Card,Cancelled
ORD003291,CUST00741,2025-12-30,PRD005,1,1704.12,Net Banking,Delivered
ORD003292,CUST00810,2026-01-25,PRD006,1,1184.02,Credit Card,Delivered
ORD003293,CUST00929,2026-01-02,PRD007,2,1885.95,UPI,Delivered
ORD003294,CUST01027,2025-10-19,PRD009,2,49230.32,Credit Card,Cancelled
ORD003295,CUST01198,2026-01-10,PRD006,2,2531.02,COD,Delivered
ORD003296,CUST00903,2025-07-07,PRD009,1,23429.7,COD,Delivered
ORD003297,CUST00425,2025-09-09,PRD008,1,2952.84,Net Banking,Delivered
ORD003298,CUST00979,2025-11-17,PRD012,1,1356.08,Credit Card,Returned
ORD003299,CUST00446,2025-07-05,PRD011,3,29281.35,Debit Card,Delivered
ORD003300,CUST00780,2026-08-12,PRD002,1,14085.53,COD,Delivered
ORD003301,CUST00361,2025-11-06,PRD008,2,5529.2,Debit Card,Delivered
ORD003302,CUST00227,2025-11-10,PRD002,2,27288.47,Debit Card,Delivered
ORD003303,CUST00357,2025-05-04,PRD011,3,27553.95,Net Banking,Delivered
ORD003304,CUST00465,2025-04-02,PRD002,2,28593.69,COD,Delivered
ORD003305,CUST00425,2025-05-16,PRD007,1,983.19,COD,Delivered
ORD003306,CUST00642,2026-01-18,PRD007,2,1875.62,Net Banking,Delivered
ORD003307,CUST00990,2026-02-13,PRD001,1,2388.73,Credit Card,Delivered
ORD003308,CUST00007,2025-09-02,PRD001,1,2370.66,Net Banking,Delivered
ORD003309,CUST00467,2026-09-07,PRD007,3,2949.93,Debit Card,Delivered
ORD003310,CUST01181,2026-05-11,PRD003,3,126152.16,Net Banking,Delivered
ORD003311,CUST00233,2026-05-11,PRD011,3,29802.15,COD,Delivered
ORD003312,CUST00676,2026-04-02,PRD010,1,1807.83,Debit Card,Delivered
ORD003313,CUST00103,2025-12-30,PRD007,3,2740.8,UPI,Delivered
ORD003314,CUST00168,2025-04-12,PRD009,2,47565.91,Debit Card,Delivered
ORD003315,CUST00983,2026-08-14,PRD002,2,27260.7,UPI,Delivered
ORD003316,CUST00915,2025-09-02,PRD012,2,2981.81,UPI,Cancelled
ORD003317,CUST00984,2026-02-01,PRD006,3,3746.12,Net Banking,Delivered
ORD003318,CUST00517,2026-07-20,PRD010,2,3830.74,COD,Returned
ORD003319,CUST00117,2026-01-08,PRD006,1,1186.61,COD,Delivered
ORD003320,CUST00255,2026-03-02,PRD002,1,14112.89,Debit Card,Delivered
ORD003321,CUST00856,2026-04-24,PRD006,2,2481.84,Net Banking,Cancelled
ORD003322,CUST00209,2026-01-03,PRD001,2,4603.79,Debit Card,Delivered
ORD003323,CUST00833,2025-04-15,PRD004,1,3219.12,UPI,Delivered
ORD003324,CUST00345,2025-08-31,PRD010,2,3744.74,Debit Card,Delivered
ORD003325,CUST00919,2025-06-30,PRD003,3,121443.16,COD,Returned
ORD003326,CUST00631,2026-08-23,PRD005,2,3413.78,Net Banking,Delivered
ORD003327,CUST01039,2025-04-18,PRD002,1,14836.47,Net Banking,Delivered
ORD003328,CUST01026,2026-06-09,PRD011,2,18105.29,Net Banking,Returned
ORD003329,CUST00342,2026-07-05,PRD012,1,1380.16,UPI,Delivered
ORD003330,CUST01024,2026-04-23,PRD002,2,28042.31,Credit Card,Delivered
ORD003331,CUST00236,2025-12-28,PRD007,1,,COD,Returned
ORD003332,CUST00247,2025-06-25,PRD004,1,3450.36,Debit Card,Delivered
ORD003333,CUST00549,2025-10-07,PRD010,1,1808.18,Net Banking,Cancelled
ORD003334,CUST00116,2026-04-02,PRD004,2,6719.04,Debit Card,Delivered
ORD003335,CUST00761,2026-07-25,PRD009,1,23353.43,COD,Delivered
ORD003336,CUST00481,2025-05-13,PRD011,2,19094.41,UPI,Delivered
ORD003337,CUST00314,2026-08-15,PRD008,1,2764.43,Credit Card,Delivered
ORD003338,CUST00298,2026-07-15,PRD006,1,1274.15,UPI,Delivered
ORD003339,CUST00378,2026-04-09,PRD006,2,2355.55,Debit Card,Returned
ORD003340,CUST01011,2025-04-29,PRD007,1,909.72,Credit Card,Delivered
ORD003341,CUST00385,2025-07-08,PRD007,1,953.25,Credit Card,Delivered
ORD003342,CUST01171,2025-07-10,PRD010,1,1818.62,Credit Card,Delivered
ORD003343,CUST01137,2026-03-01,PRD005,1,1675.58,Credit Card,Delivered
ORD003344,CUST00108,2025-03-29,PRD010,1,1953.39,COD,Delivered
ORD003345,CUST00345,2026-07-31,PRD007,2,1865.67,Net Banking,Delivered
ORD003346,CUST00095,2025-07-10,PRD011,2,19321.27,Debit Card,Delivered
ORD003347,CUST01187,2026-03-28,PRD009,2,46385.97,UPI,Delivered
ORD003348,CUST01152,2026-08-02,PRD012,2,2750.92,UPI,Delivered
ORD003349,CUST00944,2025-03-23,PRD008,3,8266.61,UPI,Cancelled
ORD003350,CUST00858,2025-07-28,PRD007,2,1973.49,Credit Card,Delivered
ORD003351,CUST00964,2026-06-03,PRD004,2,6632.86,Credit Card,Delivered
ORD003352,CUST00248,2026-06-12,PRD008,3,8361.57,UPI,Delivered
ORD003353,CUST00370,2026-09-03,PRD005,1,1735.38,Debit Card,Delivered
ORD003354,CUST00193,2026-09-05,PRD012,2,2935.62,Credit Card,Delivered
ORD003355,CUST00126,2026-06-10,PRD007,3,2752.69,Credit Card,Delivered
ORD003356,CUST00889,2025-10-07,PRD006,1,1181.33,Net Banking,Delivered
ORD003357,CUST00205,2026-06-16,PRD011,1,9167.28,Net Banking,Delivered
ORD003358,CUST00555,2025-04-14,PRD003,3,116494.83,Debit Card,Delivered
ORD003359,CUST00502,2025-06-05,PRD006,1,1209.06,COD,Delivered
ORD003360,CUST00719,2025-07-31,PRD012,1,1459.4,COD,Delivered
ORD003361,CUST00134,2026-03-17,PRD006,2,2340.3,Net Banking,Delivered
ORD003362,CUST00584,2026-07-10,PRD002,1,13787.69,Net Banking,Delivered
ORD003363,CUST00134,2025-11-04,PRD004,2,6515.87,Credit Card,Delivered
ORD003364,CUST00615,2026-01-23,PRD006,1,1250.1,Net Banking,Delivered
ORD003365,CUST00367,2026-06-30,PRD007,1,981.2,UPI,Delivered
ORD003366,CUST00056,2026-02-22,PRD011,1,9318.59,Debit Card,Delivered
ORD003367,CUST00372,2025-07-09,PRD012,2,2750.79,Credit Card,Delivered
ORD003368,CUST00496,2026-07-08,PRD008,2,5657.78,COD,Cancelled
ORD003369,CUST00355,2026-04-22,PRD003,2,79390.88,COD,Delivered
ORD003370,CUST00192,2025-08-15,PRD010,1,1812.18,Net Banking,Delivered
ORD003371,CUST00393,2026-03-28,PRD010,3,5769.78,Credit Card,Delivered
ORD003372,CUST00626,2025-10-31,PRD003,1,42391.26,Debit Card,Delivered
ORD003373,CUST00005,2025-10-30,PRD007,2,1900.57,Credit Card,Delivered
ORD003374,CUST00554,2025-08-18,PRD007,1,929.06,Net Banking,Delivered
ORD003375,CUST01104,2026-07-20,PRD010,1,1850.55,COD,Delivered
ORD003376,CUST00760,2026-06-05,PRD002,3,42459.98,Net Banking,Delivered
ORD003377,CUST00522,2025-12-09,PRD012,1,1465.43,Debit Card,Delivered
ORD003378,CUST00590,2026-02-08,PRD003,1,41115.73,COD,Delivered
ORD003379,CUST00274,2026-02-22,PRD009,1,23623.47,Credit Card,Delivered
ORD003380,CUST00697,2025-10-20,PRD001,2,4579.71,Net Banking,Returned
ORD003381,CUST01072,2026-03-31,PRD010,1,1974.84,COD,Delivered
ORD003382,CUST00017,2025-11-18,PRD004,2,6931.03,COD,Delivered
ORD003383,CUST00581,2026-03-14,PRD006,1,1181.59,COD,Delivered
ORD003384,CUST00830,2025-07-19,PRD006,1,1185.29,Net Banking,Delivered
ORD003385,CUST01072,2026-02-28,PRD004,1,3356.21,Net Banking,Delivered
ORD003386,CUST00697,2025-05-22,PRD005,1,1789.92,Credit Card,Delivered
ORD003387,CUST00563,2026-07-21,PRD005,3,5205.44,COD,Cancelled
ORD003388,CUST01058,2025-12-09,PRD007,2,1905.87,Net Banking,Delivered
ORD003389,CUST00529,2025-06-28,PRD008,1,2731.04,UPI,Delivered
ORD003390,CUST00888,2025-09-13,PRD010,1,1851.25,COD,Delivered
ORD003391,CUST00169,2026-08-12,PRD002,1,13821.42,Net Banking,Delivered
ORD003392,CUST00534,2025-08-06,PRD012,2,2815.78,Debit Card,Delivered
ORD003393,CUST00858,2026-03-23,PRD007,3,,UPI,Delivered
ORD003394,CUST01112,2026-08-05,PRD012,2,2704.2,UPI,Delivered
ORD003395,CUST00788,2025-10-22,PRD008,3,8603.81,Credit Card,Delivered
ORD003396,CUST00419,2026-01-04,PRD005,3,5378.41,Net Banking,Delivered
ORD003397,CUST00891,2025-08-21,PRD010,2,3951.2,Debit Card,Delivered
ORD003398,CUST00664,2026-01-22,PRD001,3,7053.9,Net Banking,Delivered
ORD003399,CUST00470,2025-05-18,PRD008,1,2739.8,Debit Card,Delivered
ORD003400,CUST00365,2025-05-24,PRD009,2,49155.23,Net Banking,Delivered
ORD003401,CUST00867,2026-06-08,PRD003,1,39233.89,UPI,Returned
ORD003402,CUST00267,2026-07-11,PRD006,1,1257.76,Credit Card,Delivered
ORD003403,CUST01104,2026-08-16,PRD006,3,3674.03,Credit Card,Delivered
ORD003404,CUST00771,2026-01-14,PRD005,2,3263.87,COD,Delivered
ORD003405,CUST00511,2025-12-14,PRD009,3,69330.93,COD,Delivered
ORD003406,CUST01146,2025-05-28,PRD001,3,6989.51,Debit Card,Delivered
ORD003407,CUST00453,2026-09-09,PRD001,3,6763.6,UPI,Returned
ORD003408,CUST00290,2025-11-29,PRD008,2,5758.73,UPI,Delivered
ORD003409,CUST00427,2025-05-19,PRD001,1,2374.98,Debit Card,Delivered
ORD003410,CUST00302,2025-07-22,PRD012,2,2855.35,COD,Delivered
ORD003411,CUST00100,2026-06-13,PRD004,2,6400.85,Credit Card,Delivered
ORD003412,CUST00866,2025-06-28,PRD004,1,3247.51,Net Banking,Delivered
ORD003413,CUST00529,2026-05-06,PRD007,2,1873.63,Credit Card,Cancelled
ORD003414,CUST00477,2026-05-30,PRD002,2,29887.02,Credit Card,Delivered
ORD003415,CUST00456,2025-07-29,PRD006,2,2361.26,UPI,Delivered
ORD003416,CUST00919,2026-02-16,PRD004,1,3254.58,Debit Card,Returned
ORD003417,CUST00945,2025-11-12,PRD008,2,5646.2,Credit Card,Delivered
ORD003418,CUST00795,2025-06-06,PRD004,2,6517.35,UPI,Delivered
ORD003419,CUST01044,2026-02-06,PRD010,2,3840.26,COD,Delivered
ORD003420,CUST00543,2025-04-12,PRD008,1,2904.27,Credit Card,Delivered
ORD003421,CUST00585,2026-08-07,PRD009,3,71902.87,Credit Card,Delivered
ORD003422,CUST00914,2026-05-09,PRD012,2,2961.48,UPI,Cancelled
ORD003423,CUST00492,2025-07-01,PRD008,2,5732.63,Debit Card,Delivered
ORD003424,CUST00052,2025-07-12,PRD005,1,1775.0,COD,Delivered
ORD003425,CUST00957,2025-09-08,PRD006,1,1226.93,Credit Card,Delivered
ORD003426,CUST00611,2026-01-22,PRD002,1,14205.83,Credit Card,Delivered
ORD003427,CUST00426,2026-08-15,PRD001,2,4892.43,UPI,Delivered
ORD003428,CUST01170,2025-09-21,PRD005,3,5078.06,COD,Delivered
ORD003429,CUST00732,2026-08-16,PRD012,2,2921.51,Debit Card,Delivered
ORD003430,CUST00704,2026-07-31,PRD004,2,6858.38,COD,Delivered
ORD003431,CUST00749,2025-09-26,PRD004,1,3468.83,Credit Card,Delivered
ORD003432,CUST00843,2025-07-07,PRD007,1,990.55,UPI,Delivered
ORD003433,CUST00076,2026-03-03,PRD005,2,3597.83,UPI,Delivered
ORD003434,CUST00144,2025-10-18,PRD001,3,6977.96,Debit Card,Delivered
ORD003435,CUST00864,2025-06-11,PRD002,1,14647.1,Net Banking,Delivered
ORD003436,CUST01163,2025-08-25,PRD010,3,5585.82,UPI,Delivered
ORD003437,CUST00178,2025-04-24,PRD009,1,23294.77,Credit Card,Delivered
ORD003438,CUST00918,2025-06-28,PRD005,2,3350.44,Debit Card,Delivered
ORD003439,CUST00964,2025-07-03,PRD008,2,5704.53,COD,Delivered
ORD003440,CUST01047,2026-03-11,PRD008,3,8745.58,Net Banking,Delivered
ORD003441,CUST00843,2025-11-12,PRD007,3,2931.66,COD,Delivered
ORD003442,CUST01122,2026-07-04,PRD003,3,125647.9,Credit Card,Delivered
ORD003443,CUST00756,2025-04-27,PRD007,1,957.66,UPI,Delivered
ORD003444,CUST01079,2025-07-31,PRD011,2,,Credit Card,Delivered
ORD003445,CUST00475,2025-12-31,PRD001,3,,COD,Delivered
ORD003446,CUST00866,2026-01-15,PRD005,1,1769.89,Credit Card,Delivered
ORD003447,CUST01096,2025-06-06,PRD007,1,905.8,UPI,Delivered
ORD003448,CUST00727,2026-08-23,PRD002,1,14296.95,COD,Returned
ORD003449,CUST00067,2025-04-20,PRD005,2,3550.37,Credit Card,Delivered
ORD003450,CUST01131,2026-03-25,PRD010,1,1945.67,Net Banking,Delivered
ORD003451,CUST00696,2025-10-28,PRD003,1,42417.41,Credit Card,Delivered
ORD003452,CUST00006,2026-01-03,PRD004,1,3247.78,UPI,Delivered
ORD003453,CUST00341,2026-02-18,PRD012,1,1421.18,Credit Card,Cancelled
ORD003454,CUST00732,2025-06-20,PRD002,2,29043.94,COD,Delivered
ORD003455,CUST00848,2026-08-06,PRD005,2,3272.57,UPI,Delivered
ORD003456,CUST00417,2025-10-07,PRD006,1,1193.51,Credit Card,Delivered
ORD003457,CUST00728,2025-06-06,PRD009,1,24750.76,COD,Delivered
ORD003458,CUST00652,2025-05-16,PRD009,1,24876.17,Net Banking,Delivered
ORD003459,CUST01102,2025-07-25,PRD006,3,3553.65,Net Banking,Delivered
ORD003460,CUST00672,2025-10-12,PRD006,2,2353.24,Net Banking,Returned
ORD003461,CUST01071,2026-01-18,PRD005,3,5285.63,UPI,Returned
ORD003462,CUST00350,2026-06-03,PRD009,2,49036.29,UPI,Delivered
ORD003463,CUST00772,2026-05-10,PRD008,1,2752.43,Net Banking,Cancelled
ORD003464,CUST00421,2025-05-24,PRD002,2,28595.57,Net Banking,Delivered
ORD003465,CUST00188,2025-07-20,PRD009,3,72989.63,Credit Card,Cancelled
ORD003466,CUST01092,2026-02-23,PRD002,1,13782.7,Credit Card,Returned
ORD003467,CUST00355,2026-01-19,PRD005,1,1728.53,Debit Card,Delivered
ORD003468,CUST01177,2025-04-29,PRD008,3,8977.27,UPI,Returned
ORD003469,CUST00867,2026-03-06,PRD012,1,1426.3,Credit Card,Delivered
ORD003470,CUST00968,2026-07-25,PRD004,1,3179.6,COD,Delivered
ORD003471,CUST00181,2026-08-09,PRD004,1,3457.94,Debit Card,Delivered
ORD003472,CUST00743,2026-03-04,PRD004,1,3261.32,UPI,Delivered
ORD003473,CUST00389,2025-08-20,PRD001,1,2361.5,Net Banking,Delivered
ORD003474,CUST00181,2026-02-16,PRD011,3,27139.64,COD,Delivered
ORD003475,CUST00739,2025-11-18,PRD010,2,3905.27,Debit Card,Delivered
ORD003476,CUST00936,2026-04-28,PRD007,3,2826.82,Debit Card,Returned
ORD003477,CUST00667,2026-03-24,PRD005,1,1752.58,Credit Card,Cancelled
ORD003478,CUST00014,2026-02-14,PRD010,1,1986.76,Net Banking,Delivered
ORD003479,CUST00547,2025-09-23,PRD006,1,1208.95,UPI,Delivered
ORD003480,CUST00211,2026-09-05,PRD001,2,4956.88,COD,Delivered
ORD003481,CUST00780,2025-11-21,PRD012,2,2715.85,Net Banking,Delivered
ORD003482,CUST00272,2026-07-30,PRD003,3,,UPI,Delivered
ORD003483,CUST00829,2025-06-11,PRD009,1,23757.69,Credit Card,Delivered
ORD003484,CUST00312,2026-01-04,PRD011,1,9498.27,COD,Delivered
ORD003485,CUST00350,2025-10-01,PRD011,2,19135.05,COD,Returned
ORD003486,CUST00300,2025-06-06,PRD001,2,4633.64,Net Banking,Delivered
ORD003487,CUST00177,2026-02-28,PRD012,1,1434.35,Credit Card,Delivered
ORD003488,CUST00721,2025-06-23,PRD008,1,2864.43,COD,Cancelled
ORD003489,CUST00101,2026-08-25,PRD012,1,1353.67,COD,Delivered
ORD003490,CUST00548,2026-09-11,PRD009,1,24336.57,Debit Card,Delivered
ORD003491,CUST00392,2026-07-10,PRD009,2,45721.91,Debit Card,Delivered
ORD003492,CUST00181,2025-10-05,PRD005,1,1748.13,UPI,Delivered
ORD003493,CUST00679,2025-04-01,PRD011,2,19603.72,UPI,Returned
ORD003494,CUST00302,2026-05-29,PRD011,2,19610.07,UPI,Delivered
ORD003495,CUST00590,2025-06-06,PRD009,1,24837.26,Credit Card,Delivered
ORD003496,CUST00537,2025-11-24,PRD001,2,4921.63,COD,Cancelled
ORD003497,CUST00540,2026-04-08,PRD008,2,5762.27,Debit Card,Delivered
ORD003498,CUST00086,2026-01-07,PRD012,2,2959.21,Net Banking,Delivered
ORD003499,CUST01197,2025-07-21,PRD009,1,24906.35,Debit Card,Delivered
ORD003500,CUST00419,2025-10-24,PRD001,1,2331.37,Debit Card,Delivered
ORD003501,CUST00884,2026-06-17,PRD003,1,40815.24,Net Banking,Delivered
ORD003502,CUST01046,2025-09-27,PRD008,3,8410.03,Net Banking,Returned
ORD003503,CUST00487,2026-08-11,PRD002,1,14937.48,COD,Delivered
ORD003504,CUST00263,2025-11-03,PRD003,2,78156.57,UPI,Delivered
ORD003505,CUST00397,2025-11-01,PRD009,2,46395.36,Net Banking,Delivered
ORD003506,CUST00568,2026-04-21,PRD011,2,18157.47,Net Banking,Delivered
ORD003507,CUST00032,2025-11-15,PRD004,2,6528.62,Debit Card,Delivered
ORD003508,CUST01068,2025-10-16,PRD010,1,1911.07,Net Banking,Cancelled
ORD003509,CUST00594,2025-10-03,PRD005,1,1754.65,Debit Card,Delivered
ORD003510,CUST00942,2025-09-13,PRD010,3,5614.2,Debit Card,Delivered
ORD003511,CUST00903,2025-10-22,PRD003,2,80480.43,UPI,Delivered
ORD003512,CUST00838,2026-04-15,PRD008,1,2945.04,Debit Card,Delivered
ORD003513,CUST00453,2025-07-10,PRD003,3,122462.33,Net Banking,Cancelled
ORD003514,CUST00524,2025-07-16,PRD009,2,48132.02,COD,Delivered
ORD003515,CUST00680,2025-07-02,PRD007,3,2875.02,Credit Card,Delivered
ORD003516,CUST00753,2025-07-04,PRD011,3,27553.96,Credit Card,Delivered
ORD003517,CUST01077,2026-07-05,PRD003,3,116118.07,UPI,Delivered
ORD003518,CUST01080,2026-03-12,PRD004,1,3222.46,COD,Delivered
ORD003519,CUST01045,2026-02-18,PRD009,1,24317.76,COD,Delivered
ORD003520,CUST00994,2026-07-20,PRD007,3,2702.84,COD,Delivered
ORD003521,CUST00571,2026-01-11,PRD006,2,2591.13,Debit Card,Delivered
ORD003522,CUST01177,2026-05-07,PRD006,2,2376.28,Credit Card,Delivered
ORD003523,CUST00732,2025-10-27,PRD011,1,9476.63,Debit Card,Delivered
ORD003524,CUST00676,2026-03-03,PRD010,3,5698.92,Net Banking,Delivered
ORD003525,CUST01001,2025-07-14,PRD005,2,3585.54,UPI,Cancelled
ORD003526,CUST00132,2025-06-05,PRD012,3,4284.1,Credit Card,Delivered
ORD003527,CUST00878,2025-05-18,PRD008,1,2950.73,UPI,Cancelled
ORD003528,CUST01010,2026-03-08,PRD007,1,925.9,COD,Delivered
ORD003529,CUST00729,2025-08-30,PRD006,1,1270.25,COD,Cancelled
ORD003530,CUST00637,2026-06-13,PRD002,2,28586.26,COD,Delivered
ORD003531,CUST00487,2026-05-13,PRD012,1,1356.57,Credit Card,Delivered
ORD003532,CUST00719,2026-02-20,PRD012,2,2716.5,UPI,Returned
ORD003533,CUST00812,2025-04-17,PRD004,1,3406.77,Net Banking,Delivered
ORD003534,CUST00974,2025-07-16,PRD011,3,29762.92,Credit Card,Delivered
ORD003535,CUST00259,2026-01-12,PRD009,1,24478.72,Credit Card,Cancelled
ORD003536,CUST00626,2025-06-13,PRD011,2,18761.26,Net Banking,Delivered
ORD003537,CUST00100,2025-10-14,PRD010,3,5549.65,UPI,Delivered
ORD003538,CUST00170,2025-12-25,PRD011,2,18547.33,Credit Card,Delivered
ORD003539,CUST00403,2025-06-26,PRD005,2,3539.89,Debit Card,Delivered
ORD003540,CUST00449,2025-11-15,PRD008,3,8812.17,Net Banking,Delivered
ORD003541,CUST00818,2026-03-30,PRD007,3,2975.58,Debit Card,Delivered
ORD003542,CUST00535,2025-10-15,PRD005,2,3362.35,Net Banking,Returned
ORD003543,CUST00316,2026-03-16,PRD007,1,942.8,Debit Card,Delivered
ORD003544,CUST00826,2025-08-15,PRD011,3,27405.36,Debit Card,Delivered
ORD003545,CUST00423,2026-04-27,PRD007,3,2786.88,Net Banking,Returned
ORD003546,CUST00129,2026-01-19,PRD002,2,29129.85,Debit Card,Delivered
ORD003547,CUST00838,2025-06-13,PRD008,3,8711.62,Net Banking,Delivered
ORD003548,CUST00747,2025-10-24,PRD012,1,1361.92,Debit Card,Delivered
ORD003549,CUST00658,2026-05-17,PRD012,3,4145.11,Credit Card,Returned
ORD003550,CUST00041,2025-07-05,PRD011,2,19747.53,Net Banking,Delivered
ORD003551,CUST00285,2025-10-29,PRD002,1,14124.24,Credit Card,Delivered
ORD003552,CUST00760,2025-11-29,PRD007,2,1851.55,COD,Delivered
ORD003553,CUST00006,2026-07-02,PRD008,2,5897.35,COD,Delivered
ORD003554,CUST00704,2025-05-30,PRD002,3,43028.73,Net Banking,Cancelled
ORD003555,CUST00205,2026-08-05,PRD010,2,3791.41,Debit Card,Delivered
ORD003556,CUST00141,2025-09-07,PRD003,2,79783.24,UPI,Delivered
ORD003557,CUST00629,2026-08-06,PRD010,1,1933.47,COD,Delivered
ORD003558,CUST00565,2026-02-14,PRD010,2,3901.78,Credit Card,Delivered
ORD003559,CUST01060,2026-04-22,PRD011,1,9474.92,COD,Delivered
ORD003560,CUST00912,2026-07-06,PRD007,1,930.99,UPI,Delivered
ORD003561,CUST00986,2026-03-21,PRD001,1,2430.35,Debit Card,Delivered
ORD003562,CUST00431,2026-05-19,PRD011,1,9764.86,Net Banking,Delivered
ORD003563,CUST00965,2025-05-06,PRD011,2,19717.67,Net Banking,Delivered
ORD003564,CUST00358,2025-03-25,PRD003,3,123608.31,Net Banking,Delivered
ORD003565,CUST00111,2026-06-29,PRD008,2,5814.42,Debit Card,Delivered
ORD003566,CUST00231,2025-04-18,PRD006,1,1229.35,UPI,Delivered
ORD003567,CUST00105,2026-06-24,PRD011,1,9948.75,Debit Card,Delivered
ORD003568,CUST00947,2025-09-06,PRD008,1,2883.41,Debit Card,Cancelled
ORD003569,CUST00493,2026-07-20,PRD011,1,9658.3,Net Banking,Returned
ORD003570,CUST00991,2025-07-08,PRD003,1,40269.78,Net Banking,Delivered
ORD003571,CUST00690,2025-06-10,PRD007,1,933.33,COD,Delivered
ORD003572,CUST00633,2025-07-14,PRD002,2,29624.63,Debit Card,Delivered
ORD003573,CUST00958,2026-06-17,PRD004,2,6404.32,Credit Card,Delivered
ORD003574,CUST01099,2025-10-02,PRD006,1,1171.39,Net Banking,Delivered
ORD003575,CUST00705,2026-07-24,PRD008,3,8846.63,Debit Card,Delivered
ORD003576,CUST01028,2026-01-30,PRD002,3,40696.69,Net Banking,Delivered
ORD003577,CUST00538,2026-06-11,PRD011,3,27577.49,Credit Card,Delivered
ORD003578,CUST00489,2025-12-02,PRD004,3,10273.52,Debit Card,Cancelled
ORD003579,CUST00910,2026-04-04,PRD001,1,2274.53,COD,Delivered
ORD003580,CUST00183,2025-08-24,PRD008,3,8326.26,COD,Cancelled
ORD003581,CUST01026,2025-05-14,PRD008,3,8835.52,Credit Card,Returned
ORD003582,CUST00596,2026-01-18,PRD002,2,27956.16,Debit Card,Delivered
ORD003583,CUST00086,2026-07-20,PRD009,3,74538.24,Debit Card,Delivered
ORD003584,CUST00825,2025-06-11,PRD001,1,2296.82,COD,Delivered
ORD003585,CUST00207,2025-10-31,PRD001,1,2402.98,UPI,Delivered
ORD003586,CUST00081,2026-01-02,PRD002,2,29818.36,COD,Cancelled
ORD003587,CUST01174,2026-02-17,PRD011,1,9487.93,COD,Delivered
ORD003588,CUST00014,2025-06-14,PRD003,2,83245.24,COD,Delivered
ORD003589,CUST00320,2026-01-13,PRD002,3,43099.48,Credit Card,Cancelled
ORD003590,CUST01126,2025-11-29,PRD010,2,3868.81,Debit Card,Delivered
ORD003591,CUST00406,2026-09-02,PRD007,2,1871.73,Debit Card,Delivered
ORD003592,CUST01080,2026-03-28,PRD010,2,3621.31,Credit Card,Delivered
ORD003593,CUST00273,2026-07-21,PRD009,2,48893.5,Credit Card,Delivered
ORD003594,CUST00473,2026-08-30,PRD006,1,1248.61,UPI,Cancelled
ORD003595,CUST00558,2026-03-14,PRD004,1,3467.78,Debit Card,Delivered
ORD003596,CUST00338,2025-06-08,PRD008,3,8650.15,COD,Delivered
ORD003597,CUST00830,2025-11-16,PRD011,1,,Net Banking,Delivered
ORD003598,CUST00848,2026-05-03,PRD008,1,2779.48,UPI,Delivered
ORD003599,CUST00402,2025-06-02,PRD012,3,4070.48,COD,Delivered
ORD003600,CUST00468,2025-10-12,PRD006,3,3649.45,Credit Card,Delivered
ORD003601,CUST00799,2025-10-11,PRD001,2,4922.93,Credit Card,Delivered
ORD003602,CUST00851,2025-06-21,PRD004,3,10067.98,Debit Card,Delivered
ORD003603,CUST00140,2025-03-31,PRD003,2,81896.67,COD,Returned
ORD003604,CUST01195,2026-03-27,PRD002,1,14507.36,Credit Card,Returned
ORD003605,CUST00341,2026-06-05,PRD002,1,13748.67,Credit Card,Delivered
ORD003606,CUST00774,2026-08-05,PRD002,1,14683.6,Net Banking,Delivered
ORD003607,CUST01163,2026-01-30,PRD003,1,42419.14,COD,Returned
ORD003608,CUST00653,2025-06-27,PRD008,1,2780.93,Debit Card,Delivered
ORD003609,CUST00440,2026-07-16,PRD003,1,40062.28,Debit Card,Delivered
ORD003610,CUST00157,2026-08-26,PRD002,2,29315.44,Net Banking,Delivered
ORD003611,CUST00702,2026-08-14,PRD002,1,14174.27,Net Banking,Delivered
ORD003612,CUST00038,2026-01-21,PRD011,1,9205.16,Net Banking,Delivered
ORD003613,CUST00206,2026-07-12,PRD012,2,2949.28,COD,Delivered
ORD003614,CUST01051,2026-09-05,PRD005,1,1780.62,COD,Delivered
ORD003615,CUST00165,2026-07-12,PRD005,2,3297.86,UPI,Delivered
ORD003616,CUST00535,2025-04-27,PRD011,2,18484.02,Debit Card,Delivered
ORD003617,CUST00123,2025-06-01,PRD002,1,13752.56,Credit Card,Delivered
ORD003618,CUST00798,2025-08-30,PRD001,1,2369.47,COD,Delivered
ORD003619,CUST00597,2025-10-19,PRD008,2,5741.89,COD,Delivered
ORD003620,CUST00990,2025-06-09,PRD007,1,922.8,COD,Delivered
ORD003621,CUST00773,2026-09-08,PRD003,3,116130.63,COD,Delivered
ORD003622,CUST00989,2026-05-22,PRD012,1,1376.91,UPI,Delivered
ORD003623,CUST01022,2026-03-17,PRD003,1,40950.32,Net Banking,Delivered
ORD003624,CUST00809,2026-08-22,PRD009,1,22756.53,COD,Delivered
ORD003625,CUST01177,2025-09-10,PRD004,1,3438.51,Credit Card,Delivered
ORD003626,CUST00793,2026-04-09,PRD005,3,5073.51,Net Banking,Delivered
ORD003627,CUST00880,2026-08-15,PRD008,1,2882.9,COD,Delivered
ORD003628,CUST00076,2025-05-04,PRD006,3,3800.64,Net Banking,Delivered
ORD003629,CUST00042,2026-02-09,PRD007,1,955.96,Net Banking,Cancelled
ORD003630,CUST00997,2026-05-26,PRD011,1,9129.78,UPI,Delivered
ORD003631,CUST00430,2025-03-29,PRD008,3,8594.21,Debit Card,Delivered
ORD003632,CUST01145,2026-07-15,PRD010,1,1997.69,Credit Card,Delivered
ORD003633,CUST01187,2025-11-01,PRD007,2,1890.58,Credit Card,Delivered
ORD003634,CUST00242,2025-06-20,PRD006,1,1201.44,COD,Delivered
ORD003635,CUST00284,2026-06-23,PRD006,1,1169.55,Credit Card,Delivered
ORD003636,CUST00232,2025-07-02,PRD007,2,1949.39,Net Banking,Cancelled
ORD003637,CUST01045,2025-08-19,PRD008,1,2853.37,Credit Card,Cancelled
ORD003638,CUST00475,2025-12-27,PRD004,1,3413.63,Debit Card,Delivered
ORD003639,CUST00394,2026-07-28,PRD011,2,18006.72,Debit Card,Delivered
ORD003640,CUST00919,2025-12-10,PRD004,1,3317.06,Debit Card,Returned
ORD003641,CUST00520,2026-07-23,PRD007,2,1936.12,Debit Card,Delivered
ORD003642,CUST00251,2025-04-18,PRD001,1,2325.13,UPI,Cancelled
ORD003643,CUST00309,2025-07-27,PRD009,1,23927.43,Debit Card,Delivered
ORD003644,CUST01052,2025-09-02,PRD011,2,19130.61,UPI,Cancelled
ORD003645,CUST00452,2025-11-18,PRD006,2,2466.22,COD,Delivered
ORD003646,CUST00167,2025-11-09,PRD008,3,8126.68,COD,Delivered
ORD003647,CUST01025,2025-04-11,PRD008,1,,Credit Card,Returned
ORD003648,CUST00520,2026-04-29,PRD012,2,2726.15,COD,Delivered
ORD003649,CUST00519,2026-05-05,PRD009,1,24077.03,Net Banking,Cancelled
ORD003650,CUST00657,2025-11-23,PRD004,1,3344.56,UPI,Delivered
ORD003651,CUST01142,2025-05-03,PRD008,2,5917.43,COD,Delivered
ORD003652,CUST00125,2026-01-12,PRD001,2,4653.22,Net Banking,Delivered
ORD003653,CUST00932,2025-05-30,PRD011,3,27696.76,UPI,Delivered
ORD003654,CUST00968,2026-08-31,PRD004,1,3211.05,Net Banking,Delivered
ORD003655,CUST00861,2026-02-21,PRD012,3,4197.2,COD,Cancelled
ORD003656,CUST00541,2026-04-21,PRD006,1,1208.36,Debit Card,Cancelled
ORD003657,CUST01093,2025-03-31,PRD001,2,4934.65,COD,Delivered
ORD003658,CUST00445,2025-10-12,PRD002,2,28031.45,UPI,Delivered
ORD003659,CUST00699,2026-07-22,PRD005,1,1700.96,Net Banking,Delivered
ORD003660,CUST00738,2025-10-12,PRD010,3,5878.71,COD,Returned
ORD003661,CUST00241,2025-04-09,PRD002,1,14929.05,Net Banking,Delivered
ORD003662,CUST00969,2026-03-18,PRD007,1,935.27,Debit Card,Returned
ORD003663,CUST00857,2026-04-01,PRD006,2,2485.06,COD,Delivered
ORD003664,CUST00311,2025-09-18,PRD003,2,79204.92,Net Banking,Delivered
ORD003665,CUST00692,2026-05-28,PRD005,3,4966.98,UPI,Delivered
ORD003666,CUST01040,2026-06-24,PRD005,3,5320.51,COD,Delivered
ORD003667,CUST00024,2026-05-18,PRD007,2,1943.84,Credit Card,Cancelled
ORD003668,CUST00836,2025-10-26,PRD002,1,14896.24,Net Banking,Delivered
ORD003669,CUST00976,2025-09-21,PRD001,2,4719.54,COD,Cancelled
ORD003670,CUST00935,2026-08-12,PRD008,2,5422.72,Credit Card,Delivered
ORD003671,CUST01167,2026-04-13,PRD010,2,3687.28,COD,Delivered
ORD003672,CUST00518,2026-01-13,PRD003,3,128001.12,UPI,Returned
ORD003673,CUST00175,2025-12-09,PRD001,2,4992.18,UPI,Cancelled
ORD003674,CUST00267,2025-08-12,PRD009,2,,UPI,Delivered
ORD003675,CUST00834,2026-07-27,PRD009,3,69652.86,Credit Card,Delivered
ORD003676,CUST00475,2026-07-30,PRD004,3,9701.18,Credit Card,Delivered
ORD003677,CUST00442,2025-05-05,PRD010,2,3699.04,COD,Delivered
ORD003678,CUST00047,2026-03-15,PRD007,3,2947.41,COD,Returned
ORD003679,CUST01160,2025-09-09,PRD005,3,5352.28,COD,Delivered
ORD003680,CUST00705,2025-12-20,PRD011,1,9436.7,COD,Delivered
ORD003681,CUST00662,2025-05-21,PRD003,2,78572.42,Debit Card,Delivered
ORD003682,CUST00497,2026-06-01,PRD008,3,8127.0,COD,Returned
ORD003683,CUST00543,2026-05-30,PRD005,2,3438.14,Debit Card,Returned
ORD003684,CUST01089,2025-05-17,PRD008,1,2734.02,Net Banking,Delivered
ORD003685,CUST01066,2025-04-30,PRD001,1,2336.58,Debit Card,Delivered
ORD003686,CUST00294,2025-10-08,PRD009,1,24935.07,COD,Delivered
ORD003687,CUST00620,2025-06-12,PRD003,1,38827.51,Net Banking,Delivered
ORD003688,CUST00869,2026-05-27,PRD009,2,47231.26,COD,Delivered
ORD003689,CUST00057,2026-05-15,PRD011,1,9721.13,Credit Card,Delivered
ORD003690,CUST00346,2026-06-30,PRD002,1,,UPI,Returned
ORD003691,CUST00191,2025-03-26,PRD010,3,5733.24,COD,Delivered
ORD003692,CUST00428,2025-03-28,PRD010,2,3814.07,COD,Delivered
ORD003693,CUST01159,2026-05-30,PRD009,2,49425.76,COD,Delivered
ORD003694,CUST00416,2026-07-03,PRD012,1,1372.71,Debit Card,Delivered
ORD003695,CUST01163,2026-02-17,PRD006,2,2550.57,COD,Delivered
ORD003696,CUST01183,2025-06-13,PRD007,1,941.77,Credit Card,Delivered
ORD003697,CUST00399,2026-02-22,PRD003,2,77455.21,UPI,Delivered
ORD003698,CUST00040,2026-07-04,PRD006,1,1192.33,COD,Cancelled
ORD003699,CUST00640,2025-11-24,PRD006,3,3873.23,Credit Card,Delivered
ORD003700,CUST00327,2026-07-05,PRD012,3,4048.93,COD,Delivered
ORD003701,CUST00740,2026-05-19,PRD005,1,1631.12,Debit Card,Delivered
ORD003702,CUST01086,2025-05-17,PRD008,2,5916.96,UPI,Delivered
ORD003703,CUST00114,2025-05-25,PRD005,2,3552.83,Debit Card,Delivered
ORD003704,CUST00037,2026-04-05,PRD002,1,14520.45,Net Banking,Delivered
ORD003705,CUST00917,2025-07-06,PRD005,1,1628.24,COD,Delivered
ORD003706,CUST00114,2026-04-27,PRD008,2,5603.12,Net Banking,Delivered
ORD003707,CUST00387,2025-05-03,PRD004,1,3279.42,COD,Delivered
ORD003708,CUST00291,2025-05-09,PRD004,3,9864.97,UPI,Delivered
ORD003709,CUST00873,2026-08-16,PRD001,1,2332.96,Net Banking,Returned
ORD003710,CUST00315,2025-03-23,PRD004,1,3175.51,Net Banking,Delivered
ORD003711,CUST00701,2026-05-22,PRD009,3,72254.12,UPI,Delivered
ORD003712,CUST00196,2025-07-24,PRD006,1,1242.56,COD,Cancelled
ORD003713,CUST00990,2025-04-16,PRD011,1,9128.21,UPI,Delivered
ORD003714,CUST01171,2025-05-02,PRD003,1,41117.15,Net Banking,Delivered
ORD003715,CUST00723,2025-09-10,PRD003,1,39341.48,Net Banking,Delivered
ORD003716,CUST00922,2025-12-31,PRD001,1,2461.76,COD,Delivered
ORD003717,CUST01200,2025-12-03,PRD006,2,2574.49,Debit Card,Delivered
ORD003718,CUST01097,2025-07-05,PRD011,1,9809.57,UPI,Delivered
ORD003719,CUST00880,2026-09-05,PRD004,2,6356.48,Net Banking,Delivered
ORD003720,CUST00338,2026-02-10,PRD001,2,4966.17,Debit Card,Delivered
ORD003721,CUST00227,2025-06-29,PRD005,1,1764.95,Credit Card,Delivered
ORD003722,CUST01194,2025-08-23,PRD007,1,933.65,UPI,Delivered
ORD003723,CUST01060,2026-03-21,PRD009,1,22943.63,Net Banking,Delivered
ORD003724,CUST00963,2026-07-01,PRD012,2,2975.22,COD,Delivered
ORD003725,CUST00945,2025-04-23,PRD008,1,2776.44,Credit Card,Returned
ORD003726,CUST00627,2025-06-28,PRD004,3,,Net Banking,Returned
ORD003727,CUST00948,2025-03-24,PRD009,2,49870.44,COD,Delivered
ORD003728,CUST00742,2025-06-23,PRD008,1,2820.89,Debit Card,Delivered
ORD003729,CUST00457,2025-07-05,PRD009,3,73758.93,Net Banking,Delivered
ORD003730,CUST01171,2025-06-06,PRD001,1,2382.53,UPI,Delivered
ORD003731,CUST00608,2026-01-07,PRD003,1,42414.83,UPI,Delivered
ORD003732,CUST00063,2026-08-28,PRD012,1,1350.52,UPI,Delivered
ORD003733,CUST00859,2026-04-02,PRD012,1,1420.73,Credit Card,Delivered
ORD003734,CUST00590,2026-04-04,PRD003,2,84099.21,Credit Card,Delivered
ORD003735,CUST00258,2025-04-30,PRD006,1,1288.98,Credit Card,Delivered
ORD003736,CUST00845,2025-06-30,PRD010,1,1951.12,Debit Card,Delivered
ORD003737,CUST00121,2025-09-10,PRD002,3,42597.58,UPI,Delivered
ORD003738,CUST00233,2026-09-07,PRD008,1,2817.86,UPI,Returned
ORD003739,CUST00530,2025-06-16,PRD008,1,2989.9,UPI,Delivered
ORD003740,CUST00024,2026-02-27,PRD011,1,9124.96,Net Banking,Delivered
ORD003741,CUST00457,2026-02-03,PRD004,1,3493.77,Debit Card,Delivered
ORD003742,CUST00919,2026-02-08,PRD005,1,1716.01,Credit Card,Delivered
ORD003743,CUST00662,2025-12-19,PRD010,2,3962.66,COD,Delivered
ORD003744,CUST00977,2025-08-22,PRD002,1,14391.73,Credit Card,Delivered
ORD003745,CUST00341,2025-11-06,PRD007,1,945.55,Credit Card,Cancelled
ORD003746,CUST00825,2026-06-09,PRD006,1,1195.44,Net Banking,Delivered
ORD003747,CUST01153,2026-04-22,PRD001,2,4983.7,UPI,Delivered
ORD003748,CUST00886,2026-01-01,PRD005,2,3549.31,Debit Card,Delivered
ORD003749,CUST00617,2026-03-09,PRD003,2,79543.16,Debit Card,Delivered
ORD003750,CUST00652,2026-08-25,PRD005,3,5242.86,Debit Card,Delivered
ORD003751,CUST00361,2025-08-03,PRD011,1,9618.28,Net Banking,Delivered
ORD003752,CUST00295,2026-05-02,PRD012,3,4377.7,COD,Cancelled
ORD003753,CUST00745,2025-04-24,PRD005,2,3308.88,Credit Card,Delivered
ORD003754,CUST01177,2025-04-23,PRD007,2,1862.03,Credit Card,Delivered
ORD003755,CUST01026,2025-09-22,PRD003,3,122719.8,Net Banking,Delivered
ORD003756,CUST00456,2026-04-20,PRD006,2,2553.12,Net Banking,Delivered
ORD003757,CUST00202,2026-02-18,PRD004,1,3317.54,Debit Card,Delivered
ORD003758,CUST00698,2026-06-05,PRD004,3,10160.27,UPI,Returned
ORD003759,CUST00371,2025-05-03,PRD004,2,6889.62,Credit Card,Delivered
ORD003760,CUST00601,2026-05-07,PRD008,1,2870.06,Debit Card,Delivered
ORD003761,CUST00391,2026-04-11,PRD012,2,2770.67,Debit Card,Delivered
ORD003762,CUST00092,2025-03-27,PRD006,1,1185.4,Credit Card,Delivered
ORD003763,CUST00669,2026-04-26,PRD002,1,13633.75,Debit Card,Delivered
ORD003764,CUST00665,2025-05-07,PRD009,2,47936.88,Debit Card,Delivered
ORD003765,CUST00108,2026-02-01,PRD005,1,1735.61,Debit Card,Delivered
ORD003766,CUST00699,2026-07-28,PRD007,1,958.41,Credit Card,Delivered
ORD003767,CUST00761,2025-10-02,PRD006,1,1199.31,UPI,Delivered
ORD003768,CUST00996,2026-03-23,PRD009,1,24610.22,Debit Card,Delivered
ORD003769,CUST00044,2026-03-22,PRD006,3,3791.48,Debit Card,Cancelled
ORD003770,CUST00521,2025-04-25,PRD002,2,28409.44,Debit Card,Cancelled
ORD003771,CUST01019,2025-08-09,PRD006,1,1184.85,COD,Delivered
ORD003772,CUST00886,2026-06-17,PRD004,1,3370.17,Credit Card,Delivered
ORD003773,CUST00569,2025-11-19,PRD007,1,977.41,UPI,Delivered
ORD003774,CUST00841,2026-04-25,PRD003,1,42451.23,Debit Card,Delivered
ORD003775,CUST00886,2025-12-05,PRD004,1,3454.91,UPI,Delivered
ORD003776,CUST00939,2025-12-15,PRD007,1,927.99,UPI,Delivered
ORD003777,CUST00644,2026-05-07,PRD010,2,3798.49,Debit Card,Delivered
ORD003778,CUST00861,2025-09-06,PRD010,2,3629.12,Credit Card,Delivered
ORD003779,CUST00442,2026-09-11,PRD012,2,2977.99,UPI,Delivered
ORD003780,CUST00183,2025-07-01,PRD001,1,2478.12,COD,Delivered
ORD003781,CUST00197,2026-02-01,PRD001,3,6858.85,Net Banking,Delivered
ORD003782,CUST01075,2025-04-13,PRD009,2,47967.57,UPI,Delivered
ORD003783,CUST00576,2025-09-27,PRD007,3,2978.5,Net Banking,Delivered
ORD003784,CUST01072,2025-11-27,PRD002,2,28417.5,Net Banking,Delivered
ORD003785,CUST00722,2025-11-25,PRD002,2,28057.79,COD,Returned
ORD003786,CUST00430,2026-08-01,PRD001,1,2414.24,COD,Delivered
ORD003787,CUST00685,2026-06-21,PRD007,2,1830.23,COD,Delivered
ORD003788,CUST00361,2026-08-28,PRD009,1,24872.12,COD,Delivered
ORD003789,CUST00321,2025-11-26,PRD001,3,7162.62,Debit Card,Delivered
ORD003790,CUST00917,2026-07-19,PRD003,3,118816.28,COD,Delivered
ORD003791,CUST00580,2025-11-20,PRD001,2,4861.63,UPI,Delivered
ORD003792,CUST01093,2025-06-05,PRD004,1,3360.32,Net Banking,Cancelled
ORD003793,CUST01197,2026-04-30,PRD011,2,19281.16,Debit Card,Delivered
ORD003794,CUST00582,2025-11-02,PRD010,2,3782.69,UPI,Delivered
ORD003795,CUST00533,2025-04-03,PRD007,2,1805.26,COD,Delivered
ORD003796,CUST00777,2025-06-04,PRD009,2,47245.31,UPI,Cancelled
ORD003797,CUST01150,2025-09-08,PRD006,2,2360.02,Debit Card,Returned
ORD003798,CUST00726,2026-09-06,PRD007,1,959.8,Debit Card,Delivered
ORD003799,CUST00824,2026-02-25,PRD004,1,3411.7,Net Banking,Delivered
ORD003800,CUST00100,2025-10-22,PRD011,3,28762.84,Credit Card,Delivered
ORD003801,CUST00034,2025-03-28,PRD012,1,1428.44,Debit Card,Delivered
ORD003802,CUST00878,2026-05-22,PRD006,1,1230.12,COD,Delivered
ORD003803,CUST00988,2026-03-13,PRD004,1,3183.89,COD,Delivered
ORD003804,CUST01142,2025-06-22,PRD008,1,2747.35,COD,Delivered
ORD003805,CUST00221,2026-02-04,PRD006,1,1256.56,UPI,Delivered
ORD003806,CUST00212,2025-06-28,PRD003,1,39294.62,Debit Card,Delivered
ORD003807,CUST00595,2025-05-11,PRD006,1,1176.61,Debit Card,Delivered
ORD003808,CUST00606,2025-10-18,PRD010,1,1947.9,UPI,Delivered
ORD003809,CUST01155,2025-06-09,PRD010,2,3825.3,COD,Returned
ORD003810,CUST00823,2025-09-19,PRD011,2,19018.1,Credit Card,Delivered
ORD003811,CUST00635,2025-04-01,PRD007,1,900.42,Debit Card,Delivered
ORD003812,CUST00510,2025-10-18,PRD009,1,22647.69,UPI,Cancelled
ORD003813,CUST01189,2025-08-31,PRD002,1,13735.17,Debit Card,Delivered
ORD003814,CUST00463,2026-08-18,PRD001,2,4854.99,UPI,Delivered
ORD003815,CUST00897,2026-01-11,PRD010,2,3763.23,Debit Card,Delivered
ORD003816,CUST00847,2025-07-21,PRD007,1,948.7,Credit Card,Delivered
ORD003817,CUST00736,2025-12-08,PRD002,2,28130.9,Credit Card,Delivered
ORD003818,CUST00690,2026-04-15,PRD003,2,82831.87,UPI,Cancelled
ORD003819,CUST00009,2025-11-09,PRD003,1,39256.54,Debit Card,Delivered
ORD003820,CUST00080,2026-08-14,PRD006,2,2455.53,UPI,Cancelled
ORD003821,CUST00378,2025-06-15,PRD006,1,1236.47,UPI,Delivered
ORD003822,CUST00538,2026-08-26,PRD002,2,27496.17,Net Banking,Returned
ORD003823,CUST00025,2025-04-22,PRD006,1,1225.13,Net Banking,Delivered
ORD003824,CUST00236,2026-08-22,PRD003,1,40796.58,Net Banking,Delivered
ORD003825,CUST00602,2025-04-26,PRD005,2,3250.31,Net Banking,Delivered
ORD003826,CUST00782,2025-09-11,PRD004,2,6396.55,COD,Delivered
ORD003827,CUST00662,2025-12-03,PRD009,1,22887.32,Credit Card,Delivered
ORD003828,CUST00328,2025-08-24,PRD005,3,4992.8,Net Banking,Delivered
ORD003829,CUST00805,2025-07-25,PRD004,3,10358.76,Credit Card,Delivered
ORD003830,CUST00947,2026-08-12,PRD002,1,13838.62,UPI,Delivered
ORD003831,CUST00226,2026-05-28,PRD009,1,23449.71,COD,Delivered
ORD003832,CUST00387,2025-10-31,PRD002,1,14405.46,Credit Card,Cancelled
ORD003833,CUST01176,2025-03-28,PRD007,1,901.55,COD,Delivered
ORD003834,CUST00190,2025-09-03,PRD009,2,45618.88,UPI,Returned
ORD003835,CUST01189,2025-06-14,PRD010,1,1968.42,COD,Cancelled
ORD003836,CUST00293,2026-02-24,PRD005,3,5159.64,Credit Card,Delivered
ORD003837,CUST00593,2026-03-25,PRD002,1,13616.83,UPI,Delivered
ORD003838,CUST00406,2025-11-07,PRD002,2,29829.62,Net Banking,Delivered
ORD003839,CUST00213,2025-05-25,PRD005,1,1680.59,UPI,Delivered
ORD003840,CUST00475,2025-05-29,PRD003,1,40612.27,Net Banking,Delivered
ORD003841,CUST00005,2025-08-20,PRD005,1,,COD,Delivered
ORD003842,CUST00003,2026-04-16,PRD010,3,5425.95,COD,Delivered
ORD003843,CUST00929,2026-05-30,PRD002,1,14254.04,Net Banking,Delivered
ORD003844,CUST00436,2026-06-30,PRD002,1,13893.09,Debit Card,Delivered
ORD003845,CUST00799,2025-10-06,PRD005,1,1789.35,Credit Card,Delivered
ORD003846,CUST00938,2026-08-27,PRD006,3,3740.98,UPI,Delivered
ORD003847,CUST00932,2025-04-24,PRD012,1,1381.3,COD,Delivered
ORD003848,CUST00544,2025-11-17,PRD005,2,3458.91,Net Banking,Delivered
ORD003849,CUST00922,2025-11-01,PRD001,2,,UPI,Delivered
ORD003850,CUST00469,2025-07-12,PRD007,3,2881.58,UPI,Delivered
ORD003851,CUST00381,2025-09-13,PRD011,2,18139.8,COD,Delivered
ORD003852,CUST00035,2025-07-25,PRD004,1,3432.19,Debit Card,Delivered
ORD003853,CUST00479,2026-07-04,PRD002,3,40701.92,COD,Delivered
ORD003854,CUST00813,2025-09-05,PRD004,1,3161.77,UPI,Delivered
ORD003855,CUST01094,2026-07-28,PRD010,2,3716.27,UPI,Delivered
ORD003856,CUST00340,2026-08-28,PRD006,1,1219.57,Debit Card,Delivered
ORD003857,CUST00044,2026-05-19,PRD001,1,2486.65,COD,Delivered
ORD003858,CUST00951,2026-01-14,PRD010,1,1874.78,Net Banking,Returned
ORD003859,CUST01063,2026-01-26,PRD010,1,1902.4,COD,Delivered
ORD003860,CUST00025,2025-09-15,PRD011,1,9105.61,UPI,Delivered
ORD003861,CUST00934,2025-07-03,PRD008,1,2832.41,Credit Card,Cancelled
ORD003862,CUST00985,2025-05-28,PRD006,2,2492.92,Credit Card,Delivered
ORD003863,CUST00076,2025-09-10,PRD008,2,5956.96,UPI,Delivered
ORD003864,CUST00906,2026-02-25,PRD002,2,28267.49,UPI,Cancelled
ORD003865,CUST00075,2026-08-27,PRD005,2,3569.9,Debit Card,Delivered
ORD003866,CUST00587,2025-07-22,PRD005,1,1764.85,Debit Card,Delivered
ORD003867,CUST00631,2026-02-04,PRD007,2,1844.63,Net Banking,Delivered
ORD003868,CUST00621,2025-07-26,PRD011,2,19967.86,Debit Card,Cancelled
ORD003869,CUST00767,2026-06-06,PRD003,1,39167.35,UPI,Delivered
ORD003870,CUST00433,2025-12-09,PRD012,1,1485.04,UPI,Delivered
ORD003871,CUST00638,2025-11-29,PRD010,3,5747.29,COD,Cancelled
ORD003872,CUST00828,2025-03-31,PRD006,1,1262.32,Net Banking,Cancelled
ORD003873,CUST00979,2025-12-21,PRD011,2,19986.9,Credit Card,Delivered
ORD003874,CUST01164,2025-05-11,PRD005,2,3293.89,Net Banking,Delivered
ORD003875,CUST01015,2026-04-30,PRD012,3,4460.24,Net Banking,Delivered
ORD003876,CUST00715,2026-02-20,PRD009,2,49846.75,Credit Card,Returned
ORD003877,CUST00315,2025-05-03,PRD008,3,8595.2,UPI,Returned
ORD003878,CUST00535,2025-12-11,PRD012,1,1492.85,Debit Card,Delivered
ORD003879,CUST01181,2026-02-09,PRD004,1,3317.61,Net Banking,Returned
ORD003880,CUST00800,2026-07-15,PRD008,1,2808.65,Net Banking,Delivered
ORD003881,CUST00208,2026-08-20,PRD008,1,2837.81,Credit Card,Returned
ORD003882,CUST00243,2025-08-11,PRD012,1,1399.92,COD,Delivered
ORD003883,CUST00867,2025-11-18,PRD009,2,49382.56,Debit Card,Delivered
ORD003884,CUST00806,2026-05-14,PRD005,2,3451.39,Net Banking,Delivered
ORD003885,CUST00918,2026-05-22,PRD001,1,2414.69,Debit Card,Delivered
ORD003886,CUST00739,2025-08-17,PRD008,1,2768.31,Credit Card,Returned
ORD003887,CUST00514,2025-06-06,PRD011,1,9838.94,UPI,Delivered
ORD003888,CUST01108,2026-06-21,PRD007,2,1914.72,Credit Card,Delivered
ORD003889,CUST00742,2025-04-21,PRD006,1,1279.81,UPI,Delivered
ORD003890,CUST00675,2025-08-01,PRD001,2,4692.84,UPI,Delivered
ORD003891,CUST00015,2026-02-25,PRD001,3,7465.83,UPI,Delivered
ORD003892,CUST00114,2025-09-13,PRD002,1,14121.98,Net Banking,Delivered
ORD003893,CUST00942,2026-06-09,PRD004,2,6474.81,Net Banking,Delivered
ORD003894,CUST01054,2025-12-06,PRD002,1,14782.14,UPI,Delivered
ORD003895,CUST00097,2025-06-07,PRD011,3,27417.05,Credit Card,Delivered
ORD003896,CUST01088,2025-08-15,PRD005,3,5306.44,Net Banking,Delivered
ORD003897,CUST00105,2025-09-09,PRD011,3,29736.64,Net Banking,Delivered
ORD003898,CUST00830,2026-09-04,PRD008,1,2978.66,UPI,Delivered
ORD003899,CUST00126,2026-02-10,PRD005,3,4924.69,COD,Delivered
ORD003900,CUST00502,2026-01-04,PRD011,2,19875.39,Debit Card,Returned
ORD003901,CUST00859,2026-06-09,PRD002,2,29961.48,Net Banking,Delivered
ORD003902,CUST01121,2026-03-04,PRD003,1,39616.37,UPI,Delivered
ORD003903,CUST01078,2026-08-20,PRD012,2,2734.64,COD,Returned
ORD003904,CUST00130,2026-02-06,PRD011,3,29150.44,UPI,Delivered
ORD003905,CUST00319,2025-05-24,PRD004,2,6379.63,COD,Delivered
ORD003906,CUST00489,2026-04-21,PRD007,2,1980.63,Net Banking,Delivered
ORD003907,CUST00784,2026-04-22,PRD002,2,28301.75,UPI,Returned
ORD003908,CUST00500,2025-07-04,PRD003,1,41564.66,Net Banking,Cancelled
ORD003909,CUST00468,2026-05-26,PRD011,1,9139.0,Net Banking,Delivered
ORD003910,CUST00306,2025-08-20,PRD011,2,19821.04,Credit Card,Returned
ORD003911,CUST00780,2026-05-21,PRD010,1,1851.08,Net Banking,Delivered
ORD003912,CUST01163,2025-11-04,PRD006,1,1209.76,Net Banking,Delivered
ORD003913,CUST00849,2026-06-06,PRD005,1,1712.69,Credit Card,Delivered
ORD003914,CUST00880,2025-03-26,PRD012,3,4275.43,UPI,Delivered
ORD003915,CUST00153,2025-08-08,PRD005,1,1695.75,UPI,Delivered
ORD003916,CUST01065,2025-06-06,PRD001,1,2368.78,Debit Card,Delivered
ORD003917,CUST00650,2025-04-03,PRD012,1,1448.02,UPI,Delivered
ORD003918,CUST00796,2026-03-07,PRD012,1,1428.64,Net Banking,Cancelled
ORD003919,CUST00107,2026-05-06,PRD003,1,41657.84,UPI,Delivered
ORD003920,CUST00546,2025-05-02,PRD007,1,910.71,Credit Card,Delivered
ORD003921,CUST00813,2025-11-27,PRD007,3,2740.98,Debit Card,Delivered
ORD003922,CUST01042,2026-07-25,PRD005,1,1620.31,Net Banking,Delivered
ORD003923,CUST00655,2025-06-08,PRD006,3,3728.56,COD,Delivered
ORD003924,CUST00960,2026-02-21,PRD004,3,10409.82,Net Banking,Delivered
ORD003925,CUST00401,2026-01-14,PRD010,1,1969.56,Debit Card,Delivered
ORD003926,CUST00710,2026-02-04,PRD002,2,29446.41,Debit Card,Delivered
ORD003927,CUST00925,2026-05-04,PRD005,3,4892.05,Credit Card,Delivered
ORD003928,CUST00802,2025-05-18,PRD008,1,2857.36,Credit Card,Delivered
ORD003929,CUST00728,2025-08-15,PRD007,3,2826.5,UPI,Delivered
ORD003930,CUST00329,2025-08-17,PRD006,2,2559.07,Credit Card,Delivered
ORD003931,CUST00426,2026-04-06,PRD001,1,2339.44,Credit Card,Delivered
ORD003932,CUST00066,2025-11-20,PRD012,2,2871.5,Credit Card,Delivered
ORD003933,CUST00518,2025-06-16,PRD011,2,18930.78,Credit Card,Delivered
ORD003934,CUST00227,2025-05-29,PRD001,2,4758.95,Credit Card,Delivered
ORD003935,CUST00171,2026-08-19,PRD003,3,125336.96,Debit Card,Delivered
ORD003936,CUST00596,2025-05-26,PRD009,1,22505.77,Credit Card,Delivered
ORD003937,CUST00014,2026-07-02,PRD002,2,27065.71,Debit Card,Delivered
ORD003938,CUST00283,2026-01-13,PRD009,2,48365.16,COD,Delivered
ORD003939,CUST00329,2025-10-06,PRD008,2,5855.27,Credit Card,Delivered
ORD003940,CUST00811,2025-09-07,PRD006,1,1264.1,Debit Card,Delivered
ORD003941,CUST00724,2026-04-14,PRD006,1,1171.63,Debit Card,Delivered
ORD003942,CUST00166,2026-01-12,PRD001,2,4649.93,Net Banking,Delivered
ORD003943,CUST00525,2026-02-23,PRD012,1,1480.58,Credit Card,Delivered
ORD003944,CUST00098,2026-03-05,PRD001,1,2498.01,Credit Card,Delivered
ORD003945,CUST00265,2025-10-20,PRD004,1,3410.06,Net Banking,Delivered
ORD003946,CUST00473,2025-09-13,PRD001,3,7249.35,Credit Card,Delivered
ORD003947,CUST00563,2026-06-15,PRD004,2,6441.46,UPI,Delivered
ORD003948,CUST00891,2025-04-08,PRD010,1,1911.09,Net Banking,Returned
ORD003949,CUST00230,2025-08-20,PRD007,3,2734.45,COD,Delivered
ORD003950,CUST00790,2026-01-20,PRD009,2,46525.88,Credit Card,Cancelled
ORD003951,CUST00423,2026-01-22,PRD001,1,2476.48,UPI,Delivered
ORD003952,CUST00039,2026-07-10,PRD007,1,925.46,COD,Delivered
ORD003953,CUST00009,2025-04-20,PRD001,3,6964.83,Debit Card,Delivered
ORD003954,CUST01132,2026-04-12,PRD001,1,2413.01,COD,Delivered
ORD003955,CUST00834,2025-05-31,PRD005,1,1693.38,Credit Card,Delivered
ORD003956,CUST01057,2025-04-24,PRD001,2,,Debit Card,Delivered
ORD003957,CUST00013,2025-04-26,PRD006,1,1294.37,COD,Delivered
ORD003958,CUST01174,2025-06-10,PRD012,2,2913.71,Credit Card,Delivered
ORD003959,CUST00251,2025-12-28,PRD006,1,1217.48,Credit Card,Cancelled
ORD003960,CUST00334,2026-08-10,PRD003,3,123226.63,UPI,Cancelled
ORD003961,CUST00665,2025-07-25,PRD009,2,47278.25,COD,Delivered
ORD003962,CUST00623,2026-05-02,PRD004,1,3408.09,Debit Card,Delivered
ORD003963,CUST01018,2026-08-28,PRD007,1,973.64,Credit Card,Delivered
ORD003964,CUST00430,2025-09-19,PRD006,1,1180.39,Debit Card,Cancelled
ORD003965,CUST00326,2025-10-29,PRD006,1,1225.66,Credit Card,Delivered
ORD003966,CUST00949,2026-04-30,PRD008,3,8581.61,COD,Delivered
ORD003967,CUST00083,2025-12-11,PRD004,1,3245.8,Net Banking,Delivered
ORD003968,CUST00039,2026-01-09,PRD004,1,3486.35,Net Banking,Delivered
ORD003969,CUST01040,2025-12-29,PRD001,3,7100.32,Net Banking,Cancelled
ORD003970,CUST00885,2026-03-02,PRD002,1,13695.96,Net Banking,Returned
ORD003971,CUST00451,2025-10-20,PRD006,3,3777.03,Debit Card,Delivered
ORD003972,CUST00747,2025-06-12,PRD010,1,1946.32,Debit Card,Delivered
ORD003973,CUST01155,2026-06-08,PRD007,2,1897.29,Net Banking,Delivered
ORD003974,CUST00181,2026-06-03,PRD002,3,42518.62,Net Banking,Delivered
ORD003975,CUST01123,2025-11-18,PRD004,1,3414.53,COD,Cancelled
ORD003976,CUST00844,2025-05-22,PRD003,2,80194.33,UPI,Returned
ORD003977,CUST00180,2026-07-26,PRD007,1,996.89,Debit Card,Delivered
ORD003978,CUST01087,2025-08-08,PRD010,2,3613.78,UPI,Delivered
ORD003979,CUST00714,2025-07-28,PRD011,1,9775.61,Credit Card,Delivered
ORD003980,CUST00777,2026-03-04,PRD012,2,2810.91,UPI,Delivered
ORD003981,CUST01053,2026-01-16,PRD004,1,3387.3,UPI,Delivered
ORD003982,CUST00267,2025-04-18,PRD011,2,19774.27,Net Banking,Delivered
ORD003983,CUST00466,2026-06-19,PRD001,3,7119.03,COD,Delivered
ORD003984,CUST00217,2025-07-20,PRD012,1,1458.61,Net Banking,Cancelled
ORD003985,CUST00982,2025-04-12,PRD010,2,3640.23,Debit Card,Delivered
ORD003986,CUST00807,2025-07-17,PRD001,1,2418.22,Net Banking,Delivered
ORD003987,CUST01064,2025-07-24,PRD011,1,9144.62,Debit Card,Returned
ORD003988,CUST01149,2025-06-11,PRD010,2,3858.85,Net Banking,Delivered
ORD003989,CUST00529,2026-07-04,PRD004,2,6785.73,UPI,Delivered
ORD003990,CUST01165,2025-12-16,PRD001,3,6925.14,Net Banking,Delivered
ORD003991,CUST00583,2025-09-11,PRD010,2,3937.89,Debit Card,Delivered
ORD003992,CUST00567,2026-05-03,PRD006,2,2505.14,Debit Card,Delivered
ORD003993,CUST00635,2026-03-17,PRD005,1,1626.87,COD,Returned
ORD003994,CUST01191,2025-03-31,PRD003,3,121071.44,Debit Card,Delivered
ORD003995,CUST00584,2026-05-08,PRD011,1,9450.98,Debit Card,Delivered
ORD003996,CUST01164,2025-12-11,PRD002,3,44712.09,Debit Card,Delivered
ORD003997,CUST00511,2026-03-17,PRD006,2,2472.1,Net Banking,Delivered
ORD003998,CUST01057,2026-04-01,PRD006,3,3843.31,UPI,Delivered
ORD003999,CUST00947,2026-01-12,PRD010,3,5976.69,Debit Card,Cancelled
ORD004000,CUST01037,2025-04-11,PRD006,2,2396.13,COD,Delivered
ORD004001,CUST00676,2026-02-02,PRD007,3,2862.78,COD,Delivered
ORD004002,CUST00977,2025-07-11,PRD009,1,23044.28,Debit Card,Delivered
ORD004003,CUST00080,2026-01-29,PRD008,3,8993.47,UPI,Delivered
ORD004004,CUST00955,2025-03-24,PRD008,2,5950.74,Credit Card,Delivered
ORD004005,CUST00648,2026-04-03,PRD011,1,9001.71,Net Banking,Delivered
ORD004006,CUST01095,2026-01-29,PRD004,2,6402.2,Credit Card,Delivered
ORD004007,CUST01027,2025-10-05,PRD006,1,1286.55,COD,Delivered
ORD004008,CUST01192,2026-07-19,PRD010,2,3979.58,Debit Card,Delivered
ORD004009,CUST00089,2025-06-17,PRD012,1,1463.77,Credit Card,Delivered
ORD004010,CUST00805,2025-07-13,PRD006,1,1200.0,Debit Card,Delivered
ORD004011,CUST00244,2026-01-04,PRD005,2,3332.64,UPI,Delivered
ORD004012,CUST00386,2026-07-28,PRD003,1,40771.96,UPI,Delivered
ORD004013,CUST00599,2026-04-26,PRD007,2,1804.87,Credit Card,Delivered
ORD004014,CUST00732,2025-08-19,PRD006,1,1227.75,UPI,Delivered
ORD004015,CUST00305,2026-01-15,PRD001,1,2366.62,UPI,Delivered
ORD004016,CUST00399,2025-12-21,PRD007,1,992.34,Debit Card,Delivered
ORD004017,CUST01155,2025-06-15,PRD005,2,3278.19,Credit Card,Cancelled
ORD004018,CUST00221,2025-07-07,PRD009,2,48311.43,UPI,Delivered
ORD004019,CUST00303,2026-02-12,PRD008,3,8804.19,COD,Cancelled
ORD004020,CUST00666,2025-09-17,PRD001,2,4549.86,Credit Card,Cancelled
ORD004021,CUST00346,2025-09-13,PRD003,2,83041.52,UPI,Delivered
ORD004022,CUST00747,2025-08-08,PRD007,1,954.79,Debit Card,Delivered
ORD004023,CUST00509,2025-05-24,PRD011,1,9370.04,Debit Card,Delivered
ORD004024,CUST00697,2025-08-22,PRD010,1,1992.91,Credit Card,Delivered
ORD004025,CUST00682,2025-04-05,PRD007,1,947.78,Net Banking,Delivered
ORD004026,CUST00639,2026-02-09,PRD004,1,3319.91,Credit Card,Delivered
ORD004027,CUST01181,2026-03-07,PRD012,2,2901.58,COD,Delivered
ORD004028,CUST00073,2025-12-22,PRD001,2,4868.97,Credit Card,Delivered
ORD004029,CUST00820,2025-10-26,PRD010,2,3991.22,Credit Card,Cancelled
ORD004030,CUST00869,2025-06-28,PRD010,1,1936.16,Credit Card,Delivered
ORD004031,CUST00128,2025-04-12,PRD010,2,3733.0,UPI,Delivered
ORD004032,CUST00821,2026-05-29,PRD002,2,27109.57,COD,Cancelled
ORD004033,CUST00049,2026-04-26,PRD012,1,,Credit Card,Delivered
ORD004034,CUST00080,2026-07-06,PRD001,1,2301.28,Debit Card,Delivered
ORD004035,CUST00068,2025-07-07,PRD008,2,5934.45,UPI,Delivered
ORD004036,CUST00784,2026-01-22,PRD003,3,,Credit Card,Delivered
ORD004037,CUST00474,2026-04-28,PRD010,3,5900.5,Net Banking,Delivered
ORD004038,CUST00323,2026-06-13,PRD010,2,3841.84,UPI,Cancelled
ORD004039,CUST00006,2026-03-20,PRD006,1,1180.15,Credit Card,Delivered
ORD004040,CUST00856,2026-07-12,PRD001,1,2280.57,Credit Card,Returned
ORD004041,CUST01047,2026-06-05,PRD004,3,10233.1,Credit Card,Delivered
ORD004042,CUST00930,2025-10-01,PRD001,1,2388.96,COD,Delivered
ORD004043,CUST01109,2025-04-19,PRD009,2,49451.34,Credit Card,Cancelled
ORD004044,CUST00128,2026-02-22,PRD007,1,968.33,Net Banking,Delivered
ORD004045,CUST00053,2026-01-21,PRD002,1,14364.42,UPI,Delivered
ORD004046,CUST00597,2026-07-11,PRD005,2,3369.77,Net Banking,Cancelled
ORD004047,CUST00664,2025-08-04,PRD003,3,122431.95,UPI,Returned
ORD004048,CUST01163,2025-12-21,PRD007,3,2891.13,Debit Card,Returned
ORD004049,CUST00902,2025-09-04,PRD003,3,127923.95,Debit Card,Delivered
ORD004050,CUST00363,2025-07-15,PRD006,2,2481.12,Debit Card,Delivered
ORD004051,CUST00962,2025-06-26,PRD008,2,5554.67,COD,Delivered
ORD004052,CUST00008,2025-09-17,PRD012,3,4234.63,COD,Delivered
ORD004053,CUST00959,2025-12-15,PRD008,1,2725.01,Net Banking,Delivered
ORD004054,CUST01053,2026-04-13,PRD009,2,49604.41,Net Banking,Delivered
ORD004055,CUST00628,2026-04-13,PRD003,2,84239.9,Credit Card,Delivered
ORD004056,CUST01050,2025-11-23,PRD003,2,78010.51,COD,Delivered
ORD004057,CUST00527,2025-10-18,PRD002,2,28022.93,COD,Delivered
ORD004058,CUST00153,2026-05-02,PRD011,2,18064.74,COD,Delivered
ORD004059,CUST00815,2026-07-31,PRD009,2,46004.48,COD,Delivered
ORD004060,CUST00775,2025-12-05,PRD005,2,3445.89,Debit Card,Delivered
ORD004061,CUST00132,2026-02-06,PRD003,2,79039.97,UPI,Delivered
ORD004062,CUST00357,2026-05-24,PRD005,1,1684.04,Debit Card,Delivered
ORD004063,CUST00554,2026-03-16,PRD002,2,27252.41,Net Banking,Cancelled
ORD004064,CUST00176,2026-08-09,PRD010,2,3820.55,Net Banking,Delivered
ORD004065,CUST00902,2025-05-01,PRD001,3,6748.18,Net Banking,Delivered
ORD004066,CUST00820,2025-05-17,PRD008,1,2710.92,COD,Delivered
ORD004067,CUST00212,2025-03-21,PRD012,1,1391.86,Debit Card,Delivered
ORD004068,CUST00464,2025-04-06,PRD004,2,6703.37,COD,Delivered
ORD004069,CUST00631,2025-04-17,PRD007,2,1927.69,Debit Card,Delivered
ORD004070,CUST00845,2025-03-27,PRD002,3,44882.01,UPI,Delivered
ORD004071,CUST00072,2025-08-16,PRD010,1,1892.85,UPI,Delivered
ORD004072,CUST01017,2025-03-21,PRD009,3,72945.93,UPI,Delivered
ORD004073,CUST00763,2025-11-16,PRD001,1,2321.34,COD,Delivered
ORD004074,CUST00335,2026-04-18,PRD011,3,29045.13,Credit Card,Delivered
ORD004075,CUST00068,2026-08-22,PRD002,1,13757.31,COD,Delivered
ORD004076,CUST00747,2025-05-12,PRD010,2,3857.44,Debit Card,Delivered
ORD004077,CUST00472,2025-10-05,PRD010,2,3944.85,COD,Delivered
ORD004078,CUST00634,2026-03-04,PRD005,1,1688.11,Net Banking,Delivered
ORD004079,CUST00529,2026-08-27,PRD011,3,27841.06,COD,Delivered
ORD004080,CUST00583,2026-04-25,PRD002,1,13815.86,Debit Card,Cancelled
ORD004081,CUST00081,2025-10-08,PRD011,1,9897.08,Credit Card,Delivered
ORD004082,CUST00489,2025-08-19,PRD008,2,5919.07,COD,Cancelled
ORD004083,CUST00810,2026-03-08,PRD012,2,2904.08,COD,Cancelled
ORD004084,CUST00777,2025-08-28,PRD009,1,24750.28,UPI,Cancelled
ORD004085,CUST01086,2025-04-08,PRD006,1,1180.58,COD,Delivered
ORD004086,CUST00617,2025-05-24,PRD010,3,5615.09,Debit Card,Delivered
ORD004087,CUST00801,2025-06-05,PRD009,2,46362.5,Net Banking,Delivered
ORD004088,CUST00072,2025-11-22,PRD009,1,24547.74,Debit Card,Delivered
ORD004089,CUST01031,2026-08-06,PRD007,1,903.61,Debit Card,Delivered
ORD004090,CUST00910,2026-09-02,PRD005,1,1720.73,Net Banking,Delivered
ORD004091,CUST01143,2026-07-27,PRD007,1,936.45,Credit Card,Delivered
ORD004092,CUST00650,2025-05-24,PRD003,2,78337.99,UPI,Cancelled
ORD004093,CUST00186,2026-02-27,PRD012,1,1426.76,UPI,Delivered
ORD004094,CUST01095,2026-08-17,PRD005,2,3560.96,Net Banking,Delivered
ORD004095,CUST01135,2026-05-23,PRD011,3,27664.35,Credit Card,Delivered
ORD004096,CUST00157,2026-07-09,PRD004,1,3293.28,Net Banking,Returned
ORD004097,CUST00430,2026-08-06,PRD001,3,7267.93,Debit Card,Delivered
ORD004098,CUST01090,2025-06-23,PRD001,1,2286.03,COD,Returned
ORD004099,CUST00543,2025-05-20,PRD003,1,42776.57,Credit Card,Delivered
ORD004100,CUST00018,2026-04-16,PRD006,1,1276.43,Net Banking,Delivered
ORD004101,CUST01059,2025-11-21,PRD008,2,5829.01,Credit Card,Returned
ORD004102,CUST00132,2026-07-12,PRD005,2,3330.09,Net Banking,Delivered
ORD004103,CUST00574,2026-03-31,PRD008,1,2787.48,Net Banking,Delivered
ORD004104,CUST00508,2025-08-15,PRD008,1,2863.34,Debit Card,Delivered
ORD004105,CUST00972,2025-04-02,PRD003,1,39036.74,Credit Card,Delivered
ORD004106,CUST01023,2026-01-19,PRD006,2,2408.72,Credit Card,Delivered
ORD004107,CUST00371,2025-04-24,PRD007,2,1965.82,Net Banking,Returned
ORD004108,CUST01032,2026-03-29,PRD009,3,71919.73,Net Banking,Delivered
ORD004109,CUST01075,2025-07-15,PRD008,2,5565.41,Net Banking,Delivered
ORD004110,CUST00529,2025-10-21,PRD008,1,2769.76,UPI,Delivered
ORD004111,CUST00237,2025-10-10,PRD010,1,1915.29,Credit Card,Cancelled
ORD004112,CUST00852,2025-04-10,PRD001,3,7198.67,Credit Card,Delivered
ORD004113,CUST00930,2025-11-09,PRD006,3,3892.27,Net Banking,Delivered
ORD004114,CUST00428,2025-11-27,PRD005,2,3423.83,UPI,Returned
ORD004115,CUST00228,2025-06-23,PRD003,1,40969.39,Debit Card,Returned
ORD004116,CUST00981,2025-03-28,PRD010,1,1956.69,Debit Card,Delivered
ORD004117,CUST00834,2026-07-18,PRD002,1,14113.44,COD,Delivered
ORD004118,CUST00279,2026-03-10,PRD012,1,1385.07,UPI,Cancelled
ORD004119,CUST00954,2026-08-21,PRD001,3,7207.08,Net Banking,Delivered
ORD004120,CUST00062,2026-07-07,PRD006,1,1173.66,Credit Card,Delivered
ORD004121,CUST00921,2026-04-08,PRD011,1,9051.95,COD,Delivered
ORD004122,CUST00361,2026-04-13,PRD011,3,28473.33,Net Banking,Cancelled
ORD004123,CUST00848,2025-07-08,PRD011,3,27891.96,Debit Card,Delivered
ORD004124,CUST00857,2025-08-12,PRD004,1,3185.89,UPI,Cancelled
ORD004125,CUST00430,2026-03-18,PRD009,3,71581.12,Credit Card,Delivered
ORD004126,CUST01142,2026-08-23,PRD008,2,5426.68,COD,Cancelled
ORD004127,CUST00853,2025-06-30,PRD002,1,13947.28,Net Banking,Delivered
ORD004128,CUST01046,2026-03-28,PRD006,2,2398.38,COD,Delivered
ORD004129,CUST00668,2026-06-01,PRD012,1,1488.52,Credit Card,Delivered
ORD004130,CUST01129,2026-09-09,PRD011,2,18277.19,Credit Card,Delivered
ORD004131,CUST01072,2025-04-13,PRD012,2,2873.28,Debit Card,Delivered
ORD004132,CUST00559,2026-01-19,PRD007,2,1919.22,Debit Card,Delivered
ORD004133,CUST00360,2026-06-26,PRD009,2,49965.68,Net Banking,Returned
ORD004134,CUST00587,2026-01-16,PRD008,1,2712.43,UPI,Delivered
ORD004135,CUST00452,2026-04-04,PRD011,1,9539.44,COD,Returned
ORD004136,CUST00187,2026-05-22,PRD012,1,1372.99,UPI,Delivered
ORD004137,CUST00426,2026-04-11,PRD007,2,1994.04,Credit Card,Delivered
ORD004138,CUST00907,2026-04-25,PRD012,2,2739.03,Net Banking,Delivered
ORD004139,CUST00693,2025-08-22,PRD003,2,81377.92,COD,Delivered
ORD004140,CUST00060,2025-05-07,PRD012,1,1424.92,COD,Delivered
ORD004141,CUST00920,2025-10-05,PRD009,1,23593.14,UPI,Returned
ORD004142,CUST00015,2026-06-07,PRD007,1,921.83,Credit Card,Delivered
ORD004143,CUST00545,2026-01-09,PRD011,3,29607.3,Debit Card,Delivered
ORD004144,CUST00984,2025-10-08,PRD004,1,3209.8,Credit Card,Returned
ORD004145,CUST00928,2026-07-20,PRD008,3,8130.18,Debit Card,Cancelled
ORD004146,CUST00678,2026-04-17,PRD004,1,3396.03,COD,Delivered
ORD004147,CUST00448,2026-01-07,PRD001,1,2304.23,Credit Card,Cancelled
ORD004148,CUST00349,2025-09-10,PRD009,1,24524.29,UPI,Returned
ORD004149,CUST00640,2026-03-01,PRD012,1,1355.36,Credit Card,Cancelled
ORD004150,CUST00679,2025-10-26,PRD006,1,1222.43,Net Banking,Delivered
ORD004151,CUST00457,2026-01-28,PRD010,2,3991.23,UPI,Returned
ORD004152,CUST00601,2025-10-07,PRD002,1,14955.6,Net Banking,Delivered
ORD004153,CUST00142,2026-09-03,PRD006,2,2541.97,Debit Card,Delivered
ORD004154,CUST00819,2026-05-09,PRD011,2,18780.07,Debit Card,Delivered
ORD004155,CUST00779,2025-06-08,PRD010,1,1992.07,Net Banking,Delivered
ORD004156,CUST00542,2026-03-19,PRD012,3,4382.83,Credit Card,Delivered
ORD004157,CUST00384,2026-07-14,PRD012,1,1359.68,Credit Card,Delivered
ORD004158,CUST00581,2026-03-20,PRD009,2,47671.39,COD,Delivered
ORD004159,CUST00060,2025-10-27,PRD001,3,7415.41,Credit Card,Returned
ORD004160,CUST00537,2026-08-22,PRD006,2,2514.21,Debit Card,Returned
ORD004161,CUST00327,2025-05-06,PRD007,1,940.32,Net Banking,Delivered
ORD004162,CUST00706,2025-08-04,PRD006,1,1185.83,UPI,Delivered
ORD004163,CUST00462,2025-06-03,PRD004,2,6783.73,Credit Card,Delivered
ORD004164,CUST01034,2026-08-02,PRD008,1,2811.84,Net Banking,Returned
ORD004165,CUST00459,2026-03-04,PRD004,1,3367.63,Debit Card,Delivered
ORD004166,CUST01123,2025-11-19,PRD002,1,13524.46,UPI,Delivered
ORD004167,CUST00750,2026-01-06,PRD004,1,3442.21,Credit Card,Delivered
ORD004168,CUST00668,2026-03-23,PRD007,2,1925.25,COD,Delivered
ORD004169,CUST01006,2026-07-14,PRD003,2,78007.73,Debit Card,Cancelled
ORD004170,CUST00781,2025-09-22,PRD006,2,2499.53,COD,Delivered
ORD004171,CUST01191,2026-07-29,PRD011,1,9493.69,Net Banking,Delivered
ORD004172,CUST00703,2026-09-02,PRD010,2,3745.26,Debit Card,Delivered
ORD004173,CUST00664,2025-06-07,PRD011,1,9385.78,Net Banking,Delivered
ORD004174,CUST00170,2025-09-21,PRD008,1,2808.43,Debit Card,Delivered
ORD004175,CUST00153,2026-02-25,PRD009,1,24854.16,Debit Card,Delivered
ORD004176,CUST00269,2026-04-27,PRD012,3,4111.79,UPI,Returned
ORD004177,CUST00929,2026-06-23,PRD011,2,18999.35,UPI,Delivered
ORD004178,CUST00808,2026-01-24,PRD011,1,9066.19,Credit Card,Delivered
ORD004179,CUST00190,2026-08-30,PRD005,1,1746.92,Debit Card,Delivered
ORD004180,CUST00306,2026-05-22,PRD001,1,2450.73,Credit Card,Delivered
ORD004181,CUST00970,2026-06-09,PRD011,2,19761.44,COD,Cancelled
ORD004182,CUST00415,2025-10-21,PRD001,2,4771.55,Debit Card,Cancelled
ORD004183,CUST00117,2026-06-08,PRD004,3,10348.2,Credit Card,Delivered
ORD004184,CUST00188,2026-07-09,PRD003,3,127423.92,Debit Card,Delivered
ORD004185,CUST00020,2026-09-06,PRD012,3,4137.36,COD,Delivered
ORD004186,CUST00479,2026-01-08,PRD005,3,5281.5,Net Banking,Returned
ORD004187,CUST00514,2025-12-26,PRD002,1,13631.91,Net Banking,Cancelled
ORD004188,CUST00080,2026-01-25,PRD006,3,3571.51,COD,Returned
ORD004189,CUST01171,2025-08-05,PRD006,2,2521.98,Debit Card,Delivered
ORD004190,CUST00980,2026-01-12,PRD010,1,1959.12,Credit Card,Delivered
ORD004191,CUST00316,2026-08-11,PRD006,1,1180.32,Net Banking,Delivered
ORD004192,CUST00179,2026-04-24,PRD002,1,14610.55,Credit Card,Cancelled
ORD004193,CUST00537,2026-03-25,PRD009,3,68012.21,Credit Card,Delivered
ORD004194,CUST00886,2026-05-20,PRD012,1,1413.19,COD,Returned
ORD004195,CUST00179,2025-12-10,PRD003,2,84444.76,UPI,Delivered
ORD004196,CUST00239,2025-09-12,PRD003,1,41361.8,Credit Card,Cancelled
ORD004197,CUST01030,2026-06-15,PRD002,1,13934.07,Debit Card,Delivered
ORD004198,CUST01148,2025-10-08,PRD001,1,2486.7,UPI,Delivered
ORD004199,CUST01139,2026-08-08,PRD009,3,68024.05,COD,Delivered
ORD004200,CUST00845,2025-12-28,PRD005,1,1640.15,Net Banking,Delivered
ORD004201,CUST00221,2026-06-06,PRD011,2,18070.39,Credit Card,Returned
ORD004202,CUST00144,2025-07-17,PRD011,1,9391.62,Net Banking,Delivered
ORD004203,CUST00424,2025-09-26,PRD002,2,27698.67,COD,Delivered
ORD004204,CUST00817,2025-10-27,PRD008,1,2991.14,UPI,Delivered
ORD004205,CUST00992,2026-04-30,PRD002,1,13825.56,Net Banking,Returned
ORD004206,CUST01154,2025-05-17,PRD002,2,28516.63,COD,Delivered
ORD004207,CUST00596,2026-03-01,PRD001,1,2256.64,Credit Card,Returned
ORD004208,CUST00422,2025-11-20,PRD003,1,42939.24,Debit Card,Cancelled
ORD004209,CUST00540,2026-06-14,PRD010,1,1990.63,UPI,Delivered
ORD004210,CUST00525,2026-07-17,PRD009,2,46722.84,COD,Cancelled
ORD004211,CUST00930,2025-06-30,PRD006,3,3783.01,COD,Delivered
ORD004212,CUST00312,2025-03-21,PRD004,1,3413.59,Credit Card,Returned
ORD004213,CUST00241,2026-05-23,PRD007,1,965.25,Net Banking,Returned
ORD004214,CUST00158,2025-12-18,PRD002,3,43520.37,UPI,Delivered
ORD004215,CUST00647,2025-05-18,PRD012,2,2989.32,Credit Card,Delivered
ORD004216,CUST01175,2025-06-06,PRD010,2,3680.47,COD,Returned
ORD004217,CUST00818,2025-04-28,PRD008,1,2877.18,Debit Card,Delivered
ORD004218,CUST00825,2026-08-16,PRD010,2,3839.92,Credit Card,Delivered
ORD004219,CUST00508,2025-07-29,PRD004,3,9478.03,UPI,Delivered
ORD004220,CUST00652,2025-10-26,PRD009,1,23949.04,UPI,Cancelled
ORD004221,CUST00562,2026-06-09,PRD011,1,9196.98,Credit Card,Delivered
ORD004222,CUST00443,2026-01-07,PRD005,1,1762.85,COD,Returned
ORD004223,CUST00692,2025-05-12,PRD009,2,49406.45,Net Banking,Delivered
ORD004224,CUST01078,2026-06-03,PRD009,1,24126.76,Credit Card,Delivered
ORD004225,CUST00959,2025-04-02,PRD006,2,2556.62,COD,Cancelled
ORD004226,CUST00382,2025-04-06,PRD003,2,80193.33,Net Banking,Returned
ORD004227,CUST00290,2025-05-25,PRD011,1,9336.73,Debit Card,Delivered
ORD004228,CUST00730,2025-06-29,PRD006,1,1269.03,Net Banking,Delivered
ORD004229,CUST00862,2026-05-14,PRD001,1,2378.89,Credit Card,Delivered
ORD004230,CUST00482,2025-04-28,PRD007,2,1979.79,Net Banking,Delivered
ORD004231,CUST01002,2025-08-04,PRD004,2,6886.86,Credit Card,Returned
ORD004232,CUST00298,2026-08-16,PRD004,2,6478.82,Credit Card,Delivered
ORD004233,CUST00843,2025-11-03,PRD005,2,3350.17,COD,Delivered
ORD004234,CUST00561,2025-09-30,PRD009,2,49716.66,Debit Card,Cancelled
ORD004235,CUST00202,2025-10-24,PRD007,1,907.92,UPI,Delivered
ORD004236,CUST00820,2026-04-01,PRD004,1,3269.89,Credit Card,Delivered
ORD004237,CUST01178,2025-08-30,PRD008,2,5471.27,Debit Card,Delivered
ORD004238,CUST01052,2025-10-16,PRD005,1,1639.05,Debit Card,Delivered
ORD004239,CUST00519,2025-07-11,PRD002,1,14315.12,Debit Card,Delivered
ORD004240,CUST00439,2025-11-07,PRD012,2,2719.99,Net Banking,Returned
ORD004241,CUST00781,2026-02-02,PRD002,1,14875.16,Credit Card,Delivered
ORD004242,CUST00769,2025-12-04,PRD002,1,13748.66,UPI,Delivered
ORD004243,CUST00682,2026-02-15,PRD006,1,1204.12,Debit Card,Cancelled
ORD004244,CUST00529,2025-04-12,PRD003,3,128607.13,COD,Delivered
ORD004245,CUST01038,2025-12-11,PRD005,1,1635.2,Debit Card,Delivered
ORD004246,CUST00056,2025-04-07,PRD004,1,3385.86,Debit Card,Returned
ORD004247,CUST00576,2025-09-09,PRD006,2,2444.79,COD,Delivered
ORD004248,CUST00059,2025-04-06,PRD001,1,2461.82,UPI,Delivered
ORD004249,CUST00848,2026-04-03,PRD011,1,9774.46,Credit Card,Delivered
ORD004250,CUST01071,2026-06-29,PRD007,2,,Credit Card,Delivered
ORD004251,CUST00203,2025-10-14,PRD011,3,28332.23,Credit Card,Delivered
ORD004252,CUST00800,2026-01-06,PRD009,1,24144.33,UPI,Delivered
ORD004253,CUST01190,2025-05-12,PRD006,3,3515.67,Net Banking,Delivered
ORD004254,CUST00397,2026-03-27,PRD005,1,1727.86,UPI,Cancelled
ORD004255,CUST00833,2026-02-18,PRD011,1,9112.59,Credit Card,Delivered
ORD004256,CUST00844,2025-09-26,PRD012,1,1462.07,UPI,Returned
ORD004257,CUST00493,2026-08-27,PRD005,2,3440.4,Credit Card,Delivered
ORD004258,CUST00971,2025-12-10,PRD008,1,2825.05,COD,Delivered
ORD004259,CUST01169,2025-04-04,PRD006,3,3638.0,UPI,Delivered
ORD004260,CUST00625,2025-04-10,PRD003,2,79591.86,Net Banking,Delivered
ORD004261,CUST00793,2025-12-09,PRD007,2,1825.81,UPI,Delivered
ORD004262,CUST00975,2026-07-23,PRD012,3,4427.18,Credit Card,Delivered
ORD004263,CUST00973,2025-12-02,PRD006,1,,UPI,Delivered
ORD004264,CUST00850,2026-01-08,PRD012,3,4338.87,COD,Returned
ORD004265,CUST00420,2025-05-04,PRD005,1,1738.24,Debit Card,Delivered
ORD004266,CUST00654,2026-04-16,PRD010,1,1933.86,COD,Delivered
ORD004267,CUST00436,2026-04-11,PRD009,1,23555.46,Net Banking,Returned
ORD004268,CUST00997,2026-08-01,PRD012,1,1451.56,UPI,Delivered
ORD004269,CUST00109,2025-11-21,PRD002,2,28666.65,UPI,Delivered
ORD004270,CUST00257,2026-04-29,PRD011,3,28905.88,Debit Card,Delivered
ORD004271,CUST00919,2025-07-29,PRD007,1,923.02,Debit Card,Cancelled
ORD004272,CUST01160,2026-09-03,PRD005,2,3489.65,Debit Card,Delivered
ORD004273,CUST00356,2025-04-08,PRD011,3,29540.47,Credit Card,Returned
ORD004274,CUST00642,2025-09-04,PRD012,1,1467.1,Net Banking,Cancelled
ORD004275,CUST00414,2026-05-14,PRD011,1,9673.54,COD,Delivered
ORD004276,CUST00736,2026-06-25,PRD007,3,2995.07,UPI,Delivered
ORD004277,CUST00427,2025-07-15,PRD001,1,2330.5,Debit Card,Delivered
ORD004278,CUST00935,2025-10-28,PRD012,2,2723.02,Net Banking,Delivered
ORD004279,CUST01148,2025-03-26,PRD003,3,116932.55,Net Banking,Cancelled
ORD004280,CUST00960,2025-05-29,PRD001,3,7339.86,Debit Card,Returned
ORD004281,CUST00150,2026-06-29,PRD012,1,1435.57,UPI,Delivered
ORD004282,CUST00854,2026-05-16,PRD002,1,14101.05,Debit Card,Delivered
ORD004283,CUST00782,2026-08-08,PRD012,3,4093.65,Net Banking,Delivered
ORD004284,CUST01034,2025-11-15,PRD004,1,3309.17,Debit Card,Cancelled
ORD004285,CUST00354,2025-12-17,PRD012,1,1422.47,Net Banking,Returned
ORD004286,CUST01120,2025-11-26,PRD011,1,9183.81,COD,Delivered
ORD004287,CUST00989,2026-04-01,PRD005,2,3587.67,COD,Delivered
ORD004288,CUST00939,2025-10-16,PRD001,1,2389.17,UPI,Delivered
ORD004289,CUST00302,2026-08-02,PRD006,1,1290.09,Credit Card,Delivered
ORD004290,CUST00178,2026-03-08,PRD011,3,29481.99,Net Banking,Cancelled
ORD004291,CUST00335,2025-04-16,PRD003,2,85753.67,UPI,Delivered
ORD004292,CUST00838,2026-01-31,PRD011,2,18037.25,Net Banking,Delivered
ORD004293,CUST00882,2026-04-02,PRD006,3,3721.37,Credit Card,Returned
ORD004294,CUST01170,2025-12-11,PRD011,1,9408.93,COD,Delivered
ORD004295,CUST01085,2026-07-21,PRD003,1,38704.1,UPI,Cancelled
ORD004296,CUST00387,2025-08-26,PRD011,3,29492.95,Net Banking,Delivered
ORD004297,CUST00044,2025-06-16,PRD008,1,2845.28,UPI,Returned
ORD004298,CUST01081,2025-08-24,PRD011,2,18831.95,COD,Cancelled
ORD004299,CUST01188,2025-09-15,PRD004,1,3429.21,UPI,Delivered
ORD004300,CUST01169,2025-05-19,PRD009,1,23177.37,Credit Card,Delivered
ORD004301,CUST00892,2025-06-12,PRD008,3,8493.4,COD,Delivered
ORD004302,CUST00361,2026-06-16,PRD010,2,3939.0,Debit Card,Delivered
ORD004303,CUST00551,2025-07-06,PRD006,2,2372.81,COD,Delivered
ORD004304,CUST00810,2025-12-08,PRD006,3,3808.7,Net Banking,Delivered
ORD004305,CUST00329,2025-03-24,PRD009,1,23963.99,COD,Delivered
ORD004306,CUST00977,2026-05-13,PRD010,1,1982.9,UPI,Delivered
ORD004307,CUST00397,2026-05-30,PRD005,1,1754.89,UPI,Cancelled
ORD004308,CUST00381,2026-07-22,PRD007,1,998.17,Credit Card,Delivered
ORD004309,CUST00120,2026-05-12,PRD004,1,3285.19,Debit Card,Returned
ORD004310,CUST00708,2025-04-13,PRD003,1,39656.6,UPI,Delivered
ORD004311,CUST00068,2025-06-27,PRD008,1,2710.86,COD,Cancelled
ORD004312,CUST00466,2025-09-20,PRD006,1,1213.63,Credit Card,Delivered
ORD004313,CUST00557,2026-03-24,PRD008,2,5618.98,Credit Card,Cancelled
ORD004314,CUST00702,2026-06-20,PRD012,2,2926.06,Net Banking,Delivered
ORD004315,CUST00224,2025-07-22,PRD001,1,2338.6,Credit Card,Cancelled
ORD004316,CUST00819,2025-11-16,PRD012,2,2760.82,Credit Card,Delivered
ORD004317,CUST01009,2026-04-03,PRD007,1,924.86,Credit Card,Delivered
ORD004318,CUST01092,2026-07-26,PRD006,3,3808.67,Net Banking,Delivered
ORD004319,CUST00473,2025-05-14,PRD008,1,2948.89,Credit Card,Returned
ORD004320,CUST01019,2025-06-04,PRD011,1,9749.94,Credit Card,Delivered
ORD004321,CUST00209,2026-04-24,PRD001,1,2428.39,UPI,Returned
ORD004322,CUST00015,2026-08-14,PRD009,3,68566.57,Credit Card,Delivered
ORD004323,CUST00515,2026-01-18,PRD001,1,2251.88,Credit Card,Cancelled
ORD004324,CUST00392,2025-11-12,PRD004,1,3370.33,Net Banking,Delivered
ORD004325,CUST01054,2025-10-05,PRD004,2,6577.16,UPI,Delivered
ORD004326,CUST00262,2026-04-02,PRD006,3,3720.63,UPI,Delivered
ORD004327,CUST00552,2025-04-01,PRD008,1,2876.77,Debit Card,Delivered
ORD004328,CUST00233,2025-12-29,PRD008,2,5629.51,UPI,Delivered
ORD004329,CUST00791,2026-03-30,PRD005,1,1683.24,Debit Card,Returned
ORD004330,CUST00296,2026-02-26,PRD002,1,14544.12,Credit Card,Delivered
ORD004331,CUST00950,2025-05-17,PRD010,3,5570.83,Debit Card,Delivered
ORD004332,CUST00423,2025-12-01,PRD012,1,1416.6,Net Banking,Delivered
ORD004333,CUST00878,2025-08-18,PRD009,2,46019.05,Credit Card,Delivered
ORD004334,CUST01078,2026-01-15,PRD009,1,23929.46,Credit Card,Delivered
ORD004335,CUST00936,2025-11-04,PRD010,2,3964.53,Net Banking,Delivered
ORD004336,CUST00446,2025-04-25,PRD011,1,9371.36,Credit Card,Delivered
ORD004337,CUST00338,2025-08-09,PRD002,2,29270.73,COD,Delivered
ORD004338,CUST00708,2026-08-15,PRD006,1,1263.6,Credit Card,Delivered
ORD004339,CUST00680,2025-09-30,PRD001,2,4936.5,Net Banking,Delivered
ORD004340,CUST00830,2025-10-23,PRD011,3,28207.0,COD,Cancelled
ORD004341,CUST00458,2026-07-30,PRD005,2,3271.88,Debit Card,Delivered
ORD004342,CUST01164,2026-07-23,PRD010,3,5545.19,Net Banking,Delivered
ORD004343,CUST01196,2026-07-06,PRD006,3,3854.36,UPI,Delivered
ORD004344,CUST00474,2025-05-25,PRD009,1,22865.68,COD,Delivered
ORD004345,CUST00781,2025-06-16,PRD003,1,40214.68,COD,Delivered
ORD004346,CUST00496,2026-01-23,PRD011,2,19143.61,COD,Delivered
ORD004347,CUST00467,2026-03-14,PRD010,2,3732.86,Net Banking,Delivered
ORD004348,CUST00592,2025-11-16,PRD001,1,2336.03,Debit Card,Delivered
ORD004349,CUST00850,2026-09-10,PRD006,2,2507.83,Credit Card,Cancelled
ORD004350,CUST00153,2025-10-08,PRD008,1,2764.24,UPI,Delivered
ORD004351,CUST00307,2025-08-10,PRD012,1,1371.06,COD,Delivered
ORD004352,CUST00418,2025-04-26,PRD007,3,2901.96,Credit Card,Delivered
ORD004353,CUST00719,2026-05-21,PRD012,2,2836.47,Credit Card,Delivered
ORD004354,CUST00349,2025-06-29,PRD012,1,1424.8,Debit Card,Delivered
ORD004355,CUST01156,2025-10-30,PRD004,2,6596.37,COD,Delivered
ORD004356,CUST00011,2026-01-17,PRD002,2,28807.7,Debit Card,Delivered
ORD004357,CUST01124,2025-07-24,PRD009,2,49848.94,UPI,Delivered
ORD004358,CUST00906,2025-06-08,PRD004,3,9772.23,COD,Delivered
ORD004359,CUST01143,2025-05-31,PRD010,3,5795.78,Net Banking,Delivered
ORD004360,CUST00732,2026-04-03,PRD010,1,1854.95,COD,Delivered
ORD004361,CUST00883,2025-03-27,PRD001,2,4797.82,COD,Delivered
ORD004362,CUST00199,2025-04-22,PRD007,1,976.14,Debit Card,Delivered
ORD004363,CUST01146,2026-05-20,PRD002,1,14625.87,Credit Card,Delivered
ORD004364,CUST00557,2025-05-20,PRD007,2,1965.11,Debit Card,Delivered
ORD004365,CUST01012,2026-03-15,PRD004,3,9692.73,COD,Delivered
ORD004366,CUST01125,2026-01-31,PRD001,3,7415.93,Debit Card,Cancelled
ORD004367,CUST00268,2025-03-25,PRD009,2,46656.91,COD,Delivered
ORD004368,CUST00707,2026-07-09,PRD002,2,28625.05,Debit Card,Delivered
ORD004369,CUST00921,2025-06-03,PRD008,1,2975.72,Net Banking,Delivered
ORD004370,CUST01030,2026-07-31,PRD004,2,6868.74,Debit Card,Delivered
ORD004371,CUST00089,2026-06-28,PRD010,2,3845.66,Net Banking,Delivered
ORD004372,CUST00084,2026-05-27,PRD007,1,904.87,Credit Card,Cancelled
ORD004373,CUST00093,2025-06-30,PRD009,2,49141.53,COD,Delivered
ORD004374,CUST00575,2025-12-02,PRD007,2,1831.25,Credit Card,Delivered
ORD004375,CUST00611,2025-12-04,PRD004,1,3291.05,Debit Card,Delivered
ORD004376,CUST00363,2025-05-13,PRD002,1,14528.08,COD,Returned
ORD004377,CUST00066,2025-10-16,PRD004,2,6301.78,Net Banking,Delivered
ORD004378,CUST00093,2026-02-26,PRD004,1,3295.92,Debit Card,Returned
ORD004379,CUST00782,2026-01-07,PRD007,1,957.78,UPI,Delivered
ORD004380,CUST00435,2026-05-29,PRD008,2,5563.87,COD,Delivered
ORD004381,CUST01194,2025-06-07,PRD002,3,40865.91,UPI,Cancelled
ORD004382,CUST00382,2025-05-28,PRD003,1,38889.5,Credit Card,Returned
ORD004383,CUST01177,2025-12-21,PRD011,2,19956.07,Net Banking,Delivered
ORD004384,CUST00838,2026-06-29,PRD012,2,2908.63,Net Banking,Cancelled
ORD004385,CUST00091,2025-04-26,PRD001,1,2379.33,Credit Card,Delivered
ORD004386,CUST00441,2025-12-23,PRD004,1,3339.38,COD,Delivered
ORD004387,CUST00003,2026-09-05,PRD002,1,13972.55,UPI,Delivered
ORD004388,CUST00054,2026-01-20,PRD003,2,84747.45,Credit Card,Delivered
ORD004389,CUST01063,2025-08-01,PRD001,1,2470.08,UPI,Delivered
ORD004390,CUST00378,2026-05-01,PRD005,1,1636.13,Net Banking,Returned
ORD004391,CUST00190,2026-06-17,PRD006,2,2532.45,UPI,Delivered
ORD004392,CUST00345,2025-10-02,PRD005,2,3446.31,Credit Card,Delivered
ORD004393,CUST00822,2025-07-20,PRD011,3,29628.3,Debit Card,Delivered
ORD004394,CUST00248,2025-08-09,PRD010,1,1946.97,Net Banking,Delivered
ORD004395,CUST00456,2025-04-22,PRD010,2,3630.78,COD,Delivered
ORD004396,CUST01009,2025-11-09,PRD002,2,27032.6,Debit Card,Delivered
ORD004397,CUST00303,2026-07-04,PRD010,1,1949.27,Net Banking,Cancelled
ORD004398,CUST00749,2026-05-16,PRD001,2,4849.06,Net Banking,Delivered
ORD004399,CUST00866,2025-04-04,PRD002,1,13829.08,Credit Card,Delivered
ORD004400,CUST00153,2026-03-18,PRD004,1,3206.2,Credit Card,Delivered
ORD004401,CUST00087,2026-08-05,PRD010,1,1809.53,Credit Card,Delivered
ORD004402,CUST00979,2025-10-18,PRD011,1,9470.24,Debit Card,Delivered
ORD004403,CUST01070,2026-02-11,PRD009,1,24289.9,Debit Card,Delivered
ORD004404,CUST01108,2026-07-02,PRD001,2,4532.33,Credit Card,Delivered
ORD004405,CUST00849,2026-04-29,PRD012,1,1446.49,UPI,Cancelled
ORD004406,CUST00796,2025-05-28,PRD010,1,1884.92,COD,Delivered
ORD004407,CUST00192,2026-02-16,PRD003,1,40555.03,UPI,Delivered
ORD004408,CUST01111,2026-05-21,PRD002,1,13696.73,Credit Card,Delivered
ORD004409,CUST00454,2026-07-13,PRD004,1,3274.08,Net Banking,Delivered
ORD004410,CUST01015,2026-03-04,PRD010,3,5433.02,Credit Card,Delivered
ORD004411,CUST00453,2026-05-02,PRD002,1,14010.33,COD,Returned
ORD004412,CUST01137,2025-06-13,PRD011,3,28813.02,UPI,Delivered
ORD004413,CUST00042,2026-02-07,PRD010,3,5461.91,COD,Delivered
ORD004414,CUST01122,2025-08-23,PRD001,1,2335.01,UPI,Delivered
ORD004415,CUST00134,2026-05-12,PRD003,1,42107.23,UPI,Returned
ORD004416,CUST01063,2025-11-09,PRD002,2,29325.97,Net Banking,Cancelled
ORD004417,CUST00028,2025-04-06,PRD005,1,1764.33,UPI,Cancelled
ORD004418,CUST01109,2025-04-25,PRD012,1,1423.98,UPI,Delivered
ORD004419,CUST00526,2025-05-05,PRD001,2,4634.73,Net Banking,Returned
ORD004420,CUST00667,2026-07-15,PRD005,1,1682.5,COD,Delivered
ORD004421,CUST00024,2025-06-07,PRD010,3,5841.2,Net Banking,Returned
ORD004422,CUST00072,2026-03-02,PRD007,1,944.73,Debit Card,Delivered
ORD004423,CUST00816,2025-10-06,PRD007,2,1934.91,Net Banking,Delivered
ORD004424,CUST00714,2025-10-19,PRD010,3,5551.96,Net Banking,Delivered
ORD004425,CUST00562,2025-11-26,PRD002,1,14427.03,UPI,Delivered
ORD004426,CUST00595,2026-05-30,PRD010,1,1970.89,COD,Delivered
ORD004427,CUST00883,2026-07-29,PRD003,1,41599.31,Net Banking,Returned
ORD004428,CUST00590,2025-08-31,PRD008,2,5760.97,Net Banking,Cancelled
ORD004429,CUST00708,2026-01-04,PRD004,1,3477.36,Debit Card,Delivered
ORD004430,CUST01015,2025-09-13,PRD003,2,80845.47,COD,Delivered
ORD004431,CUST00602,2025-09-03,PRD011,3,28553.4,Net Banking,Delivered
ORD004432,CUST00030,2026-08-15,PRD003,3,123950.0,COD,Delivered
ORD004433,CUST00795,2025-12-22,PRD002,1,14079.48,Net Banking,Cancelled
ORD004434,CUST00818,2025-10-15,PRD007,1,929.91,Net Banking,Cancelled
ORD004435,CUST00262,2026-07-04,PRD005,2,3452.1,COD,Returned
ORD004436,CUST00990,2026-03-27,PRD011,1,9368.64,Credit Card,Delivered
ORD004437,CUST01020,2026-03-31,PRD012,2,2786.75,Credit Card,Returned
ORD004438,CUST00129,2026-08-01,PRD006,2,2391.79,Credit Card,Delivered
ORD004439,CUST00661,2026-02-10,PRD003,1,39572.32,Credit Card,Delivered
ORD004440,CUST00700,2026-03-12,PRD012,2,2698.41,Debit Card,Returned
ORD004441,CUST01071,2026-01-24,PRD010,1,1974.73,COD,Delivered
ORD004442,CUST00369,2025-11-29,PRD002,1,13583.94,Credit Card,Delivered
ORD004443,CUST00017,2025-05-09,PRD011,1,9896.1,Debit Card,Delivered
ORD004444,CUST00408,2025-12-10,PRD002,1,14271.6,Debit Card,Cancelled
ORD004445,CUST00848,2025-09-21,PRD001,1,2456.35,Credit Card,Delivered
ORD004446,CUST00591,2025-12-25,PRD011,1,9125.96,UPI,Delivered
ORD004447,CUST00014,2026-02-24,PRD010,1,1983.28,Net Banking,Returned
ORD004448,CUST00555,2025-08-03,PRD005,3,4916.13,Debit Card,Delivered
ORD004449,CUST00154,2025-08-12,PRD005,1,1715.93,COD,Returned
ORD004450,CUST01049,2025-08-14,PRD004,1,3429.15,Credit Card,Delivered
ORD004451,CUST00954,2025-08-24,PRD008,2,5488.85,Debit Card,Cancelled
ORD004452,CUST00093,2025-12-23,PRD003,1,40535.52,Net Banking,Delivered
ORD004453,CUST00302,2025-09-06,PRD004,1,3366.99,Net Banking,Delivered
ORD004454,CUST01059,2026-07-23,PRD002,2,27044.67,UPI,Delivered
ORD004455,CUST01161,2026-07-23,PRD007,1,915.35,COD,Returned
ORD004456,CUST00705,2026-01-20,PRD008,2,5850.94,COD,Cancelled
ORD004457,CUST00445,2025-09-25,PRD011,1,9472.52,Debit Card,Delivered
ORD004458,CUST00711,2025-09-02,PRD003,2,83437.59,Net Banking,Delivered
ORD004459,CUST01071,2026-06-09,PRD009,1,24392.01,COD,Delivered
ORD004460,CUST00306,2025-12-25,PRD006,1,1193.22,Debit Card,Delivered
ORD004461,CUST00415,2025-10-29,PRD006,1,1229.63,Net Banking,Delivered
ORD004462,CUST01141,2025-08-10,PRD003,2,,Credit Card,Delivered
ORD004463,CUST00516,2025-11-04,PRD006,1,1264.73,Credit Card,Delivered
ORD004464,CUST01047,2026-03-11,PRD008,1,2777.67,COD,Delivered
ORD004465,CUST00969,2026-05-09,PRD007,2,1939.78,Net Banking,Delivered
ORD004466,CUST00264,2026-07-14,PRD009,2,46494.28,Net Banking,Delivered
ORD004467,CUST00915,2025-06-04,PRD002,3,40747.55,COD,Delivered
ORD004468,CUST00642,2026-05-10,PRD004,1,3436.56,COD,Delivered
ORD004469,CUST01138,2025-08-27,PRD006,2,2434.69,Credit Card,Delivered
ORD004470,CUST00812,2026-03-27,PRD003,1,38847.3,Debit Card,Delivered
ORD004471,CUST00169,2025-10-02,PRD005,1,1733.44,UPI,Delivered
ORD004472,CUST00032,2026-01-08,PRD007,1,927.69,Credit Card,Delivered
ORD004473,CUST00784,2025-09-10,PRD010,2,3739.14,COD,Delivered
ORD004474,CUST00639,2026-05-25,PRD005,1,1726.17,Net Banking,Delivered
ORD004475,CUST00981,2026-01-29,PRD002,1,14042.7,Credit Card,Delivered
ORD004476,CUST00498,2025-06-22,PRD005,2,3297.43,COD,Delivered
ORD004477,CUST00958,2026-04-16,PRD001,1,2260.52,Credit Card,Delivered
ORD004478,CUST00620,2026-07-07,PRD004,1,3358.92,Debit Card,Delivered
ORD004479,CUST01112,2026-02-28,PRD012,1,1456.57,UPI,Returned
ORD004480,CUST01087,2025-07-10,PRD009,2,49660.97,Net Banking,Delivered
ORD004481,CUST00827,2026-05-21,PRD001,3,7353.81,Credit Card,Delivered
ORD004482,CUST00237,2026-06-12,PRD006,2,2467.88,Debit Card,Delivered
ORD004483,CUST00446,2025-06-27,PRD008,2,5529.91,Credit Card,Delivered
ORD004484,CUST01006,2026-03-05,PRD005,2,3580.94,Credit Card,Returned
ORD004485,CUST00440,2025-12-14,PRD002,1,13842.74,Net Banking,Delivered
ORD004486,CUST00659,2025-07-31,PRD005,2,3554.76,UPI,Delivered
ORD004487,CUST00594,2025-12-07,PRD008,1,2993.17,Net Banking,Delivered
ORD004488,CUST00448,2025-08-14,PRD007,2,1890.07,COD,Delivered
ORD004489,CUST00524,2026-01-21,PRD001,2,4699.46,COD,Delivered
ORD004490,CUST00724,2026-01-05,PRD007,1,995.7,COD,Delivered
ORD004491,CUST00286,2025-06-08,PRD003,2,78431.43,Credit Card,Returned
ORD004492,CUST01104,2026-02-11,PRD003,1,42689.11,Net Banking,Delivered
ORD004493,CUST00851,2025-08-04,PRD009,1,24474.36,COD,Delivered
ORD004494,CUST00274,2026-08-24,PRD007,1,920.63,Credit Card,Cancelled
ORD004495,CUST00405,2026-06-03,PRD001,1,2339.1,Net Banking,Cancelled
ORD004496,CUST00883,2026-09-03,PRD010,1,1806.43,COD,Delivered
ORD004497,CUST00822,2025-03-22,PRD011,2,18544.47,Debit Card,Delivered
ORD004498,CUST00475,2025-07-01,PRD002,1,14479.18,Debit Card,Delivered
ORD004499,CUST00422,2026-08-07,PRD006,2,2410.2,Net Banking,Returned
ORD004500,CUST00188,2026-08-04,PRD002,2,29942.34,COD,Delivered
ORD004501,CUST00720,2025-11-21,PRD002,1,13771.06,UPI,Delivered
ORD004502,CUST00797,2026-09-07,PRD012,1,1451.36,COD,Delivered
ORD004503,CUST00039,2026-01-30,PRD005,2,3575.68,COD,Cancelled
ORD004504,CUST00517,2025-08-17,PRD011,2,19376.66,Debit Card,Delivered
ORD004505,CUST01187,2026-01-21,PRD006,1,1275.65,Debit Card,Cancelled
ORD004506,CUST01173,2025-07-06,PRD005,1,1663.49,Net Banking,Delivered
ORD004507,CUST00405,2025-04-17,PRD002,1,14114.23,COD,Cancelled
ORD004508,CUST00690,2025-11-06,PRD010,2,3758.02,COD,Delivered
ORD004509,CUST01065,2026-09-02,PRD008,2,5738.86,Debit Card,Delivered
ORD004510,CUST01145,2026-02-05,PRD007,1,976.58,UPI,Delivered
ORD004511,CUST00995,2025-12-03,PRD005,2,3362.71,Net Banking,Delivered
ORD004512,CUST00049,2025-10-15,PRD009,3,69730.56,COD,Delivered
ORD004513,CUST01007,2025-05-24,PRD003,1,41308.85,COD,Delivered
ORD004514,CUST00832,2025-06-26,PRD002,1,13548.83,UPI,Returned
ORD004515,CUST00168,2025-10-02,PRD004,2,6513.7,UPI,Delivered
ORD004516,CUST00631,2026-05-27,PRD005,1,1693.34,Debit Card,Cancelled
ORD004517,CUST01023,2025-04-19,PRD010,1,1851.38,Net Banking,Cancelled
ORD004518,CUST00027,2026-06-21,PRD002,1,14285.91,COD,Returned
ORD004519,CUST00200,2025-08-17,PRD007,1,969.43,UPI,Returned
ORD004520,CUST00639,2026-01-11,PRD011,3,29864.17,Debit Card,Delivered
ORD004521,CUST00986,2025-08-12,PRD004,2,6316.93,COD,Delivered
ORD004522,CUST01173,2026-05-18,PRD007,2,1875.54,Credit Card,Delivered
ORD004523,CUST00075,2026-08-02,PRD010,3,5424.32,Credit Card,Delivered
ORD004524,CUST00397,2026-03-26,PRD008,1,2766.19,Credit Card,Delivered
ORD004525,CUST00118,2025-07-09,PRD006,2,2485.67,COD,Cancelled
ORD004526,CUST00325,2026-07-15,PRD005,1,1703.47,Debit Card,Delivered
ORD004527,CUST00742,2026-01-20,PRD011,2,18312.08,COD,Delivered
ORD004528,CUST00957,2025-03-26,PRD001,1,2332.98,Net Banking,Delivered
ORD004529,CUST00197,2025-09-19,PRD008,3,8659.93,Credit Card,Delivered
ORD004530,CUST00848,2026-02-21,PRD001,2,4668.3,Net Banking,Delivered
ORD004531,CUST01131,2025-08-17,PRD012,2,2904.06,COD,Returned
ORD004532,CUST00129,2025-11-08,PRD001,2,4800.55,Credit Card,Delivered
ORD004533,CUST00711,2025-07-23,PRD009,2,47392.35,Net Banking,Delivered
ORD004534,CUST00601,2026-02-17,PRD004,3,10489.5,COD,Delivered
ORD004535,CUST00561,2026-01-23,PRD005,2,3375.89,Credit Card,Delivered
ORD004536,CUST01004,2025-08-12,PRD007,2,1975.03,Debit Card,Delivered
ORD004537,CUST00706,2026-01-13,PRD007,1,950.87,COD,Cancelled
ORD004538,CUST00789,2026-06-18,PRD010,1,1925.64,COD,Returned
ORD004539,CUST00161,2025-06-10,PRD006,1,1274.21,Credit Card,Returned
ORD004540,CUST00564,2026-01-14,PRD008,1,2893.37,Credit Card,Returned
ORD004541,CUST00519,2025-09-08,PRD001,1,2372.84,Net Banking,Delivered
ORD004542,CUST00012,2025-07-17,PRD009,3,73735.17,Net Banking,Delivered
ORD004543,CUST00816,2026-05-30,PRD006,1,1202.7,UPI,Delivered
ORD004544,CUST00486,2026-06-09,PRD008,1,2959.08,UPI,Delivered
ORD004545,CUST00988,2025-07-08,PRD009,1,23829.29,Credit Card,Delivered
ORD004546,CUST01093,2026-02-16,PRD006,2,2386.66,Net Banking,Delivered
ORD004547,CUST00248,2026-08-18,PRD004,2,6510.2,Net Banking,Delivered
ORD004548,CUST00088,2025-05-09,PRD012,1,1353.47,Credit Card,Returned
ORD004549,CUST00940,2026-04-24,PRD004,1,3455.43,UPI,Delivered
ORD004550,CUST00721,2026-08-31,PRD001,3,6911.05,Debit Card,Returned
ORD004551,CUST00061,2025-08-13,PRD006,1,1264.98,Credit Card,Delivered
ORD004552,CUST00835,2025-12-08,PRD006,2,2476.66,Net Banking,Delivered
ORD004553,CUST00885,2025-05-11,PRD004,1,3472.59,COD,Returned
ORD004554,CUST00576,2026-06-20,PRD011,2,19964.9,COD,Delivered
ORD004555,CUST00885,2025-07-18,PRD012,1,1476.63,Credit Card,Delivered
ORD004556,CUST00995,2025-11-24,PRD004,2,6483.27,Debit Card,Delivered
ORD004557,CUST00706,2025-06-18,PRD003,1,41958.02,Debit Card,Cancelled
ORD004558,CUST00143,2025-06-22,PRD001,1,2406.11,COD,Delivered
ORD004559,CUST00092,2025-07-17,PRD008,2,5922.34,Debit Card,Delivered
ORD004560,CUST00236,2025-05-17,PRD007,1,925.31,COD,Delivered
ORD004561,CUST00975,2025-07-27,PRD010,3,5708.17,Credit Card,Delivered
ORD004562,CUST00045,2025-09-03,PRD007,1,920.57,Debit Card,Delivered
ORD004563,CUST00916,2026-01-28,PRD011,1,9945.49,Net Banking,Delivered
ORD004564,CUST01026,2026-02-07,PRD004,1,3432.02,Debit Card,Delivered
ORD004565,CUST00376,2025-10-15,PRD007,1,945.79,COD,Delivered
ORD004566,CUST01082,2025-07-14,PRD008,1,2840.19,COD,Delivered
ORD004567,CUST00175,2025-05-14,PRD011,3,29824.02,Credit Card,Delivered
ORD004568,CUST00374,2025-05-04,PRD004,3,9546.87,Credit Card,Delivered
ORD004569,CUST01168,2026-04-09,PRD002,1,14191.63,Debit Card,Delivered
ORD004570,CUST00340,2025-11-14,PRD009,1,22755.22,Credit Card,Delivered
ORD004571,CUST00509,2026-04-24,PRD008,2,5665.65,Debit Card,Delivered
ORD004572,CUST01035,2025-10-14,PRD001,2,4877.3,COD,Delivered
ORD004573,CUST00745,2026-02-16,PRD002,1,13900.07,COD,Returned
ORD004574,CUST00074,2025-10-12,PRD008,2,5720.8,Debit Card,Delivered
ORD004575,CUST00904,2026-01-07,PRD009,3,74764.4,UPI,Delivered
ORD004576,CUST00467,2025-08-14,PRD005,2,3364.59,Credit Card,Returned
ORD004577,CUST00887,2026-07-10,PRD006,3,3771.67,Debit Card,Delivered
ORD004578,CUST00538,2025-12-11,PRD010,1,1901.86,Net Banking,Delivered
ORD004579,CUST00021,2026-05-21,PRD004,1,3342.97,Net Banking,Returned
ORD004580,CUST00502,2025-12-28,PRD011,2,18510.81,UPI,Returned
ORD004581,CUST00877,2025-09-10,PRD008,3,8768.58,Net Banking,Delivered
ORD004582,CUST00547,2025-12-15,PRD005,1,1718.19,Net Banking,Returned
ORD004583,CUST00647,2026-02-16,PRD012,2,2758.13,Credit Card,Delivered
ORD004584,CUST00069,2026-06-16,PRD008,3,8489.31,Debit Card,Returned
ORD004585,CUST00317,2026-02-11,PRD007,2,1809.01,Debit Card,Delivered
ORD004586,CUST00326,2025-10-08,PRD004,3,9584.11,Net Banking,Delivered
ORD004587,CUST00824,2026-04-04,PRD007,1,994.94,Credit Card,Delivered
ORD004588,CUST00504,2026-02-08,PRD006,2,2589.96,Credit Card,Delivered
ORD004589,CUST00061,2026-04-02,PRD008,2,5468.58,Debit Card,Delivered
ORD004590,CUST00564,2025-10-10,PRD001,1,2301.2,Credit Card,Delivered
ORD004591,CUST00053,2026-05-20,PRD002,1,14440.97,Debit Card,Returned
ORD004592,CUST00441,2025-07-10,PRD002,2,27977.21,UPI,Delivered
ORD004593,CUST00599,2025-09-06,PRD003,1,42772.7,Credit Card,Delivered
ORD004594,CUST00080,2025-10-25,PRD012,2,2736.07,UPI,Delivered
ORD004595,CUST00617,2025-08-02,PRD009,1,22580.43,Credit Card,Cancelled
ORD004596,CUST00115,2025-08-24,PRD006,1,1261.18,Credit Card,Delivered
ORD004597,CUST01058,2025-07-23,PRD006,2,2464.31,COD,Cancelled
ORD004598,CUST00419,2026-02-08,PRD010,2,3658.31,Debit Card,Delivered
ORD004599,CUST00671,2025-11-29,PRD004,2,6560.45,UPI,Returned
ORD004600,CUST01098,2025-04-03,PRD003,2,83233.09,Net Banking,Delivered
ORD004601,CUST00283,2026-08-08,PRD007,1,957.73,UPI,Returned
ORD004602,CUST01034,2025-07-30,PRD006,1,1216.53,COD,Returned
ORD004603,CUST00858,2026-04-01,PRD009,2,45394.51,Debit Card,Delivered
ORD004604,CUST00165,2025-11-20,PRD001,1,2377.37,Net Banking,Delivered
ORD004605,CUST00867,2026-05-27,PRD012,3,4326.37,Debit Card,Returned
ORD004606,CUST00537,2025-10-16,PRD012,2,2729.17,Debit Card,Delivered
ORD004607,CUST00031,2025-09-23,PRD012,1,1391.33,UPI,Delivered
ORD004608,CUST00667,2025-10-12,PRD012,1,1369.52,Debit Card,Delivered
ORD004609,CUST00591,2025-12-11,PRD007,3,2768.43,Debit Card,Delivered
ORD004610,CUST00055,2026-04-16,PRD008,2,5614.79,Debit Card,Delivered
ORD004611,CUST00431,2026-07-24,PRD006,1,1179.21,UPI,Delivered
ORD004612,CUST01040,2025-05-08,PRD012,1,1416.05,Debit Card,Delivered
ORD004613,CUST00615,2025-08-05,PRD008,2,5958.28,Debit Card,Delivered
ORD004614,CUST00763,2025-07-22,PRD010,1,1974.89,UPI,Delivered
ORD004615,CUST00259,2025-10-04,PRD004,2,6894.1,Net Banking,Delivered
ORD004616,CUST00509,2026-09-10,PRD008,2,5421.31,COD,Delivered
ORD004617,CUST00128,2025-12-04,PRD012,1,1482.92,Net Banking,Returned
ORD004618,CUST00583,2025-06-20,PRD009,1,24342.06,COD,Delivered
ORD004619,CUST00544,2026-06-24,PRD012,1,1368.97,Net Banking,Delivered
ORD004620,CUST00699,2026-03-04,PRD007,3,2732.49,Debit Card,Returned
ORD004621,CUST00746,2026-02-07,PRD010,1,1805.07,Credit Card,Delivered
ORD004622,CUST00923,2026-06-01,PRD007,2,1944.9,UPI,Delivered
ORD004623,CUST00770,2026-06-20,PRD005,1,1783.04,Credit Card,Cancelled
ORD004624,CUST01006,2026-08-31,PRD003,3,120746.96,UPI,Delivered
ORD004625,CUST00580,2025-10-03,PRD006,1,1195.33,UPI,Delivered
ORD004626,CUST01017,2026-05-05,PRD011,1,9281.99,Debit Card,Delivered
ORD004627,CUST00689,2025-05-08,PRD009,1,23382.05,Net Banking,Cancelled
ORD004628,CUST00689,2026-07-28,PRD006,2,2587.15,COD,Returned
ORD004629,CUST01144,2025-05-09,PRD011,1,9793.35,COD,Delivered
ORD004630,CUST00850,2026-03-31,PRD007,2,1962.11,Net Banking,Delivered
ORD004631,CUST00730,2025-04-17,PRD001,1,2434.98,UPI,Delivered
ORD004632,CUST00062,2025-05-02,PRD009,2,45252.27,Credit Card,Cancelled
ORD004633,CUST00163,2026-08-06,PRD008,1,2797.96,COD,Delivered
ORD004634,CUST01146,2025-11-20,PRD006,1,1262.39,COD,Delivered
ORD004635,CUST01195,2025-08-26,PRD004,1,3283.36,UPI,Delivered
ORD004636,CUST00497,2026-06-27,PRD002,3,40659.5,Net Banking,Delivered
ORD004637,CUST01061,2025-08-18,PRD009,2,48394.15,UPI,Delivered
ORD004638,CUST00069,2026-07-28,PRD006,1,1240.79,Net Banking,Cancelled
ORD004639,CUST00161,2025-07-22,PRD002,1,13805.99,UPI,Delivered
ORD004640,CUST00332,2025-09-05,PRD007,1,960.15,Credit Card,Delivered
ORD004641,CUST00487,2025-12-27,PRD012,1,1414.07,COD,Delivered
ORD004642,CUST00867,2025-07-24,PRD001,1,,Credit Card,Delivered
ORD004643,CUST01113,2025-05-09,PRD009,3,68768.95,UPI,Delivered
ORD004644,CUST01147,2025-04-18,PRD009,2,46483.91,COD,Delivered
ORD004645,CUST01065,2026-03-09,PRD002,2,28294.94,Credit Card,Cancelled
ORD004646,CUST00560,2026-05-18,PRD003,3,119097.58,Net Banking,Delivered
ORD004647,CUST00190,2026-08-18,PRD003,1,41992.5,COD,Delivered
ORD004648,CUST00599,2026-08-11,PRD008,1,2943.87,Debit Card,Delivered
ORD004649,CUST00563,2025-06-24,PRD001,1,2388.75,Credit Card,Delivered
ORD004650,CUST01014,2026-01-10,PRD010,2,3775.05,Debit Card,Delivered
ORD004651,CUST01062,2026-08-11,PRD002,3,42631.83,Debit Card,Delivered
ORD004652,CUST00559,2026-07-17,PRD010,2,3753.39,COD,Delivered
ORD004653,CUST00181,2025-07-26,PRD005,1,1728.81,Net Banking,Delivered
ORD004654,CUST00686,2026-05-31,PRD004,1,3264.67,COD,Returned
ORD004655,CUST00827,2025-07-04,PRD005,3,5189.24,UPI,Delivered
ORD004656,CUST00313,2026-04-09,PRD011,2,19164.76,UPI,Cancelled
ORD004657,CUST01138,2025-04-26,PRD010,2,3980.07,COD,Delivered
ORD004658,CUST00800,2025-05-14,PRD007,3,2852.95,UPI,Delivered
ORD004659,CUST01102,2026-06-05,PRD003,1,42098.9,Credit Card,Delivered
ORD004660,CUST00280,2025-06-25,PRD005,2,3287.63,UPI,Delivered
ORD004661,CUST00464,2025-05-27,PRD008,1,2911.13,Debit Card,Delivered
ORD004662,CUST00110,2025-11-25,PRD007,3,2758.36,COD,Cancelled
ORD004663,CUST01008,2026-05-05,PRD005,3,5138.39,Debit Card,Returned
ORD004664,CUST01016,2026-04-15,PRD009,1,23162.81,Debit Card,Delivered
ORD004665,CUST00672,2025-06-11,PRD010,2,3963.36,Debit Card,Delivered
ORD004666,CUST00921,2026-08-06,PRD011,2,19330.24,Debit Card,Delivered
ORD004667,CUST00943,2025-07-31,PRD009,2,45008.84,Debit Card,Delivered
ORD004668,CUST00691,2025-03-25,PRD002,3,42277.38,COD,Delivered
ORD004669,CUST00870,2026-06-25,PRD005,3,,Credit Card,Delivered
ORD004670,CUST00849,2026-05-08,PRD004,1,3277.74,UPI,Delivered
ORD004671,CUST00523,2025-12-23,PRD007,1,924.21,Debit Card,Delivered
ORD004672,CUST00364,2025-04-01,PRD001,1,2271.04,Net Banking,Delivered
ORD004673,CUST00884,2025-12-18,PRD008,1,2729.02,Debit Card,Delivered
ORD004674,CUST00282,2025-04-20,PRD001,1,2406.93,UPI,Delivered
ORD004675,CUST01171,2025-06-01,PRD009,1,24142.53,Debit Card,Delivered
ORD004676,CUST00838,2025-04-16,PRD006,3,3594.51,Net Banking,Delivered
ORD004677,CUST00655,2025-06-13,PRD001,2,4629.7,Credit Card,Delivered
ORD004678,CUST00381,2025-05-31,PRD003,3,127294.65,COD,Delivered
ORD004679,CUST00867,2026-06-29,PRD007,3,2753.09,COD,Delivered
ORD004680,CUST00784,2026-06-14,PRD012,3,4172.83,Credit Card,Delivered
ORD004681,CUST00419,2026-01-24,PRD009,1,22600.49,Net Banking,Delivered
ORD004682,CUST00159,2025-08-18,PRD012,2,2807.22,Credit Card,Delivered
ORD004683,CUST00167,2025-07-31,PRD009,1,24749.46,Debit Card,Delivered
ORD004684,CUST01189,2025-06-23,PRD007,1,901.19,Credit Card,Delivered
ORD004685,CUST00969,2025-05-19,PRD001,3,7209.43,COD,Delivered
ORD004686,CUST00196,2025-08-02,PRD002,1,14854.36,Net Banking,Delivered
ORD004687,CUST00397,2026-03-01,PRD001,1,2250.66,COD,Delivered
ORD004688,CUST00982,2026-05-02,PRD012,3,4102.84,UPI,Cancelled
ORD004689,CUST00877,2025-04-26,PRD002,1,13728.8,Credit Card,Delivered
ORD004690,CUST00223,2025-10-10,PRD007,2,1855.64,Credit Card,Delivered
ORD004691,CUST00942,2025-03-21,PRD002,1,13857.89,Credit Card,Delivered
ORD004692,CUST00090,2025-11-24,PRD005,1,1641.81,Debit Card,Delivered
ORD004693,CUST00510,2026-05-26,PRD002,1,14115.91,COD,Delivered
ORD004694,CUST00089,2026-03-21,PRD003,1,39070.82,COD,Delivered
ORD004695,CUST00729,2025-10-20,PRD006,2,2536.38,Debit Card,Delivered
ORD004696,CUST00930,2026-01-07,PRD006,1,1223.79,Credit Card,Delivered
ORD004697,CUST00111,2025-10-25,PRD011,1,9890.66,UPI,Delivered
ORD004698,CUST00295,2025-12-29,PRD008,3,8104.24,Debit Card,Delivered
ORD004699,CUST00895,2026-08-22,PRD009,2,47893.32,Debit Card,Delivered
ORD004700,CUST00947,2026-08-12,PRD002,1,13623.94,Net Banking,Delivered
ORD004701,CUST00188,2025-09-28,PRD007,2,1917.85,Credit Card,Returned
ORD004702,CUST00494,2026-02-10,PRD006,1,1198.93,Credit Card,Delivered
ORD004703,CUST00035,2026-04-12,PRD011,1,9280.95,Net Banking,Delivered
ORD004704,CUST00655,2026-04-29,PRD002,2,,COD,Delivered
ORD004705,CUST01192,2026-04-30,PRD005,1,1638.58,Net Banking,Delivered
ORD004706,CUST00466,2025-12-28,PRD001,1,2348.05,Debit Card,Delivered
ORD004707,CUST00845,2025-10-27,PRD012,2,2886.5,Debit Card,Cancelled
ORD004708,CUST00227,2025-12-17,PRD010,1,1806.0,UPI,Delivered
ORD004709,CUST00133,2025-12-15,PRD006,3,3703.87,Debit Card,Delivered
ORD004710,CUST00202,2026-05-29,PRD001,2,4640.36,Debit Card,Delivered
ORD004711,CUST00508,2025-07-10,PRD004,2,6464.83,Debit Card,Delivered
ORD004712,CUST00988,2026-02-07,PRD012,1,1378.11,UPI,Delivered
ORD004713,CUST00006,2025-10-05,PRD010,2,3645.98,Debit Card,Returned
ORD004714,CUST00478,2025-08-29,PRD008,2,5786.13,UPI,Delivered
ORD004715,CUST00948,2026-02-10,PRD001,3,6793.4,Credit Card,Delivered
ORD004716,CUST00699,2025-10-29,PRD012,3,4123.58,Credit Card,Returned
ORD004717,CUST00435,2025-10-10,PRD011,2,18183.25,Net Banking,Cancelled
ORD004718,CUST00767,2025-10-08,PRD007,2,1873.84,COD,Delivered
ORD004719,CUST00768,2025-09-06,PRD001,1,2372.45,Credit Card,Delivered
ORD004720,CUST01153,2025-07-06,PRD004,1,3173.31,UPI,Cancelled
ORD004721,CUST00711,2025-03-29,PRD012,1,1437.49,COD,Returned
ORD004722,CUST01123,2025-11-11,PRD004,1,3174.87,Net Banking,Cancelled
ORD004723,CUST00434,2026-02-28,PRD007,1,901.89,Net Banking,Delivered
ORD004724,CUST00528,2025-06-08,PRD012,1,1401.62,Debit Card,Delivered
ORD004725,CUST00727,2026-07-01,PRD003,3,,Debit Card,Delivered
ORD004726,CUST00957,2026-05-21,PRD001,3,7452.39,COD,Delivered
ORD004727,CUST00756,2026-04-29,PRD001,2,4588.13,UPI,Delivered
ORD004728,CUST00961,2026-03-06,PRD009,3,68601.29,Credit Card,Delivered
ORD004729,CUST00922,2025-08-31,PRD002,2,27478.51,UPI,Delivered
ORD004730,CUST00264,2025-07-31,PRD011,3,29215.93,UPI,Delivered
ORD004731,CUST00249,2025-03-29,PRD009,2,49323.59,UPI,Delivered
ORD004732,CUST00055,2025-07-21,PRD010,1,,UPI,Delivered
ORD004733,CUST00619,2025-11-13,PRD005,2,3438.16,COD,Delivered
ORD004734,CUST00101,2025-12-08,PRD001,1,2373.95,COD,Delivered
ORD004735,CUST00345,2025-11-27,PRD009,1,24609.04,Net Banking,Delivered
ORD004736,CUST00946,2025-11-27,PRD008,2,5868.98,UPI,Returned
ORD004737,CUST00569,2026-07-10,PRD011,2,19393.38,Net Banking,Delivered
ORD004738,CUST00266,2025-11-26,PRD002,1,14139.26,Net Banking,Delivered
ORD004739,CUST00822,2025-10-31,PRD005,2,3414.81,Credit Card,Delivered
ORD004740,CUST00652,2025-04-17,PRD010,1,1958.65,UPI,Delivered
ORD004741,CUST00183,2026-08-14,PRD003,1,42419.89,UPI,Delivered
ORD004742,CUST00420,2026-07-18,PRD006,2,2579.15,Net Banking,Delivered
ORD004743,CUST00942,2026-08-01,PRD005,3,5219.02,Credit Card,Delivered
ORD004744,CUST00721,2025-08-27,PRD001,1,2275.55,COD,Delivered
ORD004745,CUST00545,2025-04-18,PRD012,2,2839.97,Debit Card,Delivered
ORD004746,CUST01109,2025-11-27,PRD002,2,27337.19,COD,Delivered
ORD004747,CUST00537,2025-10-15,PRD009,2,46408.91,COD,Delivered
ORD004748,CUST00489,2026-03-08,PRD006,2,2511.4,Debit Card,Delivered
ORD004749,CUST01127,2025-11-10,PRD005,1,1686.17,Net Banking,Delivered
ORD004750,CUST01186,2026-02-07,PRD010,2,3669.14,Credit Card,Cancelled
ORD004751,CUST00074,2025-09-28,PRD002,2,,Debit Card,Delivered
ORD004752,CUST00873,2025-12-22,PRD011,2,18761.17,COD,Delivered
ORD004753,CUST00230,2025-12-03,PRD010,1,1991.44,Net Banking,Delivered
ORD004754,CUST00388,2026-08-07,PRD004,1,3162.25,UPI,Delivered
ORD004755,CUST00503,2026-07-03,PRD009,2,45196.22,COD,Delivered
ORD004756,CUST01087,2025-12-04,PRD003,2,83621.86,COD,Cancelled
ORD004757,CUST00766,2025-09-27,PRD004,1,3265.09,COD,Delivered
ORD004758,CUST00352,2025-07-03,PRD001,1,2318.26,Net Banking,Delivered
ORD004759,CUST01006,2026-07-31,PRD005,2,3279.12,Net Banking,Delivered
ORD004760,CUST00323,2025-06-18,PRD007,2,1915.93,Debit Card,Returned
ORD004761,CUST00755,2026-09-07,PRD002,2,29918.67,Credit Card,Delivered
ORD004762,CUST00282,2025-06-07,PRD010,1,1927.99,Net Banking,Delivered
ORD004763,CUST00884,2026-04-08,PRD006,1,1242.84,Debit Card,Cancelled
ORD004764,CUST00900,2025-08-13,PRD006,3,3630.55,COD,Delivered
ORD004765,CUST01014,2025-04-03,PRD012,2,2866.85,COD,Cancelled
ORD004766,CUST00616,2025-07-17,PRD004,1,3383.29,Credit Card,Delivered
ORD004767,CUST00619,2025-12-27,PRD011,1,9246.71,UPI,Delivered
ORD004768,CUST00141,2025-04-03,PRD012,1,1353.85,Net Banking,Delivered
ORD004769,CUST00289,2025-10-24,PRD008,1,2780.58,UPI,Delivered
ORD004770,CUST00386,2026-05-26,PRD007,2,1872.76,Debit Card,Cancelled
ORD004771,CUST00856,2025-11-24,PRD003,2,79113.58,UPI,Delivered
ORD004772,CUST00834,2026-02-19,PRD009,2,48953.0,UPI,Returned
ORD004773,CUST01067,2025-08-21,PRD009,1,23498.4,Debit Card,Delivered
ORD004774,CUST00467,2025-04-17,PRD010,3,5556.83,UPI,Delivered
ORD004775,CUST00124,2025-12-25,PRD012,1,1370.97,COD,Delivered
ORD004776,CUST00183,2025-05-26,PRD008,1,2803.71,Net Banking,Delivered
ORD004777,CUST00308,2025-11-12,PRD002,1,14285.9,UPI,Delivered
ORD004778,CUST01035,2025-12-09,PRD009,3,72081.83,Net Banking,Delivered
ORD004779,CUST00233,2026-05-07,PRD004,1,3450.94,Net Banking,Cancelled
ORD004780,CUST00503,2025-04-09,PRD006,2,2421.59,Net Banking,Delivered
ORD004781,CUST00629,2026-05-15,PRD009,3,68165.92,COD,Delivered
ORD004782,CUST00077,2026-04-18,PRD004,1,3287.53,UPI,Delivered
ORD004783,CUST00844,2026-01-20,PRD005,3,4958.43,Debit Card,Delivered
ORD004784,CUST00663,2025-04-26,PRD005,2,3239.37,Credit Card,Delivered
ORD004785,CUST00253,2026-08-25,PRD004,1,3426.59,Net Banking,Cancelled
ORD004786,CUST00348,2026-08-06,PRD003,3,119767.15,COD,Delivered
ORD004787,CUST00171,2025-10-11,PRD008,1,,COD,Delivered
ORD004788,CUST00785,2026-03-12,PRD001,2,4914.63,Debit Card,Delivered
ORD004789,CUST00968,2025-11-13,PRD011,1,9049.73,UPI,Cancelled
ORD004790,CUST00512,2026-04-15,PRD010,2,3628.98,COD,Returned
ORD004791,CUST01184,2025-08-12,PRD006,1,1212.91,UPI,Delivered
ORD004792,CUST00532,2025-06-05,PRD011,3,27529.21,Credit Card,Delivered
ORD004793,CUST00339,2026-07-28,PRD005,3,5039.69,UPI,Delivered
ORD004794,CUST00785,2025-05-10,PRD009,1,,Debit Card,Delivered
ORD004795,CUST00176,2025-10-14,PRD009,3,70015.52,UPI,Delivered
ORD004796,CUST00393,2025-10-19,PRD004,3,9858.85,UPI,Delivered
ORD004797,CUST00288,2025-04-12,PRD009,1,23992.25,UPI,Delivered
ORD004798,CUST00674,2025-08-31,PRD007,3,2793.05,UPI,Cancelled
ORD004799,CUST00900,2026-08-17,PRD011,2,18744.55,COD,Delivered
ORD004800,CUST01124,2025-07-04,PRD003,2,80229.2,Debit Card,Delivered
ORD004801,CUST00843,2026-01-22,PRD003,1,41214.1,UPI,Delivered
ORD004802,CUST00211,2025-11-01,PRD011,1,9581.94,Net Banking,Delivered
ORD004803,CUST00554,2026-06-09,PRD009,1,23209.68,UPI,Delivered
ORD004804,CUST00444,2025-06-10,PRD009,1,23490.99,Net Banking,Delivered
ORD004805,CUST01191,2026-01-10,PRD004,2,6896.33,COD,Delivered
ORD004806,CUST00659,2025-08-05,PRD003,1,,UPI,Delivered
ORD004807,CUST00222,2026-07-28,PRD008,1,2744.73,Net Banking,Returned
ORD004808,CUST01037,2025-03-21,PRD011,1,9434.9,Net Banking,Cancelled
ORD004809,CUST01052,2025-04-25,PRD009,2,48119.28,Net Banking,Delivered
ORD004810,CUST00152,2026-06-27,PRD012,2,2754.15,Net Banking,Delivered
ORD004811,CUST00256,2025-08-11,PRD004,3,10378.29,Debit Card,Delivered
ORD004812,CUST00209,2025-12-06,PRD007,1,968.42,Net Banking,Delivered
ORD004813,CUST00254,2025-04-25,PRD006,1,1262.54,Net Banking,Cancelled
ORD004814,CUST00053,2025-11-28,PRD002,1,14275.12,Credit Card,Delivered
ORD004815,CUST00446,2026-09-01,PRD002,1,14815.75,Credit Card,Delivered
ORD004816,CUST00483,2026-08-02,PRD005,1,1787.14,UPI,Delivered
ORD004817,CUST00257,2025-12-12,PRD003,3,127979.68,COD,Returned
ORD004818,CUST00357,2025-05-03,PRD007,2,1924.02,Credit Card,Returned
ORD004819,CUST00021,2025-11-24,PRD003,1,42289.66,Debit Card,Delivered
ORD004820,CUST00326,2026-07-19,PRD004,2,6857.93,COD,Delivered
ORD004821,CUST00971,2026-02-17,PRD007,1,912.55,Credit Card,Delivered
ORD004822,CUST01026,2026-08-31,PRD009,2,49547.66,COD,Delivered
ORD004823,CUST00810,2026-06-23,PRD008,1,2860.77,COD,Delivered
ORD004824,CUST00997,2026-08-19,PRD003,1,41495.28,Credit Card,Delivered
ORD004825,CUST00599,2025-08-07,PRD012,1,1473.9,UPI,Delivered
ORD004826,CUST00759,2026-01-16,PRD002,1,14720.58,Net Banking,Delivered
ORD004827,CUST01010,2026-07-14,PRD003,1,42157.63,Credit Card,Cancelled
ORD004828,CUST00706,2026-06-03,PRD005,1,1671.15,UPI,Delivered
ORD004829,CUST00895,2025-09-15,PRD012,3,4313.8,Credit Card,Delivered
ORD004830,CUST00224,2026-03-15,PRD003,2,81133.97,Credit Card,Delivered
ORD004831,CUST01190,2025-12-30,PRD009,1,23047.9,UPI,Delivered
ORD004832,CUST01130,2026-03-16,PRD003,2,85205.41,Credit Card,Delivered
ORD004833,CUST00341,2026-06-15,PRD008,2,5707.68,COD,Delivered
ORD004834,CUST00082,2026-02-02,PRD005,1,1660.88,COD,Delivered
ORD004835,CUST00474,2026-03-24,PRD002,2,28099.77,Credit Card,Delivered
ORD004836,CUST00145,2026-05-30,PRD002,3,43100.82,Credit Card,Delivered
ORD004837,CUST00166,2026-05-15,PRD011,1,9311.53,COD,Delivered
ORD004838,CUST00117,2025-07-31,PRD006,1,1296.84,UPI,Returned
ORD004839,CUST01016,2026-06-04,PRD008,1,2866.62,Debit Card,Delivered
ORD004840,CUST01160,2025-11-10,PRD005,3,5187.57,COD,Delivered
ORD004841,CUST00406,2025-08-14,PRD006,2,2446.32,COD,Delivered
ORD004842,CUST00257,2026-08-10,PRD002,1,13516.33,Debit Card,Delivered
ORD004843,CUST01186,2025-08-30,PRD006,1,1276.03,Net Banking,Delivered
ORD004844,CUST00573,2026-08-28,PRD012,1,1374.78,Debit Card,Delivered
ORD004845,CUST01194,2026-09-07,PRD006,1,1275.25,Credit Card,Delivered
ORD004846,CUST00071,2025-04-17,PRD012,1,1401.72,UPI,Delivered
ORD004847,CUST01192,2026-02-03,PRD007,1,,UPI,Delivered
ORD004848,CUST00054,2026-05-27,PRD010,2,3735.18,Credit Card,Delivered
ORD004849,CUST00879,2025-08-07,PRD004,2,6811.95,UPI,Cancelled
ORD004850,CUST00687,2026-06-08,PRD012,1,1422.74,COD,Delivered
ORD004851,CUST00292,2026-01-14,PRD003,1,40504.24,COD,Delivered
ORD004852,CUST01029,2026-06-20,PRD008,1,2758.7,Credit Card,Delivered
ORD004853,CUST00444,2025-07-17,PRD011,2,19030.01,COD,Delivered
ORD004854,CUST00130,2026-08-19,PRD009,2,47849.1,Credit Card,Delivered
ORD004855,CUST00724,2025-11-26,PRD005,3,5225.37,Debit Card,Delivered
ORD004856,CUST00285,2025-06-11,PRD002,1,14160.91,Debit Card,Delivered
ORD004857,CUST01191,2025-05-13,PRD007,1,948.85,Credit Card,Cancelled
ORD004858,CUST00145,2026-01-07,PRD002,1,14929.96,Credit Card,Delivered
ORD004859,CUST00216,2025-10-03,PRD001,2,4579.15,Credit Card,Delivered
ORD004860,CUST00111,2026-04-25,PRD007,3,2931.51,Net Banking,Cancelled
ORD004861,CUST00532,2025-11-02,PRD011,1,9813.06,Net Banking,Delivered
ORD004862,CUST00196,2025-09-15,PRD009,1,23542.76,Net Banking,Delivered
ORD004863,CUST00763,2025-05-03,PRD012,1,1486.66,Credit Card,Delivered
ORD004864,CUST00139,2025-06-16,PRD009,1,24265.08,UPI,Delivered
ORD004865,CUST01115,2025-12-05,PRD002,2,28551.48,COD,Delivered
ORD004866,CUST00129,2026-08-04,PRD007,3,2857.03,Credit Card,Delivered
ORD004867,CUST00377,2025-04-25,PRD002,1,14359.96,UPI,Delivered
ORD004868,CUST00430,2025-09-06,PRD011,1,9279.18,Debit Card,Delivered
ORD004869,CUST01015,2026-07-14,PRD005,1,1674.29,Credit Card,Cancelled
ORD004870,CUST00214,2025-11-11,PRD001,2,4933.42,UPI,Delivered
ORD004871,CUST00603,2026-06-04,PRD007,1,961.94,UPI,Delivered
ORD004872,CUST00409,2025-06-12,PRD002,1,14000.0,COD,Delivered
ORD004873,CUST01170,2025-12-01,PRD005,1,,Credit Card,Delivered
ORD004874,CUST00262,2025-04-06,PRD011,1,9356.4,COD,Delivered
ORD004875,CUST00268,2026-08-09,PRD011,1,9793.93,UPI,Delivered
ORD004876,CUST01071,2025-05-23,PRD010,2,3819.82,Net Banking,Delivered
ORD004877,CUST00930,2025-07-26,PRD008,2,5660.89,Debit Card,Delivered
ORD004878,CUST00131,2026-07-08,PRD004,2,6757.47,Credit Card,Delivered
ORD004879,CUST00437,2025-12-11,PRD010,2,3986.39,Credit Card,Delivered
ORD004880,CUST00935,2026-08-20,PRD011,3,27122.45,Net Banking,Cancelled
ORD004881,CUST00976,2026-02-01,PRD004,1,3190.01,Debit Card,Delivered
ORD004882,CUST00654,2025-10-25,PRD006,3,3869.48,UPI,Delivered
ORD004883,CUST00935,2026-06-22,PRD012,1,1429.83,UPI,Delivered
ORD004884,CUST01022,2025-08-22,PRD010,3,5584.23,UPI,Delivered
ORD004885,CUST00508,2026-02-13,PRD011,3,28040.7,COD,Cancelled
ORD004886,CUST00654,2025-06-18,PRD009,1,24766.94,UPI,Delivered
ORD004887,CUST01105,2025-06-14,PRD011,1,9390.36,Credit Card,Delivered
ORD004888,CUST00068,2025-09-13,PRD006,1,1247.16,Credit Card,Returned
ORD004889,CUST01196,2025-10-10,PRD003,2,82244.54,Debit Card,Delivered
ORD004890,CUST00064,2025-05-04,PRD007,1,983.76,COD,Delivered
ORD004891,CUST00018,2025-05-04,PRD003,1,42842.2,UPI,Cancelled
ORD004892,CUST00728,2026-05-24,PRD004,2,6493.52,UPI,Delivered
ORD004893,CUST00710,2025-03-25,PRD006,3,3787.49,Credit Card,Delivered
ORD004894,CUST00655,2026-01-06,PRD005,1,1771.91,COD,Delivered
ORD004895,CUST01058,2025-12-12,PRD012,2,2834.92,Net Banking,Delivered
ORD004896,CUST01077,2025-05-09,PRD009,2,45821.88,Credit Card,Delivered
ORD004897,CUST00217,2026-08-26,PRD001,3,7331.79,UPI,Delivered
ORD004898,CUST00568,2026-05-31,PRD001,2,4877.96,UPI,Delivered
ORD004899,CUST00256,2026-03-05,PRD003,1,41657.79,Debit Card,Delivered
ORD004900,CUST01008,2026-09-07,PRD009,3,74573.91,UPI,Delivered
ORD004901,CUST00048,2025-03-22,PRD012,1,1410.39,UPI,Delivered
ORD004902,CUST01069,2025-06-24,PRD007,1,913.98,COD,Delivered
ORD004903,CUST00259,2025-06-01,PRD005,1,1792.02,UPI,Returned
ORD004904,CUST00530,2026-09-03,PRD010,2,3631.05,UPI,Delivered
ORD004905,CUST00241,2025-10-05,PRD009,2,45067.1,Credit Card,Delivered
ORD004906,CUST00322,2026-03-26,PRD006,2,2518.23,Debit Card,Cancelled
ORD004907,CUST00460,2026-06-10,PRD001,2,4652.12,COD,Delivered
ORD004908,CUST00867,2025-09-29,PRD009,2,49372.34,Debit Card,Delivered
ORD004909,CUST00123,2026-01-23,PRD004,3,9721.04,Credit Card,Cancelled
ORD004910,CUST01052,2025-04-11,PRD002,2,28782.48,Net Banking,Delivered
ORD004911,CUST01026,2026-07-16,PRD010,1,1967.31,Credit Card,Delivered
ORD004912,CUST00581,2025-09-15,PRD008,1,2857.27,UPI,Delivered
ORD004913,CUST00393,2025-04-11,PRD001,1,2440.97,Debit Card,Delivered
ORD004914,CUST00502,2026-01-29,PRD003,1,39835.51,Debit Card,Delivered
ORD004915,CUST00777,2026-09-05,PRD006,1,1185.3,COD,Delivered
ORD004916,CUST00753,2026-02-15,PRD010,1,1893.98,UPI,Returned
ORD004917,CUST00504,2026-06-07,PRD005,1,1701.91,Credit Card,Delivered
ORD004918,CUST00317,2025-07-02,PRD006,2,2460.05,UPI,Returned
ORD004919,CUST00678,2025-06-20,PRD004,2,6362.17,Credit Card,Delivered
ORD004920,CUST00421,2025-10-18,PRD002,1,13885.83,UPI,Returned
ORD004921,CUST00233,2026-09-08,PRD010,1,1804.65,UPI,Delivered
ORD004922,CUST01002,2025-05-18,PRD002,1,14473.46,Credit Card,Cancelled
ORD004923,CUST00109,2026-02-04,PRD001,1,2293.22,Debit Card,Returned
ORD004924,CUST00543,2026-02-16,PRD003,3,126212.93,COD,Returned
ORD004925,CUST00501,2025-12-30,PRD012,1,1433.12,Credit Card,Returned
ORD004926,CUST00648,2026-06-13,PRD007,1,939.99,Debit Card,Delivered
ORD004927,CUST01170,2025-08-21,PRD012,2,2918.42,COD,Delivered
ORD004928,CUST00175,2025-04-25,PRD009,1,23322.69,Credit Card,Returned
ORD004929,CUST00899,2026-02-11,PRD006,2,2442.5,Credit Card,Delivered
ORD004930,CUST00756,2025-08-08,PRD001,2,4923.79,Net Banking,Delivered
ORD004931,CUST00637,2026-03-03,PRD001,1,2282.48,Debit Card,Cancelled
ORD004932,CUST01137,2026-04-02,PRD006,2,2428.56,UPI,Delivered
ORD004933,CUST00423,2025-05-11,PRD011,3,27996.98,Credit Card,Delivered
ORD004934,CUST01041,2026-02-11,PRD009,1,24814.15,COD,Delivered
ORD004935,CUST00648,2026-03-28,PRD001,2,4752.34,Net Banking,Cancelled
ORD004936,CUST00924,2025-04-07,PRD004,1,3425.5,Debit Card,Delivered
ORD004937,CUST00270,2026-06-24,PRD006,1,1260.19,COD,Delivered
ORD004938,CUST01001,2026-03-15,PRD008,1,2971.93,Net Banking,Delivered
ORD004939,CUST00800,2026-03-31,PRD005,2,3348.34,Debit Card,Delivered
ORD004940,CUST00109,2026-06-01,PRD001,2,4782.24,Net Banking,Delivered
ORD004941,CUST00278,2025-09-30,PRD007,1,911.68,COD,Delivered
ORD004942,CUST00746,2025-12-20,PRD006,1,1246.22,Net Banking,Delivered
ORD004943,CUST00721,2025-08-26,PRD011,1,9378.9,Net Banking,Delivered
ORD004944,CUST00207,2026-04-06,PRD003,1,42338.72,UPI,Delivered
ORD004945,CUST00959,2025-10-23,PRD003,1,42903.38,Credit Card,Delivered
ORD004946,CUST00892,2026-05-30,PRD001,1,2264.21,Net Banking,Cancelled
ORD004947,CUST00456,2025-07-25,PRD003,3,122143.84,COD,Cancelled
ORD004948,CUST01155,2026-09-03,PRD003,2,80499.02,UPI,Delivered
ORD004949,CUST00977,2025-09-04,PRD005,1,1690.02,UPI,Delivered
ORD004950,CUST00446,2025-09-13,PRD003,1,42247.51,Net Banking,Delivered
ORD004951,CUST00609,2025-07-28,PRD004,3,9981.09,Net Banking,Delivered
ORD004952,CUST00530,2025-06-09,PRD005,1,1722.22,Credit Card,Delivered
ORD004953,CUST00498,2025-06-12,PRD007,1,948.99,Debit Card,Cancelled
ORD004954,CUST01168,2025-05-02,PRD007,3,2974.96,Debit Card,Delivered
ORD004955,CUST00726,2026-02-01,PRD012,2,2835.03,Net Banking,Delivered
ORD004956,CUST00238,2025-05-23,PRD003,2,83638.63,COD,Cancelled
ORD004957,CUST00590,2025-05-18,PRD011,3,29400.12,COD,Returned
ORD004958,CUST00219,2025-11-18,PRD009,1,22861.75,Debit Card,Delivered
ORD004959,CUST00049,2025-06-09,PRD003,1,39596.35,Credit Card,Delivered
ORD004960,CUST00975,2025-04-29,PRD007,1,,Debit Card,Delivered
ORD004961,CUST00063,2026-05-10,PRD011,1,9277.24,COD,Delivered
ORD004962,CUST00689,2026-03-27,PRD011,1,9162.45,COD,Delivered
ORD004963,CUST00474,2026-01-27,PRD009,1,24911.06,Debit Card,Delivered
ORD004964,CUST00014,2026-04-13,PRD003,3,117790.48,Net Banking,Returned
ORD004965,CUST00332,2025-11-11,PRD001,2,4644.12,Debit Card,Cancelled
ORD004966,CUST00867,2025-05-26,PRD006,1,1290.17,Credit Card,Cancelled
ORD004967,CUST00906,2026-03-03,PRD007,2,1852.73,Credit Card,Delivered
ORD004968,CUST00431,2026-08-11,PRD006,3,3862.18,Credit Card,Delivered
ORD004969,CUST00936,2026-01-13,PRD004,3,10198.31,Net Banking,Cancelled
ORD004970,CUST00443,2026-02-01,PRD010,2,3829.47,UPI,Cancelled
ORD004971,CUST00706,2026-08-09,PRD002,1,14068.1,COD,Delivered
ORD004972,CUST00904,2025-07-12,PRD003,1,42543.36,Debit Card,Delivered
ORD004973,CUST01069,2025-12-01,PRD007,2,1874.66,Debit Card,Delivered
ORD004974,CUST00444,2025-04-08,PRD008,1,2806.01,Credit Card,Delivered
ORD004975,CUST00229,2025-06-13,PRD001,1,2389.12,Net Banking,Delivered
ORD004976,CUST00399,2025-07-02,PRD002,2,27089.16,Net Banking,Delivered
ORD004977,CUST00741,2025-04-25,PRD001,2,4918.68,COD,Delivered
ORD004978,CUST00921,2025-04-06,PRD004,1,3363.34,Credit Card,Delivered
ORD004979,CUST00564,2026-06-24,PRD002,3,,Credit Card,Delivered
ORD004980,CUST00930,2025-08-04,PRD011,1,9828.47,UPI,Delivered
ORD004981,CUST01077,2025-06-29,PRD003,2,77557.62,Net Banking,Delivered
ORD004982,CUST00121,2025-12-14,PRD008,1,2867.28,COD,Delivered
ORD004983,CUST00175,2026-03-11,PRD003,1,42333.68,Debit Card,Delivered
ORD004984,CUST00712,2025-10-21,PRD003,1,41464.71,Debit Card,Delivered
ORD004985,CUST01168,2026-04-07,PRD007,1,920.05,Debit Card,Delivered
ORD004986,CUST01057,2025-09-11,PRD012,2,2732.67,Debit Card,Delivered
ORD004987,CUST00913,2025-05-31,PRD010,1,1838.4,Net Banking,Delivered
ORD004988,CUST01077,2025-09-13,PRD009,1,,Net Banking,Cancelled
ORD004989,CUST00580,2026-08-25,PRD002,2,27506.07,Debit Card,Delivered
ORD004990,CUST00250,2025-11-04,PRD004,1,3328.68,Net Banking,Delivered
ORD004991,CUST00867,2025-09-06,PRD008,3,8727.69,COD,Delivered
ORD004992,CUST00665,2026-07-28,PRD006,3,3877.32,UPI,Delivered
ORD004993,CUST00867,2026-01-20,PRD006,2,2417.09,UPI,Cancelled
ORD004994,CUST00608,2026-04-02,PRD010,2,3697.39,COD,Delivered
ORD004995,CUST00597,2025-03-25,PRD011,2,18354.13,COD,Delivered
ORD004996,CUST00695,2026-05-17,PRD002,2,27862.24,Credit Card,Delivered
ORD004997,CUST00081,2026-08-18,PRD005,1,1667.74,Debit Card,Delivered
ORD004998,CUST00095,2025-10-31,PRD011,3,28201.28,UPI,Delivered
ORD004999,CUST00998,2025-12-08,PRD007,1,991.91,Net Banking,Delivered
ORD005000,CUST00413,2026-09-05,PRD010,1,1955.84,COD,Delivered
ORD005001,CUST00920,2025-06-09,PRD005,1,1780.0,Net Banking,Delivered
ORD005002,CUST00860,2026-07-11,PRD010,2,3943.98,Debit Card,Cancelled
ORD005003,CUST01092,2025-07-28,PRD006,2,2357.78,UPI,Delivered
ORD005004,CUST00112,2026-02-10,PRD007,3,2828.2,Credit Card,Returned
ORD005005,CUST00879,2026-08-19,PRD005,1,1731.5,Net Banking,Delivered
ORD005006,CUST00922,2026-07-23,PRD009,2,46081.29,COD,Returned
ORD005007,CUST00108,2026-04-14,PRD002,1,13818.22,UPI,Delivered
ORD005008,CUST00884,2025-11-01,PRD012,1,1449.53,Net Banking,Delivered
ORD005009,CUST00302,2026-05-11,PRD005,1,1697.99,UPI,Delivered
ORD005010,CUST00554,2026-02-25,PRD008,1,2843.79,Net Banking,Delivered
ORD005011,CUST00412,2026-04-09,PRD007,1,949.95,COD,Delivered
ORD005012,CUST00765,2026-05-27,PRD007,2,1884.54,Net Banking,Delivered
ORD005013,CUST00286,2025-10-08,PRD001,1,2486.14,Credit Card,Delivered
ORD005014,CUST00962,2025-03-22,PRD004,1,3190.32,Debit Card,Cancelled
ORD005015,CUST00798,2025-12-06,PRD008,1,2745.37,Credit Card,Delivered
ORD005016,CUST00010,2026-06-09,PRD001,2,4727.03,Net Banking,Cancelled
ORD005017,CUST01180,2025-12-16,PRD006,2,2399.03,Debit Card,Delivered
ORD005018,CUST00372,2025-07-12,PRD006,2,2339.99,Net Banking,Delivered
ORD005019,CUST00002,2025-09-16,PRD006,2,2393.5,Net Banking,Returned
ORD005020,CUST00095,2026-03-11,PRD012,1,1484.29,Debit Card,Delivered
ORD005021,CUST00150,2026-04-22,PRD004,3,10134.05,Credit Card,Delivered
ORD005022,CUST00340,2025-12-18,PRD009,1,24839.53,Debit Card,Delivered
ORD005023,CUST00909,2026-01-01,PRD012,2,2706.48,COD,Returned
ORD005024,CUST00090,2026-07-14,PRD007,1,926.31,COD,Delivered
ORD005025,CUST00204,2026-09-08,PRD005,1,1699.18,UPI,Delivered
ORD005026,CUST00569,2026-02-14,PRD012,2,2958.33,COD,Delivered
ORD005027,CUST00633,2026-02-14,PRD005,1,1697.84,COD,Delivered
ORD005028,CUST00489,2025-11-10,PRD009,3,68895.68,UPI,Delivered
ORD005029,CUST00733,2026-08-15,PRD008,3,8368.16,UPI,Delivered
ORD005030,CUST00666,2026-05-27,PRD005,1,1697.74,UPI,Returned
ORD005031,CUST01073,2025-11-21,PRD003,1,41814.09,Debit Card,Cancelled
ORD005032,CUST00138,2026-04-13,PRD005,1,1684.14,Credit Card,Delivered
ORD005033,CUST00131,2026-01-10,PRD005,1,1727.82,Net Banking,Cancelled
ORD005034,CUST00963,2026-01-05,PRD003,2,79619.0,Net Banking,Delivered
ORD005035,CUST00353,2026-05-03,PRD002,3,41419.53,Credit Card,Delivered
ORD005036,CUST01181,2025-04-14,PRD010,2,3924.91,Credit Card,Returned
ORD005037,CUST00252,2025-09-16,PRD006,2,2341.91,UPI,Cancelled
ORD005038,CUST00434,2025-10-26,PRD003,3,119831.35,Debit Card,Delivered
ORD005039,CUST01048,2026-02-22,PRD005,1,1785.27,COD,Delivered
ORD005040,CUST00146,2026-05-22,PRD006,3,3793.37,COD,Delivered
ORD005041,CUST00778,2025-12-02,PRD007,1,940.83,Net Banking,Delivered
ORD005042,CUST00473,2026-07-08,PRD010,1,1879.43,Debit Card,Returned
ORD005043,CUST00759,2026-08-04,PRD008,3,8925.59,COD,Delivered
ORD005044,CUST00819,2026-07-27,PRD006,2,2438.19,Debit Card,Cancelled
ORD005045,CUST00985,2026-02-12,PRD007,1,911.66,Net Banking,Delivered
ORD005046,CUST00701,2025-07-23,PRD011,1,9309.92,Debit Card,Delivered
ORD005047,CUST00379,2025-09-07,PRD002,2,27860.7,Net Banking,Delivered
ORD005048,CUST01101,2026-02-03,PRD009,2,47964.5,Net Banking,Delivered
ORD005049,CUST00999,2025-11-18,PRD003,2,83765.5,Credit Card,Delivered
ORD005050,CUST00342,2025-08-30,PRD001,2,4847.98,Debit Card,Delivered
ORD005051,CUST00084,2026-03-08,PRD007,2,1963.41,COD,Delivered
ORD005052,CUST00476,2025-04-10,PRD011,2,19369.21,UPI,Delivered
ORD005053,CUST00127,2025-07-22,PRD007,2,1881.09,COD,Delivered
ORD005054,CUST00415,2026-07-22,PRD010,1,1959.04,UPI,Delivered
ORD005055,CUST00527,2025-08-05,PRD004,1,3339.44,Credit Card,Delivered
ORD005056,CUST01161,2025-08-11,PRD004,1,3462.9,UPI,Returned
ORD005057,CUST00230,2026-01-01,PRD009,1,23500.27,Debit Card,Delivered
ORD005058,CUST01028,2025-04-11,PRD009,1,23744.43,Debit Card,Delivered
ORD005059,CUST00274,2026-08-17,PRD012,1,1434.47,UPI,Delivered
ORD005060,CUST00704,2025-11-18,PRD002,1,14411.96,Debit Card,Delivered
ORD005061,CUST00710,2025-10-21,PRD008,3,8287.25,UPI,Delivered
ORD005062,CUST00928,2025-11-08,PRD010,2,3798.77,UPI,Delivered
ORD005063,CUST00495,2026-08-20,PRD006,1,1293.19,Net Banking,Delivered
ORD005064,CUST00885,2026-05-28,PRD004,3,10295.34,Net Banking,Delivered
ORD005065,CUST01178,2025-08-15,PRD006,3,3716.65,Debit Card,Returned
ORD005066,CUST00140,2026-06-03,PRD008,3,8224.04,COD,Delivered
ORD005067,CUST00095,2026-01-10,PRD012,1,1461.52,UPI,Delivered
ORD005068,CUST00886,2025-11-01,PRD003,1,42716.37,Debit Card,Returned
ORD005069,CUST00964,2025-12-16,PRD007,3,2874.7,COD,Delivered
ORD005070,CUST01100,2026-08-17,PRD005,1,1773.82,UPI,Delivered
ORD005071,CUST00994,2026-05-24,PRD010,2,3790.66,Net Banking,Delivered
ORD005072,CUST00100,2026-03-01,PRD002,1,14981.08,COD,Delivered
ORD005073,CUST00158,2025-09-02,PRD010,1,1998.36,Debit Card,Delivered
ORD005074,CUST00261,2026-02-08,PRD001,1,2414.14,Credit Card,Delivered
ORD005075,CUST00207,2025-04-17,PRD003,1,42146.12,UPI,Cancelled
ORD005076,CUST01172,2026-09-05,PRD001,3,7011.08,COD,Delivered
ORD005077,CUST00352,2025-07-14,PRD005,3,5228.95,Credit Card,Delivered
ORD005078,CUST00074,2026-03-13,PRD002,2,28222.22,Credit Card,Delivered
ORD005079,CUST00435,2025-08-23,PRD011,1,9154.74,Credit Card,Delivered
ORD005080,CUST00270,2025-05-22,PRD007,1,966.39,UPI,Delivered
ORD005081,CUST00567,2025-07-25,PRD001,1,2372.68,Debit Card,Delivered
ORD005082,CUST00551,2026-09-06,PRD009,1,23183.21,Credit Card,Delivered
ORD005083,CUST00126,2026-01-17,PRD003,1,39514.47,Debit Card,Delivered
ORD005084,CUST00101,2025-09-14,PRD008,1,2927.01,Net Banking,Delivered
ORD005085,CUST00435,2026-01-09,PRD012,1,1426.37,Net Banking,Delivered
ORD005086,CUST01158,2025-07-07,PRD010,2,3704.15,UPI,Delivered
ORD005087,CUST00620,2026-03-25,PRD004,1,3365.95,COD,Delivered
ORD005088,CUST00992,2025-05-03,PRD002,3,41557.47,Debit Card,Delivered
ORD005089,CUST00495,2026-03-05,PRD003,2,82928.47,COD,Delivered
ORD005090,CUST00894,2026-08-14,PRD006,1,1220.78,COD,Delivered
ORD005091,CUST00261,2025-04-01,PRD008,1,2766.65,Debit Card,Delivered
ORD005092,CUST00635,2025-05-30,PRD009,1,24843.03,Credit Card,Delivered
ORD005093,CUST00798,2026-04-29,PRD007,2,1976.28,Credit Card,Delivered
ORD005094,CUST01189,2025-08-07,PRD004,2,6387.45,Debit Card,Cancelled
ORD005095,CUST00368,2026-03-11,PRD008,3,8222.21,UPI,Delivered
ORD005096,CUST00709,2026-03-18,PRD001,3,7410.56,Credit Card,Delivered
ORD005097,CUST00512,2025-10-31,PRD010,1,1893.56,Net Banking,Delivered
ORD005098,CUST00677,2026-07-23,PRD009,1,24529.91,COD,Returned
ORD005099,CUST00387,2025-07-09,PRD004,3,10040.35,Credit Card,Returned
ORD005100,CUST00089,2025-06-17,PRD004,2,6780.12,UPI,Delivered
ORD005101,CUST00304,2025-05-12,PRD008,1,2869.25,Debit Card,Delivered
ORD005102,CUST00646,2026-08-06,PRD008,3,8951.06,Credit Card,Delivered
ORD005103,CUST00173,2025-09-04,PRD012,1,1450.03,Credit Card,Delivered
ORD005104,CUST00069,2026-01-07,PRD012,2,2914.55,Debit Card,Returned
ORD005105,CUST00345,2026-01-11,PRD002,1,13913.23,Debit Card,Delivered
ORD005106,CUST00389,2025-04-27,PRD007,1,938.29,Debit Card,Returned
ORD005107,CUST00515,2026-09-02,PRD004,1,3346.24,COD,Cancelled
ORD005108,CUST00340,2026-07-05,PRD002,1,14534.06,UPI,Delivered
ORD005109,CUST00116,2026-06-24,PRD008,3,8924.89,COD,Delivered
ORD005110,CUST00816,2025-03-22,PRD012,2,2745.33,Net Banking,Delivered
ORD005111,CUST00097,2025-07-28,PRD011,2,19838.18,Net Banking,Delivered
ORD005112,CUST00655,2026-05-15,PRD011,2,19201.25,Credit Card,Delivered
ORD005113,CUST00386,2026-05-23,PRD009,1,22534.76,Net Banking,Delivered
ORD005114,CUST00089,2026-08-12,PRD001,3,7222.71,Credit Card,Delivered
ORD005115,CUST00701,2026-08-24,PRD009,3,72337.52,COD,Returned
ORD005116,CUST00914,2025-05-21,PRD006,1,1240.74,UPI,Delivered
ORD005117,CUST00982,2025-11-19,PRD003,2,85687.78,UPI,Delivered
ORD005118,CUST00495,2025-05-25,PRD005,1,1733.83,Credit Card,Returned
ORD005119,CUST00377,2026-05-08,PRD012,1,1402.12,COD,Returned
ORD005120,CUST01083,2026-05-15,PRD005,1,1753.77,Credit Card,Delivered
ORD005121,CUST00682,2025-11-27,PRD002,2,27610.2,UPI,Delivered
ORD005122,CUST01055,2025-05-25,PRD006,1,1278.62,COD,Cancelled
ORD005123,CUST00811,2026-03-16,PRD010,3,5819.27,Net Banking,Delivered
ORD005124,CUST00740,2025-08-18,PRD010,2,3762.85,UPI,Delivered
ORD005125,CUST00469,2025-05-04,PRD012,1,1396.29,Credit Card,Delivered
ORD005126,CUST01167,2026-05-21,PRD007,3,2774.11,Credit Card,Delivered
ORD005127,CUST00181,2025-09-27,PRD001,2,4983.39,Credit Card,Delivered
ORD005128,CUST00668,2025-10-16,PRD002,3,42086.26,Net Banking,Delivered
ORD005129,CUST00755,2025-07-01,PRD012,1,1368.66,COD,Delivered
ORD005130,CUST00813,2026-08-13,PRD007,1,,COD,Delivered
ORD005131,CUST00629,2026-04-16,PRD004,1,3445.2,UPI,Delivered
ORD005132,CUST01117,2026-07-25,PRD002,1,13731.97,Net Banking,Cancelled
ORD005133,CUST01146,2026-02-18,PRD003,1,42049.42,Debit Card,Delivered
ORD005134,CUST00305,2026-08-26,PRD005,3,4939.78,Net Banking,Delivered
ORD005135,CUST00757,2026-05-08,PRD001,1,2417.46,Debit Card,Cancelled
ORD005136,CUST01163,2026-09-07,PRD007,1,901.66,COD,Delivered
ORD005137,CUST00165,2025-06-16,PRD006,1,1288.76,COD,Delivered
ORD005138,CUST01103,2025-09-21,PRD004,3,9755.97,COD,Delivered
ORD005139,CUST00826,2025-12-27,PRD008,3,8142.55,COD,Delivered
ORD005140,CUST01036,2026-03-28,PRD003,1,40552.11,COD,Delivered
ORD005141,CUST00773,2025-07-03,PRD010,1,1843.47,UPI,Delivered
ORD005142,CUST01158,2026-09-07,PRD011,1,9407.53,Credit Card,Delivered
ORD005143,CUST00730,2026-05-03,PRD012,1,1399.38,Credit Card,Delivered
ORD005144,CUST00685,2025-09-26,PRD011,2,18951.55,Credit Card,Delivered
ORD005145,CUST00773,2025-09-20,PRD007,2,1827.44,Credit Card,Cancelled
ORD005146,CUST00671,2025-10-17,PRD008,3,8536.21,Debit Card,Returned
ORD005147,CUST00846,2026-05-03,PRD009,3,68739.6,UPI,Delivered
ORD005148,CUST00554,2025-05-15,PRD008,1,2900.63,Credit Card,Delivered
ORD005149,CUST00519,2025-12-22,PRD011,1,9977.14,COD,Returned
ORD005150,CUST00815,2026-06-02,PRD002,1,14905.02,Debit Card,Delivered
ORD005151,CUST00792,2025-07-13,PRD002,2,28133.41,Net Banking,Delivered
ORD005152,CUST00811,2025-07-01,PRD003,2,80718.7,Net Banking,Returned
ORD005153,CUST01069,2026-02-28,PRD008,2,5561.25,Debit Card,Delivered
ORD005154,CUST00522,2026-05-12,PRD001,1,2448.1,Net Banking,Delivered
ORD005155,CUST00738,2026-04-28,PRD002,2,28862.83,Debit Card,Delivered
ORD005156,CUST00855,2025-04-26,PRD002,1,13908.68,Net Banking,Delivered
ORD005157,CUST01107,2026-09-08,PRD004,3,10359.31,Net Banking,Delivered
ORD005158,CUST00508,2025-07-21,PRD009,1,23947.3,Credit Card,Delivered
ORD005159,CUST00549,2026-03-10,PRD008,2,5880.74,Credit Card,Delivered
ORD005160,CUST01012,2026-07-26,PRD008,2,5546.77,Net Banking,Delivered
ORD005161,CUST01129,2025-12-12,PRD001,1,2468.18,Credit Card,Cancelled
ORD005162,CUST00057,2026-05-11,PRD002,2,28501.62,Debit Card,Delivered
ORD005163,CUST00370,2025-10-16,PRD001,1,,UPI,Delivered
ORD005164,CUST00746,2026-03-02,PRD003,1,39536.92,COD,Delivered
ORD005165,CUST00445,2025-07-06,PRD011,1,9003.97,Net Banking,Delivered
ORD005166,CUST00364,2025-04-12,PRD002,1,13774.47,UPI,Delivered
ORD005167,CUST01125,2025-11-20,PRD010,2,3612.18,UPI,Delivered
ORD005168,CUST00375,2025-03-23,PRD010,1,1978.52,Credit Card,Delivered
ORD005169,CUST00201,2025-09-28,PRD011,2,18638.54,Net Banking,Delivered
ORD005170,CUST00029,2026-09-05,PRD001,3,6826.17,Net Banking,Delivered
ORD005171,CUST00163,2026-08-07,PRD008,2,5903.77,Credit Card,Returned
ORD005172,CUST00357,2026-03-06,PRD005,1,1665.37,Credit Card,Delivered
ORD005173,CUST01046,2025-10-31,PRD008,1,2720.91,Debit Card,Delivered
ORD005174,CUST01010,2026-06-16,PRD005,2,3279.06,UPI,Delivered
ORD005175,CUST01132,2026-08-26,PRD008,1,2741.28,Credit Card,Delivered
ORD005176,CUST00068,2026-06-29,PRD005,1,1661.81,Net Banking,Delivered
ORD005177,CUST00020,2025-05-06,PRD009,3,72200.36,Net Banking,Delivered
ORD005178,CUST00234,2026-06-19,PRD003,1,40334.95,UPI,Delivered
ORD005179,CUST00052,2026-02-05,PRD006,2,2393.98,Debit Card,Returned
ORD005180,CUST00156,2026-01-18,PRD009,1,24339.1,Debit Card,Delivered
ORD005181,CUST00383,2025-05-22,PRD012,2,2806.41,UPI,Delivered
ORD005182,CUST00336,2025-06-02,PRD002,1,14154.04,Net Banking,Delivered
ORD005183,CUST00710,2025-12-12,PRD012,1,1492.19,Credit Card,Delivered
ORD005184,CUST00343,2026-09-09,PRD007,2,1818.48,UPI,Delivered
ORD005185,CUST00822,2026-04-16,PRD008,2,5879.96,COD,Delivered
ORD005186,CUST01100,2025-09-20,PRD007,3,2876.46,Credit Card,Delivered
ORD005187,CUST00656,2026-02-21,PRD002,1,14094.53,Debit Card,Delivered
ORD005188,CUST00347,2025-04-07,PRD007,2,1801.34,Credit Card,Delivered
ORD005189,CUST00084,2026-06-15,PRD010,2,3791.43,Debit Card,Delivered
ORD005190,CUST00428,2025-09-08,PRD011,1,9672.74,Debit Card,Delivered
ORD005191,CUST00405,2025-09-05,PRD002,2,29335.96,UPI,Delivered
ORD005192,CUST00702,2026-06-07,PRD001,2,4658.0,Net Banking,Delivered
ORD005193,CUST00532,2025-08-26,PRD009,1,23227.1,COD,Delivered
ORD005194,CUST00915,2026-06-27,PRD001,1,,COD,Cancelled
ORD005195,CUST00926,2025-04-19,PRD010,2,3600.97,Credit Card,Delivered
ORD005196,CUST00049,2025-08-30,PRD011,2,19317.83,UPI,Delivered
ORD005197,CUST00696,2026-08-23,PRD009,1,24293.74,UPI,Delivered
ORD005198,CUST00173,2025-06-02,PRD008,1,2835.42,Net Banking,Delivered
ORD005199,CUST00907,2025-08-07,PRD004,3,9644.01,UPI,Delivered
ORD005200,CUST00242,2025-10-11,PRD012,2,2737.3,Debit Card,Delivered
ORD005201,CUST00222,2025-06-11,PRD002,1,13789.0,UPI,Delivered
ORD005202,CUST00875,2025-09-20,PRD004,2,6349.28,Net Banking,Delivered
ORD005203,CUST00816,2025-10-29,PRD001,1,2324.78,COD,Delivered
ORD005204,CUST00645,2025-04-30,PRD002,1,14456.09,Debit Card,Delivered
ORD005205,CUST00973,2026-01-01,PRD002,3,40717.89,COD,Delivered
ORD005206,CUST00557,2025-04-30,PRD009,1,24643.53,Net Banking,Delivered
ORD005207,CUST00893,2025-09-03,PRD009,2,45974.37,UPI,Delivered
ORD005208,CUST00335,2025-08-29,PRD005,1,1737.88,UPI,Delivered
ORD005209,CUST00631,2025-04-02,PRD011,1,9079.34,Credit Card,Delivered
ORD005210,CUST01111,2026-09-01,PRD011,2,18123.07,UPI,Delivered
ORD005211,CUST00205,2025-09-13,PRD005,1,1709.02,COD,Delivered
ORD005212,CUST00952,2026-04-09,PRD008,2,5748.77,Debit Card,Delivered
ORD005213,CUST00265,2026-07-03,PRD005,2,3248.63,COD,Delivered
ORD005214,CUST00080,2026-08-05,PRD010,1,1889.03,Debit Card,Cancelled
ORD005215,CUST00679,2026-02-09,PRD002,2,28398.21,UPI,Returned
ORD005216,CUST00265,2026-06-23,PRD003,3,116151.43,Debit Card,Delivered
ORD005217,CUST00472,2025-10-02,PRD005,2,3296.55,COD,Delivered
ORD005218,CUST00279,2025-05-11,PRD006,1,1176.81,Debit Card,Cancelled
ORD005219,CUST00340,2025-08-10,PRD011,3,27800.54,Net Banking,Delivered
ORD005220,CUST01138,2025-09-17,PRD008,1,2849.66,Credit Card,Delivered
ORD005221,CUST00940,2026-07-13,PRD003,2,85564.66,Credit Card,Delivered
ORD005222,CUST00696,2025-06-27,PRD012,2,2886.18,Credit Card,Returned
ORD005223,CUST00523,2025-07-13,PRD001,2,4749.61,COD,Delivered
ORD005224,CUST00401,2026-05-27,PRD012,2,2790.64,COD,Cancelled
ORD005225,CUST00587,2025-07-24,PRD009,1,24192.36,Credit Card,Delivered
ORD005226,CUST01200,2025-08-17,PRD009,1,24396.01,Debit Card,Delivered
ORD005227,CUST00269,2026-06-18,PRD012,1,1432.01,Net Banking,Delivered
ORD005228,CUST00853,2026-01-12,PRD011,2,19576.11,Credit Card,Delivered
ORD005229,CUST00970,2026-01-07,PRD004,1,3452.3,Credit Card,Delivered
ORD005230,CUST00639,2026-06-27,PRD001,2,4526.45,UPI,Delivered
ORD005231,CUST00842,2026-06-02,PRD007,1,976.98,UPI,Delivered
ORD005232,CUST00537,2026-01-11,PRD012,1,1408.81,Credit Card,Delivered
ORD005233,CUST00524,2026-01-26,PRD012,1,1480.06,Credit Card,Delivered
ORD005234,CUST00822,2026-03-28,PRD003,2,78962.91,Credit Card,Delivered
ORD005235,CUST00400,2025-08-28,PRD006,2,2409.89,Debit Card,Delivered
ORD005236,CUST00744,2026-01-13,PRD012,1,1481.62,Debit Card,Cancelled
ORD005237,CUST00417,2025-08-28,PRD005,1,1634.22,UPI,Delivered
ORD005238,CUST00957,2026-07-17,PRD006,1,1203.52,Net Banking,Returned
ORD005239,CUST00681,2026-05-01,PRD008,3,8785.85,UPI,Delivered
ORD005240,CUST01136,2025-04-11,PRD009,3,73919.24,Debit Card,Delivered
ORD005241,CUST00776,2026-07-30,PRD004,2,6555.09,Credit Card,Delivered
ORD005242,CUST00228,2025-11-02,PRD002,2,28471.46,Net Banking,Delivered
ORD005243,CUST00356,2026-03-11,PRD005,3,4953.38,Net Banking,Delivered
ORD005244,CUST01027,2025-08-13,PRD008,1,2917.56,Debit Card,Delivered
ORD005245,CUST00440,2025-04-18,PRD011,2,19762.33,Debit Card,Delivered
ORD005246,CUST01168,2025-04-27,PRD002,1,13502.25,COD,Delivered
ORD005247,CUST00648,2026-08-15,PRD002,1,14914.81,UPI,Delivered
ORD005248,CUST01084,2026-02-01,PRD004,1,3348.14,Credit Card,Delivered
ORD005249,CUST00100,2025-05-17,PRD006,2,2483.09,Debit Card,Returned
ORD005250,CUST00665,2025-12-03,PRD012,1,1352.95,Net Banking,Delivered
ORD005251,CUST00188,2025-11-29,PRD003,1,39988.47,Credit Card,Delivered
ORD005252,CUST00980,2025-10-02,PRD009,3,74835.6,Credit Card,Delivered
ORD005253,CUST00632,2026-01-07,PRD004,3,10305.92,UPI,Delivered
ORD005254,CUST00551,2025-08-10,PRD011,2,18839.55,Net Banking,Delivered
ORD005255,CUST00798,2026-02-03,PRD002,3,44137.57,Net Banking,Delivered
ORD005256,CUST00847,2026-01-18,PRD004,3,9772.19,UPI,Delivered
ORD005257,CUST00302,2026-05-23,PRD002,2,28791.24,UPI,Delivered
ORD005258,CUST00791,2025-05-04,PRD006,1,1279.45,Debit Card,Delivered
ORD005259,CUST00897,2025-06-19,PRD002,1,13652.65,Credit Card,Delivered
ORD005260,CUST00653,2026-03-06,PRD001,1,2296.83,COD,Cancelled
ORD005261,CUST00091,2026-01-22,PRD001,1,2295.89,COD,Cancelled
ORD005262,CUST00339,2026-07-02,PRD009,2,48944.05,Net Banking,Delivered
ORD005263,CUST00465,2026-02-24,PRD011,1,9171.73,Net Banking,Delivered
ORD005264,CUST00801,2025-03-30,PRD002,1,14424.69,Debit Card,Cancelled
ORD005265,CUST00289,2025-07-16,PRD006,1,1249.44,COD,Returned
ORD005266,CUST00928,2026-04-07,PRD009,1,24827.59,UPI,Delivered
ORD005267,CUST00586,2025-06-20,PRD002,1,13703.71,COD,Returned
ORD005268,CUST00029,2026-08-19,PRD011,2,18974.78,Credit Card,Delivered
ORD005269,CUST01093,2026-06-30,PRD007,1,934.46,Debit Card,Cancelled
ORD005270,CUST00348,2025-12-21,PRD009,3,69912.63,Net Banking,Delivered
ORD005271,CUST00560,2026-09-06,PRD008,1,2908.29,Credit Card,Delivered
ORD005272,CUST01004,2025-03-23,PRD012,2,2875.99,UPI,Delivered
ORD005273,CUST00697,2025-12-28,PRD006,2,2460.11,Net Banking,Delivered
ORD005274,CUST01095,2025-08-15,PRD004,2,6309.31,Debit Card,Delivered
ORD005275,CUST00205,2026-05-24,PRD001,1,2400.35,Net Banking,Delivered
ORD005276,CUST00212,2026-05-14,PRD006,1,1275.27,Credit Card,Cancelled
ORD005277,CUST01167,2025-06-30,PRD001,1,2451.14,UPI,Delivered
ORD005278,CUST00274,2026-01-10,PRD009,1,24080.72,Net Banking,Cancelled
ORD005279,CUST00785,2025-04-22,PRD007,3,2882.34,Credit Card,Delivered
ORD005280,CUST00732,2025-07-12,PRD005,3,5352.34,UPI,Delivered
ORD005281,CUST00996,2026-03-16,PRD006,1,1180.41,UPI,Cancelled
ORD005282,CUST01025,2025-07-02,PRD005,1,1738.43,COD,Delivered
ORD005283,CUST00637,2025-12-31,PRD011,1,9525.44,Credit Card,Delivered
ORD005284,CUST00569,2025-09-22,PRD006,2,2468.54,Net Banking,Delivered
ORD005285,CUST00480,2025-10-25,PRD006,2,2425.59,Debit Card,Delivered
ORD005286,CUST00501,2026-02-03,PRD008,2,5965.14,Debit Card,Cancelled
ORD005287,CUST00078,2026-07-25,PRD008,3,8926.06,Debit Card,Returned
ORD005288,CUST00661,2025-08-23,PRD008,1,2956.93,Net Banking,Delivered
ORD005289,CUST00723,2025-08-02,PRD012,3,4081.5,Credit Card,Delivered
ORD005290,CUST00678,2026-06-26,PRD012,2,2823.91,Net Banking,Returned
ORD005291,CUST00106,2025-05-27,PRD002,3,41958.0,Credit Card,Delivered
ORD005292,CUST00324,2025-11-02,PRD008,2,5942.69,Net Banking,Cancelled
ORD005293,CUST00561,2026-03-06,PRD010,3,5992.24,Debit Card,Cancelled
ORD005294,CUST00332,2025-12-14,PRD004,2,6476.51,Net Banking,Delivered
ORD005295,CUST01155,2026-08-31,PRD010,1,1963.0,Net Banking,Delivered
ORD005296,CUST00696,2025-10-25,PRD005,1,1629.69,Debit Card,Delivered
ORD005297,CUST00184,2025-07-02,PRD006,2,2582.76,Debit Card,Cancelled
ORD005298,CUST00294,2025-08-04,PRD007,2,1892.06,Debit Card,Cancelled
ORD005299,CUST00454,2025-05-29,PRD012,2,2910.21,Credit Card,Delivered
ORD005300,CUST00988,2025-06-28,PRD007,3,2745.56,Debit Card,Delivered
ORD005301,CUST00855,2026-03-02,PRD002,1,,Credit Card,Delivered
ORD005302,CUST00045,2025-05-24,PRD005,1,1644.42,COD,Delivered
ORD005303,CUST00504,2026-03-18,PRD004,1,3175.77,Net Banking,Returned
ORD005304,CUST01021,2025-05-31,PRD009,2,45717.79,Credit Card,Delivered
ORD005305,CUST00784,2025-04-11,PRD006,2,2387.2,Credit Card,Returned
ORD005306,CUST01040,2026-09-10,PRD001,1,2487.62,UPI,Delivered
ORD005307,CUST00986,2026-04-27,PRD002,2,27733.78,Credit Card,Delivered
ORD005308,CUST00126,2026-04-19,PRD009,1,22716.18,Debit Card,Delivered
ORD005309,CUST00512,2026-03-25,PRD007,3,2826.14,Credit Card,Returned
ORD005310,CUST00033,2025-05-31,PRD011,2,18172.51,COD,Delivered
ORD005311,CUST01134,2025-07-16,PRD009,1,24209.42,UPI,Cancelled
ORD005312,CUST00065,2026-08-21,PRD010,1,1896.16,COD,Delivered
ORD005313,CUST01022,2026-01-25,PRD008,2,5910.02,Debit Card,Delivered
ORD005314,CUST00935,2026-03-08,PRD007,1,928.95,Net Banking,Delivered
ORD005315,CUST00120,2026-04-12,PRD004,1,3325.54,Net Banking,Returned
ORD005316,CUST00678,2026-06-12,PRD012,1,1464.75,UPI,Delivered
ORD005317,CUST00221,2025-03-28,PRD001,1,2300.16,Debit Card,Delivered
ORD005318,CUST00761,2025-05-17,PRD004,1,3337.12,Credit Card,Returned
ORD005319,CUST00394,2025-07-10,PRD012,1,1490.93,UPI,Delivered
ORD005320,CUST00422,2025-06-06,PRD006,3,3534.51,Net Banking,Cancelled
ORD005321,CUST00645,2026-04-16,PRD006,3,3688.32,Credit Card,Cancelled
ORD005322,CUST00772,2026-05-19,PRD005,1,1763.07,COD,Delivered
ORD005323,CUST00030,2026-07-03,PRD007,2,1819.4,UPI,Delivered
ORD005324,CUST00609,2025-09-12,PRD005,2,3294.76,COD,Delivered
ORD005325,CUST00586,2025-10-29,PRD009,1,23136.51,Credit Card,Cancelled
ORD005326,CUST00929,2026-03-12,PRD012,2,2714.55,Net Banking,Delivered
ORD005327,CUST00578,2026-03-23,PRD001,2,4910.56,Credit Card,Delivered
ORD005328,CUST00707,2025-11-15,PRD003,3,119049.91,Debit Card,Delivered
ORD005329,CUST01039,2025-07-07,PRD010,1,1952.71,Credit Card,Delivered
ORD005330,CUST00767,2026-02-26,PRD009,1,23825.85,Net Banking,Delivered
ORD005331,CUST00174,2025-07-10,PRD010,3,5828.08,Debit Card,Returned
ORD005332,CUST00734,2025-09-27,PRD002,2,27999.57,Net Banking,Delivered
ORD005333,CUST00138,2026-07-03,PRD012,3,4171.55,COD,Cancelled
ORD005334,CUST00601,2026-06-27,PRD005,2,3353.85,Credit Card,Delivered
ORD005335,CUST01197,2026-03-13,PRD001,1,2491.14,Credit Card,Delivered
ORD005336,CUST00621,2025-12-10,PRD003,3,122489.3,Debit Card,Delivered
ORD005337,CUST00677,2026-08-15,PRD005,2,3521.53,Net Banking,Returned
ORD005338,CUST00340,2025-11-12,PRD008,2,5606.12,UPI,Delivered
ORD005339,CUST00256,2025-08-04,PRD011,1,9937.89,Net Banking,Delivered
ORD005340,CUST00468,2025-11-09,PRD007,2,1926.41,Debit Card,Delivered
ORD005341,CUST00092,2025-06-14,PRD012,1,1453.68,UPI,Delivered
ORD005342,CUST00635,2026-05-16,PRD011,1,9899.32,UPI,Delivered
ORD005343,CUST01015,2026-06-14,PRD004,1,3297.23,Credit Card,Cancelled
ORD005344,CUST00217,2026-04-29,PRD007,1,928.88,COD,Delivered
ORD005345,CUST00867,2025-12-29,PRD010,1,1948.18,COD,Returned
ORD005346,CUST00550,2025-07-09,PRD006,2,2384.31,Debit Card,Delivered
ORD005347,CUST00592,2025-05-19,PRD011,1,9710.66,Credit Card,Cancelled
ORD005348,CUST00258,2025-08-23,PRD009,2,49493.59,Debit Card,Delivered
ORD005349,CUST00185,2025-08-21,PRD006,3,3860.86,COD,Delivered
ORD005350,CUST01068,2025-06-24,PRD009,1,24355.81,UPI,Delivered
ORD005351,CUST00666,2026-05-10,PRD006,2,,COD,Delivered
ORD005352,CUST00850,2025-12-01,PRD009,2,49899.77,Net Banking,Returned
ORD005353,CUST00491,2026-05-06,PRD007,3,2772.49,UPI,Delivered
ORD005354,CUST00700,2025-04-25,PRD010,1,1938.15,UPI,Delivered
ORD005355,CUST00147,2025-11-21,PRD004,1,3294.42,Credit Card,Delivered
ORD005356,CUST00384,2025-08-31,PRD003,1,42702.76,Net Banking,Delivered
ORD005357,CUST00305,2025-07-20,PRD006,2,2355.7,Credit Card,Delivered
ORD005358,CUST00167,2025-07-07,PRD003,3,127752.7,COD,Cancelled
ORD005359,CUST00639,2026-06-30,PRD009,3,71845.13,Net Banking,Returned
ORD005360,CUST00623,2026-06-17,PRD009,2,49134.42,Net Banking,Delivered
ORD005361,CUST00837,2026-08-23,PRD012,1,1412.79,Credit Card,Delivered
ORD005362,CUST00120,2025-08-13,PRD006,1,1175.72,Credit Card,Delivered
ORD005363,CUST00797,2025-12-05,PRD010,1,1868.57,Net Banking,Delivered
ORD005364,CUST00161,2025-11-12,PRD007,1,899.53,UPI,Delivered
ORD005365,CUST00275,2025-06-01,PRD008,1,2974.02,UPI,Delivered
ORD005366,CUST00227,2026-05-16,PRD008,2,5462.93,Net Banking,Delivered
ORD005367,CUST00186,2026-03-04,PRD010,2,3695.64,UPI,Returned
ORD005368,CUST01074,2025-10-14,PRD006,3,3823.85,UPI,Delivered
ORD005369,CUST00861,2026-09-04,PRD003,1,40475.94,Debit Card,Delivered
ORD005370,CUST00855,2026-01-12,PRD008,1,2804.9,COD,Delivered
ORD005371,CUST00766,2026-03-02,PRD007,2,1831.41,Net Banking,Cancelled
ORD005372,CUST01067,2025-06-07,PRD005,1,1672.7,UPI,Delivered
ORD005373,CUST00073,2025-08-12,PRD004,3,9660.64,Credit Card,Delivered
ORD005374,CUST00262,2025-10-07,PRD005,2,3398.13,COD,Delivered
ORD005375,CUST00424,2025-08-05,PRD012,1,1457.72,Debit Card,Delivered
ORD005376,CUST00847,2025-05-13,PRD002,1,14534.78,Credit Card,Delivered
ORD005377,CUST00027,2026-06-29,PRD004,2,6888.18,Net Banking,Delivered
ORD005378,CUST00675,2025-12-24,PRD009,3,74746.39,UPI,Delivered
ORD005379,CUST01152,2025-09-04,PRD006,1,1294.81,UPI,Delivered
ORD005380,CUST00211,2025-10-25,PRD002,3,42758.47,UPI,Delivered
ORD005381,CUST00956,2025-04-24,PRD008,2,5961.57,COD,Delivered
ORD005382,CUST00869,2026-08-19,PRD007,2,1928.26,Net Banking,Delivered
ORD005383,CUST00623,2025-05-17,PRD008,1,,Credit Card,Delivered
ORD005384,CUST00849,2026-07-19,PRD006,2,2425.57,Credit Card,Delivered
ORD005385,CUST00412,2025-08-04,PRD011,2,19432.31,Net Banking,Delivered
ORD005386,CUST00570,2025-07-30,PRD001,1,2303.76,Credit Card,Delivered
ORD005387,CUST00221,2026-08-20,PRD011,1,9250.01,Debit Card,Delivered
ORD005388,CUST00259,2026-08-05,PRD012,2,2797.14,COD,Delivered
ORD005389,CUST00201,2026-06-26,PRD010,3,5885.03,Credit Card,Delivered
ORD005390,CUST00112,2026-01-25,PRD006,2,2482.51,COD,Delivered
ORD005391,CUST00138,2026-08-02,PRD003,3,121231.6,Credit Card,Returned
ORD005392,CUST00582,2026-07-31,PRD010,1,1919.77,Net Banking,Cancelled
ORD005393,CUST00729,2026-02-22,PRD003,3,122615.93,Net Banking,Delivered
ORD005394,CUST01030,2026-08-30,PRD003,1,39016.59,UPI,Delivered
ORD005395,CUST00567,2025-03-22,PRD010,2,3763.58,Net Banking,Delivered
ORD005396,CUST00183,2026-08-20,PRD004,2,6583.87,Debit Card,Cancelled
ORD005397,CUST00903,2025-09-13,PRD007,1,989.23,Credit Card,Delivered
ORD005398,CUST00275,2026-03-28,PRD012,2,2868.34,Debit Card,Delivered
ORD005399,CUST00551,2026-01-14,PRD012,2,2705.3,Credit Card,Delivered
ORD005400,CUST01153,2026-01-21,PRD005,2,3447.03,Debit Card,Returned
ORD005401,CUST00389,2025-03-21,PRD011,3,29218.14,Debit Card,Returned
ORD005402,CUST00939,2025-07-03,PRD008,2,5444.28,Credit Card,Returned
ORD005403,CUST01111,2025-05-18,PRD009,2,46697.81,UPI,Delivered
ORD005404,CUST01194,2025-09-02,PRD002,3,42057.25,COD,Delivered
ORD005405,CUST00909,2026-05-07,PRD009,1,23019.8,Debit Card,Delivered
ORD005406,CUST00784,2025-08-03,PRD004,2,6944.59,Net Banking,Returned
ORD005407,CUST00584,2026-05-29,PRD002,1,13545.13,COD,Delivered
ORD005408,CUST00218,2026-01-31,PRD009,1,23523.47,Net Banking,Delivered
ORD005409,CUST01010,2026-02-23,PRD009,1,23594.91,UPI,Delivered
ORD005410,CUST00287,2026-03-17,PRD001,1,2427.02,Net Banking,Delivered
ORD005411,CUST01125,2026-08-21,PRD002,1,14636.55,Net Banking,Delivered
ORD005412,CUST00875,2026-01-20,PRD007,2,1842.12,Credit Card,Delivered
ORD005413,CUST00036,2025-09-29,PRD004,3,9757.21,Debit Card,Delivered
ORD005414,CUST01031,2025-10-12,PRD004,2,6636.21,COD,Delivered
ORD005415,CUST00207,2026-02-21,PRD010,3,5605.7,Debit Card,Delivered
ORD005416,CUST01005,2026-07-14,PRD005,1,1707.09,UPI,Delivered
ORD005417,CUST00651,2025-09-12,PRD005,2,3310.6,Credit Card,Returned
ORD005418,CUST00156,2026-06-27,PRD007,1,899.66,Debit Card,Cancelled
ORD005419,CUST00555,2025-09-29,PRD007,2,1897.13,Credit Card,Delivered
ORD005420,CUST00103,2026-05-04,PRD006,2,2449.59,UPI,Delivered
ORD005421,CUST00120,2026-01-02,PRD003,1,,Net Banking,Delivered
ORD005422,CUST00361,2025-12-12,PRD007,2,1852.57,COD,Delivered
ORD005423,CUST01042,2025-11-08,PRD001,3,,UPI,Delivered
ORD005424,CUST00627,2026-01-18,PRD001,1,2345.59,Debit Card,Cancelled
ORD005425,CUST00957,2026-03-28,PRD012,1,1359.64,Net Banking,Delivered
ORD005426,CUST00114,2025-05-15,PRD001,2,4751.33,Debit Card,Delivered
ORD005427,CUST00528,2026-07-17,PRD007,2,1939.88,Debit Card,Delivered
ORD005428,CUST01017,2025-07-23,PRD005,1,1754.61,Credit Card,Returned
ORD005429,CUST01176,2026-07-01,PRD011,1,9275.37,Credit Card,Delivered
ORD005430,CUST00220,2025-07-09,PRD010,2,3828.18,COD,Delivered
ORD005431,CUST00139,2025-10-29,PRD009,1,23001.9,UPI,Delivered
ORD005432,CUST00718,2026-09-09,PRD005,1,1716.53,Debit Card,Delivered
ORD005433,CUST00359,2025-04-29,PRD006,3,3541.04,Net Banking,Delivered
ORD005434,CUST00086,2026-03-23,PRD004,1,3449.95,UPI,Delivered
ORD005435,CUST01184,2026-08-30,PRD005,1,1669.96,Credit Card,Delivered
ORD005436,CUST00643,2025-11-14,PRD010,2,3893.38,Net Banking,Delivered
ORD005437,CUST00075,2025-06-02,PRD012,3,4394.29,Credit Card,Delivered
ORD005438,CUST01143,2026-04-23,PRD009,3,70637.71,COD,Delivered
ORD005439,CUST00798,2025-07-16,PRD007,1,937.79,Credit Card,Delivered
ORD005440,CUST01073,2025-05-12,PRD010,1,1966.52,Credit Card,Returned
ORD005441,CUST00635,2025-08-06,PRD001,3,7206.04,COD,Delivered
ORD005442,CUST01127,2026-07-29,PRD004,2,6501.28,Credit Card,Delivered
ORD005443,CUST00044,2025-10-27,PRD009,1,23517.73,Credit Card,Delivered
ORD005444,CUST01165,2026-09-07,PRD011,1,9871.61,COD,Delivered
ORD005445,CUST00018,2026-03-03,PRD003,2,79482.41,Credit Card,Cancelled
ORD005446,CUST00010,2026-07-14,PRD008,1,2791.74,UPI,Delivered
ORD005447,CUST01129,2026-07-16,PRD006,1,1276.25,UPI,Delivered
ORD005448,CUST00160,2025-05-10,PRD008,2,5602.8,COD,Delivered
ORD005449,CUST00832,2026-08-01,PRD008,2,5480.13,Net Banking,Delivered
ORD005450,CUST01132,2026-02-14,PRD010,1,1973.93,UPI,Cancelled
ORD005451,CUST00320,2025-05-10,PRD009,2,47187.38,UPI,Delivered
ORD005452,CUST00733,2025-08-03,PRD009,2,45926.66,UPI,Cancelled
ORD005453,CUST00429,2026-02-07,PRD007,1,947.93,COD,Delivered
ORD005454,CUST00227,2026-04-28,PRD010,3,5852.85,COD,Delivered
ORD005455,CUST00359,2026-08-09,PRD007,1,987.06,UPI,Delivered
ORD005456,CUST00388,2025-07-29,PRD007,1,940.48,Debit Card,Delivered
ORD005457,CUST00745,2025-12-03,PRD002,3,41920.8,COD,Cancelled
ORD005458,CUST00730,2025-08-17,PRD003,1,39991.0,Debit Card,Delivered
ORD005459,CUST01062,2025-06-19,PRD009,1,23306.91,COD,Delivered
ORD005460,CUST01175,2026-05-03,PRD001,3,7137.61,UPI,Delivered
ORD005461,CUST00211,2026-04-18,PRD002,1,14213.54,Credit Card,Cancelled
ORD005462,CUST00476,2026-08-03,PRD009,1,23648.92,Debit Card,Delivered
ORD005463,CUST00862,2025-12-10,PRD008,1,2717.18,COD,Delivered
ORD005464,CUST01090,2026-09-07,PRD001,2,4750.1,Credit Card,Delivered
ORD005465,CUST00139,2026-05-24,PRD010,1,,UPI,Delivered
ORD005466,CUST00364,2026-07-13,PRD008,1,2827.55,Credit Card,Delivered
ORD005467,CUST00613,2025-05-14,PRD012,3,4216.76,Credit Card,Returned
ORD005468,CUST00424,2025-12-17,PRD009,2,46501.41,Debit Card,Delivered
ORD005469,CUST00284,2025-07-22,PRD005,1,1680.09,Debit Card,Delivered
ORD005470,CUST00691,2026-01-25,PRD012,2,2979.58,Credit Card,Returned
ORD005471,CUST00825,2025-03-21,PRD004,2,6874.76,Credit Card,Delivered
ORD005472,CUST00341,2026-04-01,PRD005,3,5347.35,COD,Cancelled
ORD005473,CUST00182,2026-08-07,PRD007,1,973.77,COD,Delivered
ORD005474,CUST00330,2026-05-01,PRD012,3,4331.48,Net Banking,Delivered
ORD005475,CUST00948,2026-01-15,PRD012,1,1457.53,Credit Card,Delivered
ORD005476,CUST00442,2025-06-17,PRD011,2,19367.12,Debit Card,Delivered
ORD005477,CUST00572,2026-04-24,PRD008,2,5849.31,Credit Card,Cancelled
ORD005478,CUST00847,2026-09-01,PRD009,1,24668.55,UPI,Delivered
ORD005479,CUST00318,2026-01-23,PRD003,3,119715.9,Credit Card,Delivered
ORD005480,CUST00457,2026-03-16,PRD003,2,77406.6,COD,Cancelled
ORD005481,CUST00380,2025-07-02,PRD006,1,1201.67,UPI,Delivered
ORD005482,CUST01028,2026-06-08,PRD006,1,1205.24,Net Banking,Delivered
ORD005483,CUST00337,2025-07-25,PRD006,2,2568.85,Credit Card,Returned
ORD005484,CUST00176,2025-04-14,PRD005,1,1660.88,COD,Delivered
ORD005485,CUST00461,2025-06-25,PRD001,1,2288.71,Credit Card,Delivered
ORD005486,CUST00883,2026-06-10,PRD008,1,2789.9,Net Banking,Delivered
ORD005487,CUST00019,2025-07-05,PRD005,2,3509.85,COD,Delivered
ORD005488,CUST00738,2025-08-27,PRD008,1,2936.98,Net Banking,Delivered
ORD005489,CUST00895,2025-04-23,PRD011,1,9146.84,Debit Card,Delivered
ORD005490,CUST00123,2025-11-18,PRD009,2,47697.57,Net Banking,Delivered
ORD005491,CUST00643,2026-02-18,PRD007,1,920.11,COD,Delivered
ORD005492,CUST00792,2025-04-07,PRD001,3,7365.06,Net Banking,Delivered
ORD005493,CUST00359,2026-04-16,PRD004,1,3446.88,Net Banking,Delivered
ORD005494,CUST00900,2026-04-15,PRD003,2,82997.24,Debit Card,Delivered
ORD005495,CUST00810,2025-10-04,PRD008,3,8285.64,COD,Delivered
ORD005496,CUST00415,2026-05-03,PRD004,1,3251.8,UPI,Returned
ORD005497,CUST00212,2026-05-05,PRD008,1,2989.24,Credit Card,Cancelled
ORD005498,CUST01053,2026-06-14,PRD001,1,2424.28,COD,Delivered
ORD005499,CUST00639,2025-11-09,PRD010,1,1961.01,COD,Delivered
ORD005500,CUST00577,2026-03-27,PRD010,1,1885.68,Credit Card,Delivered
ORD005501,CUST00521,2026-06-14,PRD011,3,29988.68,UPI,Delivered
ORD005502,CUST00469,2025-06-14,PRD002,1,,COD,Cancelled
ORD005503,CUST00844,2025-10-11,PRD004,2,6987.32,Credit Card,Delivered
ORD005504,CUST01074,2025-06-21,PRD005,1,1674.15,Debit Card,Returned
ORD005505,CUST00006,2025-04-08,PRD009,3,72112.03,COD,Delivered
ORD005506,CUST00312,2025-06-23,PRD003,2,83966.79,UPI,Delivered
ORD005507,CUST00004,2026-06-19,PRD009,1,22698.59,COD,Delivered
ORD005508,CUST00850,2025-11-02,PRD012,1,1467.58,Credit Card,Cancelled
ORD005509,CUST00798,2025-05-05,PRD001,1,2253.5,UPI,Delivered
ORD005510,CUST00906,2025-06-14,PRD005,2,3309.89,Net Banking,Delivered
ORD005511,CUST00217,2025-04-29,PRD012,2,2738.4,Debit Card,Returned
ORD005512,CUST00569,2025-10-31,PRD002,1,14438.77,Net Banking,Delivered
ORD005513,CUST01115,2025-11-10,PRD005,1,1776.27,Credit Card,Delivered
ORD005514,CUST00303,2026-04-02,PRD002,2,29622.58,Debit Card,Delivered
ORD005515,CUST00314,2025-06-18,PRD004,2,6540.71,Debit Card,Delivered
ORD005516,CUST00029,2026-04-10,PRD008,1,2891.71,UPI,Returned
ORD005517,CUST00951,2026-04-10,PRD003,2,77604.41,Credit Card,Delivered
ORD005518,CUST00053,2026-07-11,PRD006,3,3519.16,COD,Delivered
ORD005519,CUST00889,2026-01-01,PRD008,1,2801.01,Credit Card,Delivered
ORD005520,CUST00408,2026-07-20,PRD002,2,27762.32,Net Banking,Cancelled
ORD005521,CUST00649,2026-02-03,PRD006,1,1177.67,Net Banking,Cancelled
ORD005522,CUST01132,2026-08-22,PRD012,1,1462.79,Credit Card,Delivered
ORD005523,CUST00321,2026-01-31,PRD001,1,2416.9,Net Banking,Delivered
ORD005524,CUST00148,2025-09-15,PRD006,3,3705.66,Debit Card,Delivered
ORD005525,CUST00285,2025-11-20,PRD002,2,28640.72,UPI,Returned
ORD005526,CUST00324,2026-06-11,PRD007,2,1864.97,UPI,Delivered
ORD005527,CUST00671,2026-02-04,PRD001,2,4991.43,Credit Card,Cancelled
ORD005528,CUST00571,2026-03-12,PRD012,2,2964.24,Debit Card,Delivered
ORD005529,CUST00489,2025-07-15,PRD001,1,2421.03,Credit Card,Returned
ORD005530,CUST00749,2025-11-18,PRD001,3,7111.91,Net Banking,Cancelled
ORD005531,CUST00814,2025-06-21,PRD003,1,40874.11,Debit Card,Delivered
ORD005532,CUST00606,2026-06-15,PRD001,3,7108.53,COD,Returned
ORD005533,CUST00727,2025-11-16,PRD005,1,1725.58,Credit Card,Delivered
ORD005534,CUST01152,2025-09-07,PRD006,3,3581.76,UPI,Delivered
ORD005535,CUST01071,2026-02-11,PRD007,3,2726.08,Net Banking,Delivered
ORD005536,CUST00843,2026-08-03,PRD011,1,9589.82,UPI,Returned
ORD005537,CUST01056,2026-05-26,PRD006,1,1176.53,Debit Card,Delivered
ORD005538,CUST01047,2026-06-15,PRD008,3,8623.22,Debit Card,Delivered
ORD005539,CUST00242,2025-07-04,PRD009,1,23665.61,Credit Card,Delivered
ORD005540,CUST00215,2025-08-27,PRD001,2,4624.72,Debit Card,Delivered
ORD005541,CUST00964,2026-05-12,PRD010,3,5461.6,UPI,Delivered
ORD005542,CUST00966,2025-11-27,PRD002,2,29560.36,UPI,Delivered
ORD005543,CUST00061,2025-05-09,PRD004,3,9861.39,Net Banking,Delivered
ORD005544,CUST00568,2026-01-28,PRD009,2,49665.17,Credit Card,Delivered
ORD005545,CUST00981,2026-05-25,PRD005,1,1691.93,UPI,Delivered
ORD005546,CUST00907,2025-05-28,PRD003,1,41836.36,Debit Card,Delivered
ORD005547,CUST00963,2025-04-19,PRD005,1,1719.54,Net Banking,Delivered
ORD005548,CUST00004,2026-04-22,PRD004,2,6445.65,Credit Card,Delivered
ORD005549,CUST00729,2026-01-03,PRD003,2,82434.5,Debit Card,Delivered
ORD005550,CUST00010,2026-06-26,PRD005,1,1758.29,UPI,Delivered
ORD005551,CUST00824,2026-01-17,PRD001,1,2442.56,Debit Card,Delivered
ORD005552,CUST00990,2025-10-20,PRD008,1,2974.42,COD,Delivered
ORD005553,CUST01149,2026-03-06,PRD005,2,3316.29,UPI,Delivered
ORD005554,CUST00876,2026-04-09,PRD004,2,6346.83,Debit Card,Delivered
ORD005555,CUST00307,2026-06-05,PRD005,3,4991.41,Credit Card,Delivered
ORD005556,CUST00999,2025-04-18,PRD007,1,982.01,Net Banking,Delivered
ORD005557,CUST00472,2025-06-26,PRD010,1,1990.27,Debit Card,Delivered
ORD005558,CUST00493,2026-07-06,PRD010,1,1938.67,COD,Delivered
ORD005559,CUST00086,2026-05-26,PRD009,3,70090.14,Credit Card,Delivered
ORD005560,CUST01145,2025-07-28,PRD008,1,2958.54,UPI,Delivered
ORD005561,CUST00173,2025-04-17,PRD005,2,3414.08,Debit Card,Returned
ORD005562,CUST00933,2026-06-27,PRD006,1,1195.3,COD,Cancelled
ORD005563,CUST00949,2026-01-08,PRD001,1,2487.2,UPI,Cancelled
ORD005564,CUST01180,2025-04-30,PRD007,2,1918.71,Debit Card,Delivered
ORD005565,CUST00798,2026-01-06,PRD006,2,2455.3,Net Banking,Delivered
ORD005566,CUST00789,2025-05-05,PRD002,1,14659.0,Debit Card,Delivered
ORD005567,CUST00044,2025-12-29,PRD006,2,2571.25,Net Banking,Delivered
ORD005568,CUST01189,2025-05-10,PRD002,1,14617.75,Debit Card,Delivered
ORD005569,CUST00225,2025-08-09,PRD012,3,4444.68,COD,Delivered
ORD005570,CUST00570,2026-01-11,PRD004,1,3398.72,Credit Card,Delivered
ORD005571,CUST00214,2026-06-11,PRD011,2,19010.6,COD,Delivered
ORD005572,CUST00140,2025-04-13,PRD011,3,29766.61,Net Banking,Delivered
ORD005573,CUST00207,2025-12-10,PRD007,1,917.19,COD,Delivered
ORD005574,CUST00507,2026-06-16,PRD005,1,1666.54,Debit Card,Delivered
ORD005575,CUST00901,2025-06-04,PRD009,3,74494.85,UPI,Delivered
ORD005576,CUST00298,2026-05-21,PRD007,1,968.45,Net Banking,Returned
ORD005577,CUST00137,2026-04-02,PRD009,1,23966.16,UPI,Returned
ORD005578,CUST00341,2025-05-08,PRD008,2,5906.75,Net Banking,Delivered
ORD005579,CUST00752,2025-06-08,PRD011,1,9954.29,Net Banking,Delivered
ORD005580,CUST00132,2025-11-14,PRD010,2,3810.03,UPI,Delivered
ORD005581,CUST00713,2025-11-03,PRD011,2,19749.36,Credit Card,Cancelled
ORD005582,CUST00953,2026-02-26,PRD012,1,1468.24,Credit Card,Delivered
ORD005583,CUST00934,2025-05-03,PRD007,1,931.15,Net Banking,Delivered
ORD005584,CUST00827,2026-05-05,PRD008,1,2736.06,Net Banking,Delivered
ORD005585,CUST00524,2025-11-24,PRD005,2,3543.09,Debit Card,Cancelled
ORD005586,CUST00626,2026-03-23,PRD001,1,2432.59,UPI,Delivered
ORD005587,CUST00911,2026-09-08,PRD006,2,2400.15,UPI,Delivered
ORD005588,CUST00105,2025-09-19,PRD012,2,2930.7,COD,Delivered
ORD005589,CUST00996,2025-04-07,PRD003,2,83767.08,Credit Card,Delivered
ORD005590,CUST01151,2025-03-27,PRD009,3,73115.76,Debit Card,Returned
ORD005591,CUST00316,2025-04-04,PRD008,1,2776.66,Net Banking,Cancelled
ORD005592,CUST00995,2026-03-15,PRD010,3,5934.71,Debit Card,Delivered
ORD005593,CUST00236,2025-04-03,PRD011,2,18387.97,COD,Delivered
ORD005594,CUST00836,2026-06-01,PRD011,1,9444.41,Debit Card,Delivered
ORD005595,CUST01042,2025-04-06,PRD008,2,5962.02,Credit Card,Cancelled
ORD005596,CUST00992,2025-09-11,PRD002,1,13982.99,Net Banking,Returned
ORD005597,CUST00293,2026-05-04,PRD006,3,3528.79,COD,Cancelled
ORD005598,CUST01015,2026-05-31,PRD008,1,2757.59,COD,Delivered
ORD005599,CUST00005,2026-01-31,PRD011,1,9927.39,UPI,Delivered
ORD005600,CUST00527,2025-05-04,PRD001,1,,UPI,Delivered
ORD005601,CUST00096,2025-07-01,PRD005,1,1637.02,COD,Delivered
ORD005602,CUST01013,2026-08-17,PRD008,1,2931.95,UPI,Delivered
ORD005603,CUST00897,2025-05-13,PRD002,1,14362.52,COD,Returned
ORD005604,CUST00211,2026-05-18,PRD008,2,5972.5,UPI,Delivered
ORD005605,CUST00841,2026-01-06,PRD005,1,1701.59,Net Banking,Delivered
ORD005606,CUST00049,2025-10-07,PRD012,1,1431.21,UPI,Delivered
ORD005607,CUST00998,2026-05-20,PRD012,2,2738.82,Credit Card,Delivered
ORD005608,CUST00898,2026-04-29,PRD001,1,2327.07,UPI,Cancelled
ORD005609,CUST00812,2026-02-10,PRD011,1,9317.64,Debit Card,Delivered
ORD005610,CUST00863,2026-04-13,PRD005,2,3388.79,Debit Card,Delivered
ORD005611,CUST00787,2026-09-05,PRD008,2,5790.09,Credit Card,Delivered
ORD005612,CUST00893,2025-09-05,PRD010,1,1980.62,Debit Card,Delivered
ORD005613,CUST00719,2026-03-18,PRD001,3,7041.84,UPI,Returned
ORD005614,CUST00487,2026-05-24,PRD005,1,1775.77,COD,Cancelled
ORD005615,CUST00464,2025-12-18,PRD002,1,14655.23,UPI,Delivered
ORD005616,CUST00885,2025-08-24,PRD007,2,1992.03,Debit Card,Delivered
ORD005617,CUST00009,2025-08-25,PRD006,1,1192.32,Credit Card,Cancelled
ORD005618,CUST00234,2025-06-15,PRD012,2,2781.41,Debit Card,Delivered
ORD005619,CUST00459,2026-01-09,PRD012,1,1424.14,COD,Delivered
ORD005620,CUST00151,2025-06-08,PRD008,2,5617.54,UPI,Delivered
ORD005621,CUST00492,2026-03-16,PRD009,1,23631.76,Credit Card,Delivered
ORD005622,CUST00238,2026-01-06,PRD004,2,6608.62,Net Banking,Cancelled
ORD005623,CUST01148,2025-08-23,PRD007,1,982.23,Credit Card,Delivered
ORD005624,CUST00838,2025-12-27,PRD002,1,14159.76,Debit Card,Delivered
ORD005625,CUST00749,2026-05-09,PRD008,1,2986.09,Net Banking,Delivered
ORD005626,CUST00765,2025-06-10,PRD001,2,4744.46,Debit Card,Delivered
ORD005627,CUST00593,2026-06-09,PRD002,1,14014.57,Net Banking,Cancelled
ORD005628,CUST01194,2025-08-24,PRD012,2,2894.81,Debit Card,Delivered
ORD005629,CUST01150,2026-02-19,PRD007,2,1877.95,Debit Card,Delivered
ORD005630,CUST00883,2025-04-12,PRD001,1,2295.85,Debit Card,Delivered
ORD005631,CUST00129,2025-10-11,PRD006,1,1268.0,Net Banking,Delivered
ORD005632,CUST00915,2025-04-11,PRD012,1,1436.8,COD,Delivered
ORD005633,CUST01067,2025-11-10,PRD005,2,3262.28,Credit Card,Delivered
ORD005634,CUST00931,2025-04-04,PRD004,1,3236.99,Debit Card,Cancelled
ORD005635,CUST01086,2026-02-07,PRD011,1,9623.45,COD,Delivered
ORD005636,CUST00867,2025-03-22,PRD012,1,1489.69,COD,Delivered
ORD005637,CUST00183,2025-08-09,PRD007,1,906.79,Credit Card,Delivered
ORD005638,CUST00884,2025-07-31,PRD006,1,1187.43,Debit Card,Delivered
ORD005639,CUST00921,2025-09-23,PRD001,3,6818.36,UPI,Delivered
ORD005640,CUST00220,2025-09-21,PRD005,2,3298.58,COD,Delivered
ORD005641,CUST00149,2025-10-02,PRD010,2,3615.62,Net Banking,Delivered
ORD005642,CUST00515,2025-12-24,PRD004,2,6961.89,Net Banking,Cancelled
ORD005643,CUST00245,2026-01-01,PRD003,2,81590.89,Net Banking,Delivered
ORD005644,CUST00512,2025-10-25,PRD001,3,7385.8,Debit Card,Delivered
ORD005645,CUST01055,2026-01-19,PRD009,2,45057.79,Net Banking,Delivered
ORD005646,CUST00086,2025-07-26,PRD009,1,22980.56,Debit Card,Delivered
ORD005647,CUST00052,2025-06-09,PRD006,1,1265.37,UPI,Delivered
ORD005648,CUST00695,2025-08-13,PRD007,3,2984.17,Net Banking,Delivered
ORD005649,CUST00885,2025-07-22,PRD010,2,3671.91,UPI,Delivered
ORD005650,CUST00484,2025-09-10,PRD002,1,14121.32,Debit Card,Delivered
ORD005651,CUST00857,2026-03-13,PRD001,1,2267.86,Debit Card,Delivered
ORD005652,CUST00881,2025-10-04,PRD008,2,5484.68,UPI,Cancelled
ORD005653,CUST00306,2026-06-07,PRD012,3,4203.22,Net Banking,Cancelled
ORD005654,CUST00390,2026-05-18,PRD007,1,980.84,Debit Card,Delivered
ORD005655,CUST01043,2025-10-09,PRD009,1,24224.64,Debit Card,Delivered
ORD005656,CUST00154,2025-04-12,PRD003,2,82375.12,UPI,Delivered
ORD005657,CUST00502,2026-04-10,PRD004,1,3239.97,COD,Cancelled
ORD005658,CUST00757,2026-02-21,PRD007,3,2911.72,UPI,Delivered
ORD005659,CUST00860,2025-04-18,PRD007,1,985.08,Net Banking,Delivered
ORD005660,CUST00198,2025-07-11,PRD004,1,3350.19,Debit Card,Delivered
ORD005661,CUST00118,2025-10-28,PRD005,1,1721.61,COD,Delivered
ORD005662,CUST00596,2026-06-26,PRD011,1,9350.77,Net Banking,Delivered
ORD005663,CUST00790,2026-01-16,PRD003,3,123366.78,Debit Card,Cancelled
ORD005664,CUST00390,2026-02-17,PRD003,1,38797.86,Credit Card,Returned
ORD005665,CUST00556,2026-05-19,PRD012,2,2813.79,UPI,Delivered
ORD005666,CUST00382,2025-03-30,PRD007,1,965.98,Net Banking,Returned
ORD005667,CUST00746,2026-02-21,PRD006,2,2479.55,UPI,Delivered
ORD005668,CUST01033,2026-02-27,PRD012,1,1477.3,Credit Card,Delivered
ORD005669,CUST01181,2026-08-09,PRD004,1,3161.74,Credit Card,Returned
ORD005670,CUST00756,2026-08-02,PRD005,3,5008.01,Credit Card,Returned
ORD005671,CUST00971,2025-06-28,PRD009,2,47726.72,Net Banking,Delivered
ORD005672,CUST00256,2025-04-24,PRD010,1,1921.42,Debit Card,Delivered
ORD005673,CUST00781,2025-08-12,PRD010,1,1931.89,Net Banking,Delivered
ORD005674,CUST00850,2025-04-15,PRD003,2,78801.97,Credit Card,Delivered
ORD005675,CUST00849,2025-05-26,PRD009,1,22934.13,Debit Card,Delivered
ORD005676,CUST00473,2025-10-18,PRD005,1,1729.38,Net Banking,Delivered
ORD005677,CUST00706,2026-06-14,PRD006,3,3832.71,UPI,Delivered
ORD005678,CUST00330,2025-05-27,PRD003,2,84801.71,COD,Delivered
ORD005679,CUST00166,2026-01-15,PRD011,1,9563.07,Debit Card,Delivered
ORD005680,CUST00037,2025-12-31,PRD003,3,125880.44,Debit Card,Delivered
ORD005681,CUST00548,2025-03-23,PRD008,1,2899.12,Debit Card,Cancelled
ORD005682,CUST00196,2026-02-21,PRD011,1,9620.32,UPI,Delivered
ORD005683,CUST00445,2025-08-07,PRD003,1,39230.98,Net Banking,Cancelled
ORD005684,CUST00884,2026-06-26,PRD011,3,28403.14,Net Banking,Delivered
ORD005685,CUST00103,2025-06-24,PRD007,2,1989.95,Debit Card,Delivered
ORD005686,CUST00964,2026-08-15,PRD008,3,8773.11,UPI,Delivered
ORD005687,CUST00163,2025-12-15,PRD011,1,9550.35,Net Banking,Delivered
ORD005688,CUST00513,2026-08-05,PRD004,3,10032.83,COD,Delivered
ORD005689,CUST00037,2025-12-24,PRD002,3,42606.65,COD,Delivered
ORD005690,CUST00709,2025-10-11,PRD011,1,9932.2,Debit Card,Delivered
ORD005691,CUST00292,2026-05-07,PRD003,1,39670.78,Net Banking,Delivered
ORD005692,CUST00266,2025-12-31,PRD003,1,42504.82,COD,Delivered
ORD005693,CUST00977,2025-04-24,PRD008,1,2774.75,COD,Delivered
ORD005694,CUST00695,2025-08-12,PRD001,1,2413.63,Net Banking,Delivered
ORD005695,CUST01077,2025-06-12,PRD006,1,1290.65,Debit Card,Delivered
ORD005696,CUST01078,2025-04-25,PRD005,2,3319.97,COD,Delivered
ORD005697,CUST00389,2026-04-01,PRD009,1,23489.65,Net Banking,Delivered
ORD005698,CUST01002,2026-02-18,PRD009,2,45879.89,UPI,Returned
ORD005699,CUST00585,2025-08-27,PRD008,1,2886.79,Net Banking,Delivered
ORD005700,CUST01148,2025-06-21,PRD004,1,3426.08,Debit Card,Delivered
ORD005701,CUST00916,2026-01-23,PRD008,1,2871.91,Credit Card,Returned
ORD005702,CUST00619,2026-03-17,PRD003,2,78523.07,UPI,Delivered
ORD005703,CUST00308,2026-04-19,PRD006,1,1279.8,COD,Delivered
ORD005704,CUST00631,2025-10-27,PRD005,2,3398.35,COD,Cancelled
ORD005705,CUST01076,2025-06-14,PRD011,1,9760.74,Net Banking,Delivered
ORD005706,CUST00890,2025-07-30,PRD004,3,10412.51,Credit Card,Delivered
ORD005707,CUST01176,2025-11-02,PRD006,2,2540.91,Debit Card,Cancelled
ORD005708,CUST01200,2026-04-12,PRD003,3,117577.75,Net Banking,Delivered
ORD005709,CUST00687,2025-10-05,PRD012,2,2983.87,Debit Card,Delivered
ORD005710,CUST00106,2026-04-16,PRD002,2,27639.45,COD,Delivered
ORD005711,CUST01170,2025-12-31,PRD007,1,918.75,Net Banking,Delivered
ORD005712,CUST00777,2025-07-14,PRD006,1,1242.2,Net Banking,Cancelled
ORD005713,CUST01011,2025-09-04,PRD011,2,19414.06,Net Banking,Delivered
ORD005714,CUST00315,2026-05-15,PRD003,1,41786.85,UPI,Delivered
ORD005715,CUST00048,2025-05-04,PRD001,1,2293.56,COD,Cancelled
ORD005716,CUST00853,2026-07-05,PRD010,1,1863.02,Debit Card,Delivered
ORD005717,CUST01001,2026-06-07,PRD006,2,,Net Banking,Delivered
ORD005718,CUST00088,2025-08-25,PRD010,3,5456.16,UPI,Delivered
ORD005719,CUST01048,2026-09-02,PRD001,1,2406.83,Debit Card,Cancelled
ORD005720,CUST01055,2025-10-17,PRD012,2,2780.01,Credit Card,Delivered
ORD005721,CUST00991,2025-09-28,PRD011,3,29924.87,Net Banking,Delivered
ORD005722,CUST00808,2026-04-30,PRD007,1,911.94,Debit Card,Cancelled
ORD005723,CUST01058,2026-05-04,PRD004,1,3269.93,COD,Delivered
ORD005724,CUST00255,2026-07-01,PRD010,2,3730.89,Credit Card,Delivered
ORD005725,CUST00445,2025-04-12,PRD005,1,1661.38,Credit Card,Cancelled
ORD005726,CUST00885,2025-10-24,PRD008,1,2902.99,COD,Delivered
ORD005727,CUST00910,2025-07-22,PRD004,1,3424.48,Credit Card,Delivered
ORD005728,CUST00795,2026-03-20,PRD006,2,2422.03,Credit Card,Returned
ORD005729,CUST00143,2025-09-20,PRD001,1,2396.61,Net Banking,Cancelled
ORD005730,CUST00189,2026-03-24,PRD005,1,1704.98,Credit Card,Delivered
ORD005731,CUST01045,2025-08-26,PRD001,2,4828.25,Net Banking,Delivered
ORD005732,CUST00816,2026-08-20,PRD001,2,4996.23,COD,Returned
ORD005733,CUST00845,2026-07-26,PRD010,2,3707.33,Credit Card,Returned
ORD005734,CUST00185,2025-04-02,PRD008,1,2750.17,Credit Card,Cancelled
ORD005735,CUST00755,2025-05-05,PRD007,2,1959.97,UPI,Delivered
ORD005736,CUST00447,2025-10-10,PRD003,1,40362.55,Net Banking,Cancelled
ORD005737,CUST00762,2025-10-29,PRD012,1,1397.96,COD,Returned
ORD005738,CUST00778,2025-08-19,PRD008,1,2702.25,Net Banking,Delivered
ORD005739,CUST00192,2025-08-24,PRD012,1,1375.46,Credit Card,Delivered
ORD005740,CUST00551,2026-01-25,PRD005,2,3334.64,COD,Returned
ORD005741,CUST00148,2026-06-03,PRD003,3,119455.2,Net Banking,Delivered
ORD005742,CUST00420,2025-12-18,PRD011,2,18471.22,Net Banking,Delivered
ORD005743,CUST00809,2026-07-29,PRD003,2,83401.17,Debit Card,Delivered
ORD005744,CUST00457,2026-05-11,PRD010,1,1811.82,Net Banking,Delivered
ORD005745,CUST00690,2026-04-19,PRD007,2,1801.5,COD,Delivered
ORD005746,CUST00412,2025-10-05,PRD007,1,910.9,UPI,Cancelled
ORD005747,CUST00735,2026-01-15,PRD011,1,9055.58,Net Banking,Delivered
ORD005748,CUST00947,2025-12-16,PRD012,3,4072.25,Debit Card,Returned
ORD005749,CUST01027,2025-06-25,PRD002,1,14480.09,Credit Card,Delivered
ORD005750,CUST00976,2026-09-02,PRD012,3,4331.06,Net Banking,Delivered
ORD005751,CUST00852,2025-09-16,PRD006,1,1250.76,Credit Card,Delivered
ORD005752,CUST00551,2026-08-28,PRD006,2,2440.19,COD,Cancelled
ORD005753,CUST00961,2025-11-27,PRD012,1,1393.8,Net Banking,Delivered
ORD005754,CUST01198,2026-06-13,PRD012,1,1496.86,Net Banking,Delivered
ORD005755,CUST00787,2025-04-23,PRD010,2,3728.4,Net Banking,Delivered
ORD005756,CUST00375,2026-03-27,PRD008,1,2737.28,Credit Card,Delivered
ORD005757,CUST00445,2025-04-10,PRD012,1,1368.39,Net Banking,Delivered
ORD005758,CUST01172,2026-03-26,PRD004,2,6592.6,Credit Card,Returned
ORD005759,CUST00132,2025-04-21,PRD004,2,6889.05,Debit Card,Cancelled
ORD005760,CUST00156,2026-06-24,PRD006,2,2518.29,Net Banking,Delivered
ORD005761,CUST00139,2025-07-27,PRD009,1,24062.55,Debit Card,Delivered
ORD005762,CUST00130,2026-07-28,PRD012,2,2822.22,UPI,Delivered
ORD005763,CUST00969,2025-07-11,PRD007,3,2806.57,Net Banking,Delivered
ORD005764,CUST00321,2026-05-08,PRD003,1,40253.65,Credit Card,Delivered
ORD005765,CUST01120,2025-09-28,PRD006,2,2344.91,COD,Delivered
ORD005766,CUST00400,2026-06-11,PRD001,3,6858.14,Credit Card,Delivered
ORD005767,CUST00457,2025-08-07,PRD004,1,3339.15,COD,Delivered
ORD005768,CUST01080,2025-09-07,PRD010,2,3888.53,Credit Card,Delivered
ORD005769,CUST00719,2026-04-07,PRD010,3,5687.81,Credit Card,Delivered
ORD005770,CUST00841,2025-10-20,PRD009,3,73028.48,Debit Card,Delivered
ORD005771,CUST00845,2025-07-18,PRD005,3,4875.56,Credit Card,Delivered
ORD005772,CUST01065,2025-06-05,PRD004,1,3472.16,UPI,Cancelled
ORD005773,CUST01128,2025-05-15,PRD006,3,3712.41,UPI,Delivered
ORD005774,CUST01106,2025-05-11,PRD008,1,2792.22,Debit Card,Delivered
ORD005775,CUST00053,2026-02-07,PRD012,3,4097.27,UPI,Delivered
ORD005776,CUST00656,2025-12-30,PRD009,1,23904.07,Net Banking,Delivered
ORD005777,CUST00862,2026-04-14,PRD008,2,5977.73,Debit Card,Delivered
ORD005778,CUST01024,2026-05-20,PRD007,1,943.71,Net Banking,Delivered
ORD005779,CUST00875,2026-01-08,PRD007,1,977.6,Debit Card,Returned
ORD005780,CUST00796,2026-02-11,PRD006,1,1199.49,COD,Delivered
ORD005781,CUST00907,2025-07-06,PRD005,3,5383.0,Credit Card,Delivered
ORD005782,CUST00983,2026-02-04,PRD010,1,1972.08,COD,Delivered
ORD005783,CUST00349,2026-02-24,PRD009,1,22684.75,UPI,Delivered
ORD005784,CUST00372,2025-07-05,PRD004,2,6682.68,COD,Delivered
ORD005785,CUST00502,2025-07-16,PRD005,1,1792.46,UPI,Delivered
ORD005786,CUST00594,2025-10-25,PRD001,1,2250.08,COD,Delivered
ORD005787,CUST00268,2025-09-11,PRD007,1,985.44,Net Banking,Delivered
ORD005788,CUST00875,2025-07-20,PRD003,2,80454.59,Net Banking,Delivered
ORD005789,CUST00997,2026-07-10,PRD008,1,2821.97,UPI,Delivered
ORD005790,CUST01172,2026-06-25,PRD009,3,71851.63,Net Banking,Delivered
ORD005791,CUST01141,2026-04-15,PRD002,2,28452.17,Credit Card,Cancelled
ORD005792,CUST00797,2026-08-19,PRD007,1,943.18,Net Banking,Delivered
ORD005793,CUST01080,2026-07-29,PRD006,2,2415.99,Net Banking,Delivered
ORD005794,CUST00710,2026-02-14,PRD011,1,9243.82,Net Banking,Delivered
ORD005795,CUST01097,2025-12-18,PRD005,1,1761.7,Net Banking,Delivered
ORD005796,CUST00800,2026-05-04,PRD002,2,28691.55,Credit Card,Delivered
ORD005797,CUST00695,2025-09-13,PRD008,1,2844.06,Credit Card,Delivered
ORD005798,CUST00899,2025-10-17,PRD011,1,9221.34,Debit Card,Delivered
ORD005799,CUST01056,2025-11-25,PRD008,2,5939.5,UPI,Delivered
ORD005800,CUST00167,2025-12-16,PRD009,2,47343.48,Debit Card,Returned
ORD005801,CUST01010,2025-10-26,PRD010,3,5981.05,Credit Card,Delivered
ORD005802,CUST00384,2026-01-13,PRD010,1,1804.79,UPI,Delivered
ORD005803,CUST00663,2026-06-30,PRD010,1,1869.2,UPI,Delivered
ORD005804,CUST00898,2026-07-15,PRD004,2,6553.15,UPI,Delivered
ORD005805,CUST00661,2025-03-26,PRD012,2,2765.39,Debit Card,Delivered
ORD005806,CUST00379,2025-06-28,PRD005,2,3474.84,COD,Delivered
ORD005807,CUST00212,2026-06-06,PRD003,1,39761.02,UPI,Delivered
ORD005808,CUST00833,2026-09-10,PRD006,1,1283.06,Credit Card,Delivered
ORD005809,CUST00755,2025-04-05,PRD010,2,3960.76,Net Banking,Delivered
ORD005810,CUST01110,2025-05-17,PRD001,2,4903.31,Net Banking,Delivered
ORD005811,CUST00381,2026-05-15,PRD012,3,4228.68,UPI,Delivered
ORD005812,CUST01076,2025-05-20,PRD008,2,5775.6,COD,Delivered
ORD005813,CUST01033,2025-05-29,PRD011,2,19401.18,COD,Delivered
ORD005814,CUST00390,2026-02-06,PRD008,2,5750.88,COD,Delivered
ORD005815,CUST00934,2026-08-02,PRD004,2,6658.93,Credit Card,Delivered
ORD005816,CUST00896,2025-07-30,PRD007,2,1898.0,Net Banking,Delivered
ORD005817,CUST01022,2025-10-10,PRD009,1,24939.21,UPI,Delivered
ORD005818,CUST00599,2025-12-01,PRD005,1,1698.92,Credit Card,Delivered
ORD005819,CUST00819,2026-04-04,PRD003,2,83670.32,UPI,Returned
ORD005820,CUST00168,2025-08-10,PRD001,2,4853.39,Credit Card,Delivered
ORD005821,CUST00829,2025-08-21,PRD006,1,1189.67,Debit Card,Delivered
ORD005822,CUST00791,2026-08-31,PRD004,1,3255.57,UPI,Delivered
ORD005823,CUST00720,2025-05-24,PRD007,2,1889.87,Debit Card,Delivered
ORD005824,CUST00417,2026-04-16,PRD010,2,3980.91,COD,Returned
ORD005825,CUST00338,2025-10-31,PRD005,3,4906.18,Net Banking,Delivered
ORD005826,CUST01133,2025-03-22,PRD008,3,8552.57,Net Banking,Delivered
ORD005827,CUST00623,2026-02-19,PRD001,2,4655.85,Credit Card,Delivered
ORD005828,CUST01128,2025-07-14,PRD001,1,2347.03,Net Banking,Delivered
ORD005829,CUST00978,2025-10-05,PRD003,2,84883.7,Debit Card,Delivered
ORD005830,CUST00069,2026-05-22,PRD008,3,8118.92,UPI,Delivered
ORD005831,CUST00389,2025-06-01,PRD001,2,4722.33,UPI,Delivered
ORD005832,CUST00264,2025-04-21,PRD009,1,23867.82,Net Banking,Delivered
ORD005833,CUST00922,2025-09-05,PRD001,1,2485.09,Debit Card,Delivered
ORD005834,CUST00460,2025-04-28,PRD008,2,5732.14,Credit Card,Returned
ORD005835,CUST00229,2025-05-26,PRD005,3,5024.7,Credit Card,Delivered
ORD005836,CUST00969,2025-12-30,PRD002,2,29610.41,COD,Delivered
ORD005837,CUST00394,2026-05-11,PRD010,1,1904.88,Net Banking,Returned
ORD005838,CUST00442,2025-08-22,PRD001,2,4839.8,Net Banking,Delivered
ORD005839,CUST00419,2026-01-06,PRD007,2,1882.79,Credit Card,Delivered
ORD005840,CUST00408,2025-07-20,PRD009,2,48331.61,UPI,Delivered
ORD005841,CUST00818,2025-10-21,PRD008,2,5958.43,Net Banking,Delivered
ORD005842,CUST00729,2025-12-03,PRD008,1,2925.05,Debit Card,Cancelled
ORD005843,CUST00596,2026-06-16,PRD002,1,14616.6,COD,Delivered
ORD005844,CUST00986,2026-01-31,PRD011,1,9011.04,UPI,Delivered
ORD005845,CUST00367,2026-05-03,PRD006,3,3799.09,Net Banking,Returned
ORD005846,CUST01029,2025-10-26,PRD009,1,23850.49,Debit Card,Delivered
ORD005847,CUST00667,2025-06-21,PRD009,2,,Net Banking,Delivered
ORD005848,CUST00598,2026-04-15,PRD006,2,2350.27,UPI,Delivered
ORD005849,CUST00314,2026-08-11,PRD005,1,1670.6,Debit Card,Delivered
ORD005850,CUST00122,2026-02-11,PRD008,3,8783.52,Net Banking,Delivered
ORD005851,CUST00502,2025-12-19,PRD002,2,28567.09,UPI,Delivered
ORD005852,CUST00877,2025-04-29,PRD011,1,9634.25,COD,Delivered
ORD005853,CUST00895,2025-11-19,PRD002,1,13524.07,Debit Card,Delivered
ORD005854,CUST00903,2025-09-18,PRD011,3,27123.56,Debit Card,Delivered
ORD005855,CUST00688,2025-11-01,PRD009,1,24100.84,Net Banking,Delivered
ORD005856,CUST00283,2025-05-09,PRD003,3,121336.35,Net Banking,Delivered
ORD005857,CUST00077,2026-08-07,PRD011,2,19577.31,Net Banking,Delivered
ORD005858,CUST00496,2026-03-31,PRD006,2,2530.22,Net Banking,Delivered
ORD005859,CUST00084,2026-06-26,PRD011,1,9392.8,Net Banking,Cancelled
ORD005860,CUST00446,2025-08-26,PRD007,1,986.1,Debit Card,Delivered
ORD005861,CUST00744,2025-12-26,PRD006,2,2363.47,UPI,Delivered
ORD005862,CUST01074,2025-10-26,PRD012,1,1358.79,Debit Card,Delivered
ORD005863,CUST00377,2026-04-28,PRD005,1,1775.97,Net Banking,Delivered
ORD005864,CUST00834,2026-06-11,PRD007,3,2879.36,UPI,Delivered
ORD005865,CUST00072,2026-02-24,PRD005,1,1782.3,Net Banking,Delivered
ORD005866,CUST00038,2026-05-15,PRD005,3,5344.22,Net Banking,Delivered
ORD005867,CUST01114,2025-09-19,PRD012,2,2747.88,Debit Card,Delivered
ORD005868,CUST00214,2025-12-11,PRD005,1,1686.83,COD,Delivered
ORD005869,CUST00105,2025-10-20,PRD010,2,3777.24,UPI,Delivered
ORD005870,CUST01020,2025-11-11,PRD001,2,4556.03,COD,Delivered
ORD005871,CUST00833,2026-05-21,PRD009,2,49464.61,Credit Card,Delivered
ORD005872,CUST01118,2025-04-15,PRD005,2,3482.64,Net Banking,Delivered
ORD005873,CUST00197,2026-03-30,PRD006,1,1201.88,Debit Card,Delivered
ORD005874,CUST00838,2025-05-22,PRD007,1,,Credit Card,Delivered
ORD005875,CUST00716,2025-05-29,PRD004,2,6607.07,Net Banking,Delivered
ORD005876,CUST01026,2026-05-16,PRD008,2,5918.18,Net Banking,Delivered
ORD005877,CUST00727,2025-03-30,PRD008,3,8944.65,COD,Delivered
ORD005878,CUST00574,2025-04-12,PRD006,1,1251.05,Net Banking,Delivered
ORD005879,CUST00925,2025-07-03,PRD002,2,28954.16,UPI,Delivered
ORD005880,CUST00690,2026-09-06,PRD008,1,2710.14,Debit Card,Delivered
ORD005881,CUST00354,2025-12-26,PRD007,1,989.83,Debit Card,Delivered
ORD005882,CUST00918,2025-07-08,PRD002,2,29542.52,Debit Card,Delivered
ORD005883,CUST00215,2025-10-17,PRD006,1,1205.98,Debit Card,Delivered
ORD005884,CUST01025,2026-07-11,PRD012,3,4453.35,COD,Delivered
ORD005885,CUST00430,2025-05-07,PRD005,3,4995.98,Net Banking,Delivered
ORD005886,CUST00235,2026-07-04,PRD004,3,10032.72,Debit Card,Returned
ORD005887,CUST00293,2025-04-04,PRD009,2,45673.36,Net Banking,Returned
ORD005888,CUST00388,2025-06-12,PRD009,1,23984.61,Debit Card,Delivered
ORD005889,CUST00338,2025-11-22,PRD005,1,1739.65,UPI,Returned
ORD005890,CUST00996,2025-09-10,PRD005,3,,Debit Card,Delivered
ORD005891,CUST00554,2026-04-27,PRD001,1,2280.08,Debit Card,Delivered
ORD005892,CUST00392,2025-05-13,PRD005,1,1680.53,UPI,Delivered
ORD005893,CUST01141,2025-06-23,PRD004,1,3299.64,Credit Card,Returned
ORD005894,CUST00181,2025-07-17,PRD004,2,6384.19,Debit Card,Delivered
ORD005895,CUST00706,2026-07-18,PRD002,1,14026.42,Credit Card,Delivered
ORD005896,CUST00742,2025-09-29,PRD003,2,80561.13,Net Banking,Delivered
ORD005897,CUST01031,2026-06-05,PRD011,1,9272.94,Net Banking,Delivered
ORD005898,CUST00353,2025-12-20,PRD012,1,1419.67,Credit Card,Delivered
ORD005899,CUST00802,2025-06-28,PRD004,1,3391.32,Credit Card,Delivered
ORD005900,CUST00434,2026-01-23,PRD008,2,5838.04,Credit Card,Delivered
ORD005901,CUST00311,2025-12-08,PRD007,2,1847.64,Credit Card,Delivered
ORD005902,CUST00839,2026-06-21,PRD003,2,83598.66,COD,Delivered
ORD005903,CUST00597,2025-11-05,PRD007,2,1899.42,Net Banking,Delivered
ORD005904,CUST00254,2026-01-18,PRD010,3,5854.46,Net Banking,Returned
ORD005905,CUST00915,2026-07-21,PRD011,3,27879.88,Credit Card,Delivered
ORD005906,CUST01178,2026-02-19,PRD005,1,1653.98,UPI,Delivered
ORD005907,CUST00413,2026-09-03,PRD007,2,1974.99,Credit Card,Delivered
ORD005908,CUST00826,2026-06-12,PRD007,2,1961.03,UPI,Delivered
ORD005909,CUST00677,2025-08-24,PRD004,2,6926.32,Net Banking,Delivered
ORD005910,CUST00429,2026-08-23,PRD003,1,40405.44,Credit Card,Delivered
ORD005911,CUST00220,2025-05-22,PRD008,2,5603.06,Debit Card,Delivered
ORD005912,CUST00085,2025-09-01,PRD004,2,6453.28,Credit Card,Delivered
ORD005913,CUST00209,2026-01-14,PRD011,1,9663.78,UPI,Cancelled
ORD005914,CUST01049,2026-05-23,PRD001,1,2318.96,UPI,Delivered
ORD005915,CUST00323,2026-09-03,PRD004,2,6339.01,UPI,Delivered
ORD005916,CUST00631,2026-05-16,PRD004,2,6783.25,Net Banking,Delivered
ORD005917,CUST00749,2025-09-22,PRD004,1,3245.68,Credit Card,Delivered
ORD005918,CUST01154,2025-07-27,PRD008,2,5613.82,Credit Card,Delivered
ORD005919,CUST00533,2026-06-29,PRD002,1,13625.78,COD,Delivered
ORD005920,CUST00874,2026-07-26,PRD001,2,4589.84,COD,Delivered
ORD005921,CUST00724,2026-04-22,PRD001,1,2486.65,COD,Delivered
ORD005922,CUST00358,2025-12-31,PRD003,1,40825.22,Net Banking,Returned
ORD005923,CUST00270,2025-10-27,PRD003,1,42060.85,Credit Card,Delivered
ORD005924,CUST00873,2025-07-13,PRD011,1,9775.37,Debit Card,Delivered
ORD005925,CUST00089,2026-03-04,PRD007,1,951.98,UPI,Delivered
ORD005926,CUST00159,2026-02-15,PRD006,2,2569.42,COD,Returned
ORD005927,CUST00037,2025-05-27,PRD007,1,987.44,UPI,Cancelled
ORD005928,CUST00077,2025-05-15,PRD010,2,3739.66,COD,Delivered
ORD005929,CUST01088,2025-10-07,PRD007,2,1808.11,Net Banking,Delivered
ORD005930,CUST00440,2026-03-29,PRD007,2,1876.39,Credit Card,Delivered
ORD005931,CUST00233,2025-03-30,PRD005,1,1659.76,Credit Card,Delivered
ORD005932,CUST00111,2026-06-08,PRD009,3,68117.95,Debit Card,Delivered
ORD005933,CUST00405,2025-12-19,PRD010,1,1801.1,Credit Card,Delivered
ORD005934,CUST00054,2026-09-08,PRD001,1,2433.76,COD,Returned
ORD005935,CUST00363,2026-01-28,PRD007,1,962.29,Debit Card,Delivered
ORD005936,CUST01009,2025-04-25,PRD005,2,3559.43,COD,Returned
ORD005937,CUST01072,2025-08-24,PRD012,2,2882.89,UPI,Returned
ORD005938,CUST00474,2026-01-25,PRD003,2,78406.13,Debit Card,Delivered
ORD005939,CUST00357,2026-08-07,PRD003,2,79180.19,Credit Card,Cancelled
ORD005940,CUST01178,2026-04-10,PRD008,3,8964.67,Debit Card,Delivered
ORD005941,CUST00525,2025-11-20,PRD001,1,2416.72,Credit Card,Delivered
ORD005942,CUST01128,2025-08-05,PRD011,1,9882.35,Debit Card,Delivered
ORD005943,CUST00481,2026-05-30,PRD011,1,9400.88,Debit Card,Delivered
ORD005944,CUST00740,2025-10-24,PRD010,1,1809.52,COD,Delivered
ORD005945,CUST01176,2026-02-06,PRD003,3,125817.5,Credit Card,Delivered
ORD005946,CUST00819,2026-01-24,PRD007,2,1846.59,Debit Card,Returned
ORD005947,CUST00737,2026-08-11,PRD011,3,27048.5,Debit Card,Delivered
ORD005948,CUST01115,2025-11-03,PRD004,2,6325.28,COD,Delivered
ORD005949,CUST00952,2026-02-21,PRD001,2,4863.93,UPI,Delivered
ORD005950,CUST00909,2026-05-31,PRD003,1,39033.65,Credit Card,Delivered
ORD005951,CUST00743,2026-07-03,PRD010,3,5566.87,Credit Card,Delivered
ORD005952,CUST00485,2026-03-10,PRD002,1,14370.07,Debit Card,Delivered
ORD005953,CUST00038,2026-06-12,PRD002,1,14107.62,UPI,Delivered
ORD005954,CUST00410,2026-03-02,PRD004,1,3446.24,COD,Delivered
ORD005955,CUST00341,2026-05-05,PRD003,2,82274.69,UPI,Delivered
ORD005956,CUST00795,2026-04-27,PRD012,1,1407.01,Credit Card,Delivered
ORD005957,CUST00474,2026-03-20,PRD002,2,27155.64,Net Banking,Delivered
ORD005958,CUST00320,2026-05-05,PRD004,1,3315.43,COD,Delivered
ORD005959,CUST00248,2026-06-25,PRD010,2,3784.15,Debit Card,Delivered
ORD005960,CUST00095,2025-05-08,PRD006,1,1251.83,Debit Card,Delivered
ORD005961,CUST00060,2025-12-27,PRD009,1,24273.41,UPI,Delivered
ORD005962,CUST00682,2025-06-07,PRD007,2,1844.7,Debit Card,Cancelled
ORD005963,CUST00323,2026-05-18,PRD007,1,935.97,COD,Delivered
ORD005964,CUST00886,2026-01-27,PRD004,1,3187.39,UPI,Delivered
ORD005965,CUST00308,2026-02-27,PRD012,1,1494.9,COD,Returned
ORD005966,CUST00981,2026-01-22,PRD002,1,13988.87,COD,Delivered
ORD005967,CUST00045,2025-06-08,PRD003,1,42856.51,Debit Card,Delivered
ORD005968,CUST00913,2026-01-20,PRD008,2,5796.64,Net Banking,Delivered
ORD005969,CUST00090,2025-08-26,PRD006,2,2425.79,Credit Card,Delivered
ORD005970,CUST00264,2026-05-12,PRD012,2,2885.29,Net Banking,Returned
ORD005971,CUST01011,2026-07-13,PRD012,3,4120.7,UPI,Cancelled
ORD005972,CUST00647,2026-01-22,PRD009,2,47611.29,Net Banking,Delivered
ORD005973,CUST00293,2026-05-22,PRD012,1,1458.33,Credit Card,Delivered
ORD005974,CUST00203,2026-06-26,PRD008,1,2986.13,UPI,Delivered
ORD005975,CUST00137,2026-08-17,PRD005,1,1639.97,Debit Card,Cancelled
ORD005976,CUST01026,2026-07-14,PRD005,1,1792.91,COD,Returned
ORD005977,CUST00445,2025-05-18,PRD002,3,42493.68,COD,Delivered
ORD005978,CUST00541,2026-06-17,PRD002,2,26999.84,COD,Returned
ORD005979,CUST00824,2026-05-30,PRD010,1,1987.79,UPI,Delivered
ORD005980,CUST01112,2025-07-19,PRD006,2,2339.48,Debit Card,Cancelled
ORD005981,CUST00016,2026-05-16,PRD002,3,40905.7,COD,Delivered
ORD005982,CUST00826,2026-05-14,PRD002,2,27310.98,UPI,Delivered
ORD005983,CUST00233,2025-11-08,PRD002,3,41456.71,Credit Card,Delivered
ORD005984,CUST00186,2026-01-19,PRD011,2,19298.02,COD,Delivered
ORD005985,CUST00333,2026-08-21,PRD001,1,2366.59,COD,Delivered
ORD005986,CUST00733,2025-04-19,PRD007,1,905.46,UPI,Delivered
ORD005987,CUST00650,2026-02-19,PRD005,1,1749.13,COD,Cancelled
ORD005988,CUST01133,2025-04-02,PRD003,1,40509.98,Debit Card,Delivered
ORD005989,CUST00422,2026-01-16,PRD005,3,5375.62,UPI,Delivered
ORD005990,CUST00251,2025-06-12,PRD005,2,3343.13,COD,Delivered
ORD005991,CUST00894,2026-03-01,PRD003,1,40970.18,Credit Card,Delivered
ORD005992,CUST00469,2025-11-22,PRD001,3,7491.59,Debit Card,Delivered
ORD005993,CUST00259,2025-11-01,PRD012,1,1412.47,Net Banking,Cancelled
ORD005994,CUST00536,2026-07-15,PRD007,1,979.69,Net Banking,Delivered
ORD005995,CUST00713,2026-03-02,PRD002,3,43257.33,Credit Card,Cancelled
ORD005996,CUST00572,2025-06-22,PRD012,2,2742.23,COD,Delivered
ORD005997,CUST00588,2025-07-15,PRD007,1,975.15,Credit Card,Delivered
ORD005998,CUST00202,2026-01-18,PRD007,1,930.52,COD,Delivered
ORD005999,CUST00070,2026-09-09,PRD006,3,3547.6,Credit Card,Returned
ORD006000,CUST00975,2025-07-22,PRD011,1,9640.9,Debit Card,Delivered
ORD005654,CUST00390,2026-05-18,PRD007,1,980.84,Debit Card,Delivered
ORD005450,CUST01132,2026-02-14,PRD010,1,1973.93,UPI,Cancelled
ORD000019,CUST00714,2025-10-01,PRD007,2,1969.45,UPI,Delivered
ORD004231,CUST01002,2025-08-04,PRD004,2,6886.86,Credit Card,Returned
ORD001689,CUST00337,2026-06-07,PRD011,2,19458.95,Credit Card,Delivered
ORD002122,CUST00085,2025-07-30,PRD006,2,2549.89,Net Banking,Delivered
ORD001277,CUST00581,2025-11-18,PRD005,1,1621.58,Net Banking,Delivered
ORD001068,CUST00208,2025-09-29,PRD003,1,42907.83,Net Banking,Delivered
ORD004011,CUST00244,2026-01-04,PRD005,2,3332.64,UPI,Delivered
ORD003277,CUST01035,2026-06-05,PRD002,1,13864.46,Net Banking,Delivered
ORD001073,CUST00973,2026-05-16,PRD007,2,1979.34,Credit Card,Delivered
ORD001540,CUST01020,2025-08-30,PRD012,1,1455.22,Debit Card,Delivered
ORD003744,CUST00977,2025-08-22,PRD002,1,14391.73,Credit Card,Delivered
ORD000226,CUST00190,2025-07-04,PRD007,1,928.76,Credit Card,Delivered
ORD000524,CUST00295,2026-06-05,PRD011,1,9168.34,COD,Delivered
